nome,local,pasta,tamanho,extensao
Introdução a Tecnologia da Informação e Comunicação_BACKUP_ORIGINAL.pptx,sistema/INTRODUCAO_TIC-PRESIDENTE-GETULIO/Introdução a TIC-VICTOR-ANATO/Introdução a Tecnologia da Informação e Comunicação_BACKUP_ORIGINAL.pptx,sistema/INTRODUCAO_TIC-PRESIDENTE-GETULIO/Introdução a TIC-VICTOR-ANATO,104147277,.pptx
Introdução a Tecnologia da Informação e Comunicação.pptx,sistema/INTRODUCAO_TIC-PRESIDENTE-GETULIO/Introdução a TIC-VICTOR-ANATO/Introdução a Tecnologia da Informação e Comunicação.pptx,sistema/INTRODUCAO_TIC-PRESIDENTE-GETULIO/Introdução a TIC-VICTOR-ANATO,102956084,.pptx
Excel.pptx,sistema/INTRODUCAO_TIC-PRESIDENTE-GETULIO/Introdução a TIC-VICTOR-ANATO/Excel.pptx,sistema/INTRODUCAO_TIC-PRESIDENTE-GETULIO/Introdução a TIC-VICTOR-ANATO,31399012,.pptx
MODELO_LAYOUT_APRESENTACAO.pptx,sistema/FICHA-PRODUTO-MAIS-TECH/MODELO_LAYOUT_APRESENTACAO.pptx,sistema/FICHA-PRODUTO-MAIS-TECH,26422546,.pptx
modelo-slide-senai-2026.pptx,sistema/GERADOR-AULAS/modelo-slide-senai-2026.pptx,sistema/GERADOR-AULAS,19250539,.pptx
modelo-slide-senai-2026.pptx,sistema/GESTAO_E_CONTROLE_MATERIAIS/ANALISE_DADOS_APLICADA_GESTAO/AULAS/modelo-slide-senai-2026.pptx,sistema/GESTAO_E_CONTROLE_MATERIAIS/ANALISE_DADOS_APLICADA_GESTAO/AULAS,19250539,.pptx
modelo-slide-senai-2026.pptx,sistema/TECNICO-INFORMATICA-INTERNET/TESTES DE FRONTEND/AULAS/modelo-slide-senai-2026.pptx,sistema/TECNICO-INFORMATICA-INTERNET/TESTES DE FRONTEND/AULAS,19250539,.pptx
Primeiro dia de aula_apresentacao.pptx,sistema/INTRODUCAO_TIC-PRESIDENTE-GETULIO/AULAS/AULA-01-03-08-2026/Primeiro dia de aula_apresentacao.pptx,sistema/INTRODUCAO_TIC-PRESIDENTE-GETULIO/AULAS/AULA-01-03-08-2026,9649834,.pptx
graph.json,graphify-out/graph.json,graphify-out,6871180,.json
graph.json,graphify-out/2026-09-04/graph.json,graphify-out/2026-09-04,6314773,.json
APOSTILA-CEPLAS-VESPERTINO-2026-02.pdf,sistema/FICHA-PRODUTO-MAIS-TECH/INTRODUCAO_COMUNICACAO_ORAL_ESCRITA/CEPLAS-VESPERTINO-2026-02/APOSTILA-CEPLAS-VESPERTINO-2026-02.pdf,sistema/FICHA-PRODUTO-MAIS-TECH/INTRODUCAO_COMUNICACAO_ORAL_ESCRITA/CEPLAS-VESPERTINO-2026-02,4560579,.pdf
Apostila Banco Dados.pdf,sistema/BANCO_DE_DADOS/Apostila Banco Dados.pdf,sistema/BANCO_DE_DADOS,3941632,.pdf
PEI - Caio Matheus Junglos Cabral.docx,sistema/INTRODUCAO_TIC-PRESIDENTE-GETULIO/ACOMPANHAMENTOS_PEDAGOGICOS/PEI - Caio Matheus Junglos Cabral.docx,sistema/INTRODUCAO_TIC-PRESIDENTE-GETULIO/ACOMPANHAMENTOS_PEDAGOGICOS,3230261,.docx
PEI - Jhiogo Hennyck Pereira Custodio.docx,sistema/INTRODUCAO_TIC-PRESIDENTE-GETULIO/ACOMPANHAMENTOS_PEDAGOGICOS/PEI - Jhiogo Hennyck Pereira Custodio.docx,sistema/INTRODUCAO_TIC-PRESIDENTE-GETULIO/ACOMPANHAMENTOS_PEDAGOGICOS,3138172,.docx
PROMPT - Rubricas Capacidades Socioemocionais.docx,sistema/INTRODUCAO_TIC-PRESIDENTE-GETULIO/AVALIACOES/PROMPT - Rubricas Capacidades Socioemocionais.docx,sistema/INTRODUCAO_TIC-PRESIDENTE-GETULIO/AVALIACOES,2868035,.docx
PROMPT - Rubricas Capacidades Socioemocionais.docx,sistema/PROFESSOR/TEMPLATES-PROVA-PRATICA-OBJETIVA/PROMPT - Rubricas Capacidades Socioemocionais.docx,sistema/PROFESSOR/TEMPLATES-PROVA-PRATICA-OBJETIVA,2868035,.docx
AULA-04-SLIDES.pptx,sistema/GESTAO_E_CONTROLE_MATERIAIS/ANALISE_DADOS_APLICADA_GESTAO/AULAS/AULA-04-SLIDES.pptx,sistema/GESTAO_E_CONTROLE_MATERIAIS/ANALISE_DADOS_APLICADA_GESTAO/AULAS,2816149,.pptx
AULA-03-SLIDES.pptx,sistema/GESTAO_E_CONTROLE_MATERIAIS/ANALISE_DADOS_APLICADA_GESTAO/AULAS/AULA-03-SLIDES.pptx,sistema/GESTAO_E_CONTROLE_MATERIAIS/ANALISE_DADOS_APLICADA_GESTAO/AULAS,2816144,.pptx
AULA-08-SLIDES.pptx,sistema/GESTAO_E_CONTROLE_MATERIAIS/ANALISE_DADOS_APLICADA_GESTAO/AULAS/AULA-08-SLIDES.pptx,sistema/GESTAO_E_CONTROLE_MATERIAIS/ANALISE_DADOS_APLICADA_GESTAO/AULAS,2816133,.pptx
AULA-05-SLIDES.pptx,sistema/GESTAO_E_CONTROLE_MATERIAIS/ANALISE_DADOS_APLICADA_GESTAO/AULAS/AULA-05-SLIDES.pptx,sistema/GESTAO_E_CONTROLE_MATERIAIS/ANALISE_DADOS_APLICADA_GESTAO/AULAS,2816116,.pptx
AULA-09-SLIDES.pptx,sistema/GESTAO_E_CONTROLE_MATERIAIS/ANALISE_DADOS_APLICADA_GESTAO/AULAS/AULA-09-SLIDES.pptx,sistema/GESTAO_E_CONTROLE_MATERIAIS/ANALISE_DADOS_APLICADA_GESTAO/AULAS,2816114,.pptx
AULA-11-SLIDES.pptx,sistema/GESTAO_E_CONTROLE_MATERIAIS/ANALISE_DADOS_APLICADA_GESTAO/AULAS/AULA-11-SLIDES.pptx,sistema/GESTAO_E_CONTROLE_MATERIAIS/ANALISE_DADOS_APLICADA_GESTAO/AULAS,2816104,.pptx
AULA-06-SLIDES.pptx,sistema/GESTAO_E_CONTROLE_MATERIAIS/ANALISE_DADOS_APLICADA_GESTAO/AULAS/AULA-06-SLIDES.pptx,sistema/GESTAO_E_CONTROLE_MATERIAIS/ANALISE_DADOS_APLICADA_GESTAO/AULAS,2816103,.pptx
AULA-13-SLIDES.pptx,sistema/GESTAO_E_CONTROLE_MATERIAIS/ANALISE_DADOS_APLICADA_GESTAO/AULAS/AULA-13-SLIDES.pptx,sistema/GESTAO_E_CONTROLE_MATERIAIS/ANALISE_DADOS_APLICADA_GESTAO/AULAS,2816098,.pptx
AULA-07-SLIDES.pptx,sistema/GESTAO_E_CONTROLE_MATERIAIS/ANALISE_DADOS_APLICADA_GESTAO/AULAS/AULA-07-SLIDES.pptx,sistema/GESTAO_E_CONTROLE_MATERIAIS/ANALISE_DADOS_APLICADA_GESTAO/AULAS,2816097,.pptx
AULA-15-SLIDES.pptx,sistema/GESTAO_E_CONTROLE_MATERIAIS/ANALISE_DADOS_APLICADA_GESTAO/AULAS/AULA-15-SLIDES.pptx,sistema/GESTAO_E_CONTROLE_MATERIAIS/ANALISE_DADOS_APLICADA_GESTAO/AULAS,2816096,.pptx
AULA-10-SLIDES.pptx,sistema/GESTAO_E_CONTROLE_MATERIAIS/ANALISE_DADOS_APLICADA_GESTAO/AULAS/AULA-10-SLIDES.pptx,sistema/GESTAO_E_CONTROLE_MATERIAIS/ANALISE_DADOS_APLICADA_GESTAO/AULAS,2816094,.pptx
AULA-14-SLIDES.pptx,sistema/GESTAO_E_CONTROLE_MATERIAIS/ANALISE_DADOS_APLICADA_GESTAO/AULAS/AULA-14-SLIDES.pptx,sistema/GESTAO_E_CONTROLE_MATERIAIS/ANALISE_DADOS_APLICADA_GESTAO/AULAS,2816082,.pptx
AULA-16-SLIDES.pptx,sistema/GESTAO_E_CONTROLE_MATERIAIS/ANALISE_DADOS_APLICADA_GESTAO/AULAS/AULA-16-SLIDES.pptx,sistema/GESTAO_E_CONTROLE_MATERIAIS/ANALISE_DADOS_APLICADA_GESTAO/AULAS,2816077,.pptx
AULA-12-SLIDES.pptx,sistema/GESTAO_E_CONTROLE_MATERIAIS/ANALISE_DADOS_APLICADA_GESTAO/AULAS/AULA-12-SLIDES.pptx,sistema/GESTAO_E_CONTROLE_MATERIAIS/ANALISE_DADOS_APLICADA_GESTAO/AULAS,2816072,.pptx
AULA-02-SLIDES.pptx,sistema/GESTAO_E_CONTROLE_MATERIAIS/ANALISE_DADOS_APLICADA_GESTAO/AULAS/AULA-02-SLIDES.pptx,sistema/GESTAO_E_CONTROLE_MATERIAIS/ANALISE_DADOS_APLICADA_GESTAO/AULAS,2815963,.pptx
AULA-01-SLIDES.pptx,sistema/GESTAO_E_CONTROLE_MATERIAIS/ANALISE_DADOS_APLICADA_GESTAO/AULAS/AULA-01-SLIDES.pptx,sistema/GESTAO_E_CONTROLE_MATERIAIS/ANALISE_DADOS_APLICADA_GESTAO/AULAS,2815961,.pptx
TESTE_SLIDE.pptx,sistema/TECNICO-INFORMATICA-INTERNET/TESTES DE FRONTEND/AULAS/TESTE_SLIDE.pptx,sistema/TECNICO-INFORMATICA-INTERNET/TESTES DE FRONTEND/AULAS,2815086,.pptx
tecnologias-digitais-e-seus-usos.pdf,sistema/FICHA-PRODUTO-MAIS-TECH/FUNDAMENTOS_DA_TECNOLOGIA_E_PROGRAMACAO/PESQUISAS/tecnologias-digitais-e-seus-usos.pdf,sistema/FICHA-PRODUTO-MAIS-TECH/FUNDAMENTOS_DA_TECNOLOGIA_E_PROGRAMACAO/PESQUISAS,2779420,.pdf
Competências digitais para o ensino fundamental.pdf,sistema/FICHA-PRODUTO-MAIS-TECH/FUNDAMENTOS_DA_TECNOLOGIA_E_PROGRAMACAO/PESQUISAS/Competências digitais para o ensino fundamental.pdf,sistema/FICHA-PRODUTO-MAIS-TECH/FUNDAMENTOS_DA_TECNOLOGIA_E_PROGRAMACAO/PESQUISAS,2609375,.pdf
SLIDE_INTERNET_WWW.pdf,sistema/INTRODUCAO_TIC-PRESIDENTE-GETULIO/AULAS/AULA-03-05-08-2026/SLIDE_INTERNET_WWW.pdf,sistema/INTRODUCAO_TIC-PRESIDENTE-GETULIO/AULAS/AULA-03-05-08-2026,2249309,.pdf
infografico-exemplo.png,sistema/FICHA-PRODUTO-MAIS-TECH/FUNDAMENTOS_DA_TECNOLOGIA_E_PROGRAMACAO/PLANO-3-AULAS/infografico-exemplo.png,sistema/FICHA-PRODUTO-MAIS-TECH/FUNDAMENTOS_DA_TECNOLOGIA_E_PROGRAMACAO/PLANO-3-AULAS,2149622,.png
infografico-de-exemplo.png,sistema/GERADOR-INFOGRAFICOS/infografico-de-exemplo.png,sistema/GERADOR-INFOGRAFICOS,2149622,.png
HISTORIA_COMPUTACAO_AULA_01.pdf,sistema/INTRODUCAO_TIC-PRESIDENTE-GETULIO/AULAS/AULA-01-03-08-2026/HISTORIA_COMPUTACAO_AULA_01.pdf,sistema/INTRODUCAO_TIC-PRESIDENTE-GETULIO/AULAS/AULA-01-03-08-2026,2082133,.pdf
INFOGRAFICO-APRESENTACAO-PUBLICO.png,sistema/FICHA-PRODUTO-MAIS-TECH/FUNDAMENTOS_DA_TECNOLOGIA_E_PROGRAMACAO/PLANO-3-AULAS/INFOGRAFICO-APRESENTACAO-PUBLICO.png,sistema/FICHA-PRODUTO-MAIS-TECH/FUNDAMENTOS_DA_TECNOLOGIA_E_PROGRAMACAO/PLANO-3-AULAS,2035886,.png
INFOGRAFICO-GOOGLE-SLIDE-x-POWERPOINT.png,sistema/FICHA-PRODUTO-MAIS-TECH/FUNDAMENTOS_DA_TECNOLOGIA_E_PROGRAMACAO/PLANO-3-AULAS/INFOGRAFICO-GOOGLE-SLIDE-x-POWERPOINT.png,sistema/FICHA-PRODUTO-MAIS-TECH/FUNDAMENTOS_DA_TECNOLOGIA_E_PROGRAMACAO/PLANO-3-AULAS,2011759,.png
MICROSOFT-OUTLOOK-VERSAO-CODEX.png,sistema/FICHA-PRODUTO-MAIS-TECH/FUNDAMENTOS_DA_TECNOLOGIA_E_PROGRAMACAO/PLANO-3-AULAS/VERSAO-CODEX/03-MICROSOFT-OFFICE/MICROSOFT-OUTLOOK-VERSAO-CODEX.png,sistema/FICHA-PRODUTO-MAIS-TECH/FUNDAMENTOS_DA_TECNOLOGIA_E_PROGRAMACAO/PLANO-3-AULAS/VERSAO-CODEX/03-MICROSOFT-OFFICE,1957651,.png
GOOGLE-SHEETS-VERSAO-CODEX.png,sistema/FICHA-PRODUTO-MAIS-TECH/FUNDAMENTOS_DA_TECNOLOGIA_E_PROGRAMACAO/PLANO-3-AULAS/VERSAO-CODEX/02-GOOGLE-WORKSPACE/GOOGLE-SHEETS-VERSAO-CODEX.png,sistema/FICHA-PRODUTO-MAIS-TECH/FUNDAMENTOS_DA_TECNOLOGIA_E_PROGRAMACAO/PLANO-3-AULAS/VERSAO-CODEX/02-GOOGLE-WORKSPACE,1946635,.png
INFOGRAFICO-GOOGLE-Sheets-x-Excel.png,sistema/FICHA-PRODUTO-MAIS-TECH/FUNDAMENTOS_DA_TECNOLOGIA_E_PROGRAMACAO/PLANO-3-AULAS/INFOGRAFICO-GOOGLE-Sheets-x-Excel.png,sistema/FICHA-PRODUTO-MAIS-TECH/FUNDAMENTOS_DA_TECNOLOGIA_E_PROGRAMACAO/PLANO-3-AULAS,1937355,.png
MICROSOFT-WORD-VERSAO-CODEX.png,sistema/FICHA-PRODUTO-MAIS-TECH/FUNDAMENTOS_DA_TECNOLOGIA_E_PROGRAMACAO/PLANO-3-AULAS/VERSAO-CODEX/03-MICROSOFT-OFFICE/MICROSOFT-WORD-VERSAO-CODEX.png,sistema/FICHA-PRODUTO-MAIS-TECH/FUNDAMENTOS_DA_TECNOLOGIA_E_PROGRAMACAO/PLANO-3-AULAS/VERSAO-CODEX/03-MICROSOFT-OFFICE,1932293,.png
MICROSOFT-ONEDRIVE-VERSAO-CODEX.png,sistema/FICHA-PRODUTO-MAIS-TECH/FUNDAMENTOS_DA_TECNOLOGIA_E_PROGRAMACAO/PLANO-3-AULAS/VERSAO-CODEX/04-MICROSOFT-ECOSYSTEM/MICROSOFT-ONEDRIVE-VERSAO-CODEX.png,sistema/FICHA-PRODUTO-MAIS-TECH/FUNDAMENTOS_DA_TECNOLOGIA_E_PROGRAMACAO/PLANO-3-AULAS/VERSAO-CODEX/04-MICROSOFT-ECOSYSTEM,1919203,.png
INFOGRAFICO-WORD-VERSAO-02.png,sistema/FICHA-PRODUTO-MAIS-TECH/FUNDAMENTOS_DA_TECNOLOGIA_E_PROGRAMACAO/PLANO-3-AULAS/INFOGRAFICO-WORD-VERSAO-02.png,sistema/FICHA-PRODUTO-MAIS-TECH/FUNDAMENTOS_DA_TECNOLOGIA_E_PROGRAMACAO/PLANO-3-AULAS,1905920,.png
GOOGLE-GMAIL-VERSAO-CODEX.png,sistema/FICHA-PRODUTO-MAIS-TECH/FUNDAMENTOS_DA_TECNOLOGIA_E_PROGRAMACAO/PLANO-3-AULAS/VERSAO-CODEX/02-GOOGLE-WORKSPACE/GOOGLE-GMAIL-VERSAO-CODEX.png,sistema/FICHA-PRODUTO-MAIS-TECH/FUNDAMENTOS_DA_TECNOLOGIA_E_PROGRAMACAO/PLANO-3-AULAS/VERSAO-CODEX/02-GOOGLE-WORKSPACE,1899909,.png
GOOGLE-DOCS-X-MICROSOFT-WORD-PADRAO-EDITORIAL-CODEX.png,sistema/FICHA-PRODUTO-MAIS-TECH/FUNDAMENTOS_DA_TECNOLOGIA_E_PROGRAMACAO/PLANO-3-AULAS/VERSAO-CODEX/01-COMPARATIVOS/GOOGLE-DOCS-X-MICROSOFT-WORD-PADRAO-EDITORIAL-CODEX.png,sistema/FICHA-PRODUTO-MAIS-TECH/FUNDAMENTOS_DA_TECNOLOGIA_E_PROGRAMACAO/PLANO-3-AULAS/VERSAO-CODEX/01-COMPARATIVOS,1899606,.png
GOOGLE-DOCS-X-MICROSOFT-WORD-COMPLETO-CODEX.png,sistema/FICHA-PRODUTO-MAIS-TECH/FUNDAMENTOS_DA_TECNOLOGIA_E_PROGRAMACAO/PLANO-3-AULAS/VERSAO-CODEX/01-COMPARATIVOS/GOOGLE-DOCS-X-MICROSOFT-WORD-COMPLETO-CODEX.png,sistema/FICHA-PRODUTO-MAIS-TECH/FUNDAMENTOS_DA_TECNOLOGIA_E_PROGRAMACAO/PLANO-3-AULAS/VERSAO-CODEX/01-COMPARATIVOS,1878930,.png
MICROSOFT-EXCEL-VERSAO-CODEX.png,sistema/FICHA-PRODUTO-MAIS-TECH/FUNDAMENTOS_DA_TECNOLOGIA_E_PROGRAMACAO/PLANO-3-AULAS/VERSAO-CODEX/03-MICROSOFT-OFFICE/MICROSOFT-EXCEL-VERSAO-CODEX.png,sistema/FICHA-PRODUTO-MAIS-TECH/FUNDAMENTOS_DA_TECNOLOGIA_E_PROGRAMACAO/PLANO-3-AULAS/VERSAO-CODEX/03-MICROSOFT-OFFICE,1831141,.png
GOOGLE-DRIVE-VERSAO-CODEX.png,sistema/FICHA-PRODUTO-MAIS-TECH/FUNDAMENTOS_DA_TECNOLOGIA_E_PROGRAMACAO/PLANO-3-AULAS/VERSAO-CODEX/02-GOOGLE-WORKSPACE/GOOGLE-DRIVE-VERSAO-CODEX.png,sistema/FICHA-PRODUTO-MAIS-TECH/FUNDAMENTOS_DA_TECNOLOGIA_E_PROGRAMACAO/PLANO-3-AULAS/VERSAO-CODEX/02-GOOGLE-WORKSPACE,1803882,.png
GOOGLE-SHEETS-X-MICROSOFT-EXCEL-VERSAO-CODEX.png,sistema/FICHA-PRODUTO-MAIS-TECH/FUNDAMENTOS_DA_TECNOLOGIA_E_PROGRAMACAO/PLANO-3-AULAS/VERSAO-CODEX/01-COMPARATIVOS/GOOGLE-SHEETS-X-MICROSOFT-EXCEL-VERSAO-CODEX.png,sistema/FICHA-PRODUTO-MAIS-TECH/FUNDAMENTOS_DA_TECNOLOGIA_E_PROGRAMACAO/PLANO-3-AULAS/VERSAO-CODEX/01-COMPARATIVOS,1798101,.png
GOOGLE-MEET-VERSAO-CODEX.png,sistema/FICHA-PRODUTO-MAIS-TECH/FUNDAMENTOS_DA_TECNOLOGIA_E_PROGRAMACAO/PLANO-3-AULAS/VERSAO-CODEX/02-GOOGLE-WORKSPACE/GOOGLE-MEET-VERSAO-CODEX.png,sistema/FICHA-PRODUTO-MAIS-TECH/FUNDAMENTOS_DA_TECNOLOGIA_E_PROGRAMACAO/PLANO-3-AULAS/VERSAO-CODEX/02-GOOGLE-WORKSPACE,1792662,.png
APRESENTAÇÃO-PROFESSOR-GELVAZIO-CAMARGO.pdf,sistema/APRESENTAÇÃO-PROFESSOR-GELVAZIO-CAMARGO.pdf,sistema,1792232,.pdf
MICROSOFT-POWERPOINT-VERSAO-CODEX.png,sistema/FICHA-PRODUTO-MAIS-TECH/FUNDAMENTOS_DA_TECNOLOGIA_E_PROGRAMACAO/PLANO-3-AULAS/VERSAO-CODEX/03-MICROSOFT-OFFICE/MICROSOFT-POWERPOINT-VERSAO-CODEX.png,sistema/FICHA-PRODUTO-MAIS-TECH/FUNDAMENTOS_DA_TECNOLOGIA_E_PROGRAMACAO/PLANO-3-AULAS/VERSAO-CODEX/03-MICROSOFT-OFFICE,1765180,.png
GOOGLE-SLIDES-VERSAO-CODEX.png,sistema/FICHA-PRODUTO-MAIS-TECH/FUNDAMENTOS_DA_TECNOLOGIA_E_PROGRAMACAO/PLANO-3-AULAS/VERSAO-CODEX/02-GOOGLE-WORKSPACE/GOOGLE-SLIDES-VERSAO-CODEX.png,sistema/FICHA-PRODUTO-MAIS-TECH/FUNDAMENTOS_DA_TECNOLOGIA_E_PROGRAMACAO/PLANO-3-AULAS/VERSAO-CODEX/02-GOOGLE-WORKSPACE,1764457,.png
GOOGLE-DOCS-VERSAO-CODEX.png,sistema/FICHA-PRODUTO-MAIS-TECH/FUNDAMENTOS_DA_TECNOLOGIA_E_PROGRAMACAO/PLANO-3-AULAS/VERSAO-CODEX/02-GOOGLE-WORKSPACE/GOOGLE-DOCS-VERSAO-CODEX.png,sistema/FICHA-PRODUTO-MAIS-TECH/FUNDAMENTOS_DA_TECNOLOGIA_E_PROGRAMACAO/PLANO-3-AULAS/VERSAO-CODEX/02-GOOGLE-WORKSPACE,1755349,.png
GOOGLE-SLIDES-X-MICROSOFT-POWERPOINT-VERSAO-CODEX.png,sistema/FICHA-PRODUTO-MAIS-TECH/FUNDAMENTOS_DA_TECNOLOGIA_E_PROGRAMACAO/PLANO-3-AULAS/VERSAO-CODEX/01-COMPARATIVOS/GOOGLE-SLIDES-X-MICROSOFT-POWERPOINT-VERSAO-CODEX.png,sistema/FICHA-PRODUTO-MAIS-TECH/FUNDAMENTOS_DA_TECNOLOGIA_E_PROGRAMACAO/PLANO-3-AULAS/VERSAO-CODEX/01-COMPARATIVOS,1744367,.png
Apresentacao_Docentes disponibilidade e competencias-versao-pdf.pdf,sistema/FICHA-PRODUTO-MAIS-TECH/Apresentacao_Docentes disponibilidade e competencias-versao-pdf.pdf,sistema/FICHA-PRODUTO-MAIS-TECH,1737867,.pdf
GOOGLE-DOCS-X-MICROSOFT-WORD-VERSAO-CODEX.png,sistema/FICHA-PRODUTO-MAIS-TECH/FUNDAMENTOS_DA_TECNOLOGIA_E_PROGRAMACAO/PLANO-3-AULAS/VERSAO-CODEX/01-COMPARATIVOS/GOOGLE-DOCS-X-MICROSOFT-WORD-VERSAO-CODEX.png,sistema/FICHA-PRODUTO-MAIS-TECH/FUNDAMENTOS_DA_TECNOLOGIA_E_PROGRAMACAO/PLANO-3-AULAS/VERSAO-CODEX/01-COMPARATIVOS,1710349,.png
MICROSOFT-TEAMS-VERSAO-CODEX.png,sistema/FICHA-PRODUTO-MAIS-TECH/FUNDAMENTOS_DA_TECNOLOGIA_E_PROGRAMACAO/PLANO-3-AULAS/VERSAO-CODEX/04-MICROSOFT-ECOSYSTEM/MICROSOFT-TEAMS-VERSAO-CODEX.png,sistema/FICHA-PRODUTO-MAIS-TECH/FUNDAMENTOS_DA_TECNOLOGIA_E_PROGRAMACAO/PLANO-3-AULAS/VERSAO-CODEX/04-MICROSOFT-ECOSYSTEM,1707433,.png
INFOGRAFICO-AULA-01.png,sistema/FICHA-PRODUTO-MAIS-TECH/FUNDAMENTOS_DA_TECNOLOGIA_E_PROGRAMACAO/PLANO-3-AULAS/INFOGRAFICO-AULA-01.png,sistema/FICHA-PRODUTO-MAIS-TECH/FUNDAMENTOS_DA_TECNOLOGIA_E_PROGRAMACAO/PLANO-3-AULAS,1694708,.png
Apresentação_Docentes disponibilidade e competencias.ppsx,sistema/APRENDIZAGEM-INDUSTRIAL/Apresentação_Docentes disponibilidade e competencias.ppsx,sistema/APRENDIZAGEM-INDUSTRIAL,1455995,.ppsx
Apresentação_Docentes disponibilidade e competencias.ppsx,sistema/FICHA-PRODUTO-MAIS-TECH/Apresentação_Docentes disponibilidade e competencias.ppsx,sistema/FICHA-PRODUTO-MAIS-TECH,1455995,.ppsx
_ APRESENTACAO_DA_EQUIPE_.pptx,sistema/INTRODUCAO_TIC-PRESIDENTE-GETULIO/AVALIACOES_CRIADAS/ENTREGAS-PROVA-PRATICA/EQUIPE_07/_ APRESENTACAO_DA_EQUIPE_.pptx,sistema/INTRODUCAO_TIC-PRESIDENTE-GETULIO/AVALIACOES_CRIADAS/ENTREGAS-PROVA-PRATICA/EQUIPE_07,1437367,.pptx
acessos-turma-estudante-impressao.pdf,sistema/INTRODUCAO_TIC-PRESIDENTE-GETULIO/acessos-turma-estudante-impressao.pdf,sistema/INTRODUCAO_TIC-PRESIDENTE-GETULIO,1436447,.pdf
GestaoControleMateriais_456h.docx,sistema/GESTAO_E_CONTROLE_MATERIAIS/GestaoControleMateriais_456h.docx,sistema/GESTAO_E_CONTROLE_MATERIAIS,1423796,.docx
Apostila_Exploracao_Carreiras_Industriais_Tecnologicas.docx,sistema/FICHA-PRODUTO-MAIS-TECH/EXPLORACAO_CARREIRAS_INDUSTRIAIS_TECNOLOGICAS/Apostila_Exploracao_Carreiras_Industriais_Tecnologicas.docx,sistema/FICHA-PRODUTO-MAIS-TECH/EXPLORACAO_CARREIRAS_INDUSTRIAIS_TECNOLOGICAS,1318819,.docx
AULAS-ATE-01-09-2026.pdf,sistema/FICHA-PRODUTO-MAIS-TECH/INTRODUCAO_COMUNICACAO_ORAL_ESCRITA/CEPLAS-VESPERTINO-2026-02/AULAS-ATE-01-09-2026.pdf,sistema/FICHA-PRODUTO-MAIS-TECH/INTRODUCAO_COMUNICACAO_ORAL_ESCRITA/CEPLAS-VESPERTINO-2026-02,1265594,.pdf
ATIVIDADE_EQUIPE_06_08_2026.pdf,sistema/INTRODUCAO_TIC-PRESIDENTE-GETULIO/AULAS/AULA-04-06-08-2026/ATIVIDADE_EQUIPE_06_08_2026.pdf,sistema/INTRODUCAO_TIC-PRESIDENTE-GETULIO/AULAS/AULA-04-06-08-2026,1135033,.pdf
AULA-01-Apresentação e Números Naturais e Inteiros.pdf,sistema/GESTAO_E_CONTROLE_MATERIAIS/ANALISE_DADOS_APLICADA_GESTAO/AULAS/CHALKIE-AI/AULA-01-Apresentação e Números Naturais e Inteiros.pdf,sistema/GESTAO_E_CONTROLE_MATERIAIS/ANALISE_DADOS_APLICADA_GESTAO/AULAS/CHALKIE-AI,1111313,.pdf
GUIA_DA_EQUIPE_02.docx,sistema/INTRODUCAO_TIC-PRESIDENTE-GETULIO/AVALIACOES_CRIADAS/ENTREGAS-PROVA-PRATICA/EQUIPE_02/GUIA_DA_EQUIPE_02.docx,sistema/INTRODUCAO_TIC-PRESIDENTE-GETULIO/AVALIACOES_CRIADAS/ENTREGAS-PROVA-PRATICA/EQUIPE_02,1052370,.docx
INICIANDO_CHROMEBOOK_AULA_01.pdf,sistema/INTRODUCAO_TIC-PRESIDENTE-GETULIO/AULAS/AULA-01-03-08-2026/INICIANDO_CHROMEBOOK_AULA_01.pdf,sistema/INTRODUCAO_TIC-PRESIDENTE-GETULIO/AULAS/AULA-01-03-08-2026,1052048,.pdf
Dinamicas.docx,sistema/INTRODUCAO_TIC-PRESIDENTE-GETULIO/Introdução a TIC-VICTOR-ANATO/Atividades/Dinamicas.docx,sistema/INTRODUCAO_TIC-PRESIDENTE-GETULIO/Introdução a TIC-VICTOR-ANATO/Atividades,1015330,.docx
AULA-01-Tecnologia e Dispositivos Digitais no Cotidiano.pdf,sistema/FICHA-PRODUTO-MAIS-TECH/FUNDAMENTOS_DA_TECNOLOGIA_E_PROGRAMACAO/AULAS/SLIDES-CHALKIE-AI/AULA-01-Tecnologia e Dispositivos Digitais no Cotidiano.pdf,sistema/FICHA-PRODUTO-MAIS-TECH/FUNDAMENTOS_DA_TECNOLOGIA_E_PROGRAMACAO/AULAS/SLIDES-CHALKIE-AI,919290,.pdf
Checklist Prova Objetiva.docx,sistema/INTRODUCAO_TIC-PRESIDENTE-GETULIO/AVALIACOES/Checklist Prova Objetiva.docx,sistema/INTRODUCAO_TIC-PRESIDENTE-GETULIO/AVALIACOES,831804,.docx
Checklist Prova Objetiva.docx,sistema/PROFESSOR/TEMPLATES-PROVA-PRATICA-OBJETIVA/Checklist Prova Objetiva.docx,sistema/PROFESSOR/TEMPLATES-PROVA-PRATICA-OBJETIVA,831804,.docx
Prova Objetiva .docx,sistema/INTRODUCAO_TIC-PRESIDENTE-GETULIO/AVALIACOES/Prova Objetiva .docx,sistema/INTRODUCAO_TIC-PRESIDENTE-GETULIO/AVALIACOES,813953,.docx
Prova Objetiva .docx,sistema/PROFESSOR/TEMPLATES-PROVA-PRATICA-OBJETIVA/Prova Objetiva .docx,sistema/PROFESSOR/TEMPLATES-PROVA-PRATICA-OBJETIVA,813953,.docx
codigos_acesso.pdf,sistema/codigos_acesso.pdf,sistema,806422,.pdf
codigos_acesso.pdf,sistema/INTRODUCAO_TIC-PRESIDENTE-GETULIO/MATERIAIS/codigos_acesso.pdf,sistema/INTRODUCAO_TIC-PRESIDENTE-GETULIO/MATERIAIS,806422,.pdf
SLIDE_AULA_10.pdf,sistema/INTRODUCAO_TIC-PRESIDENTE-GETULIO/AULAS/AULA-10-14-08-2026/SLIDE_AULA_10.pdf,sistema/INTRODUCAO_TIC-PRESIDENTE-GETULIO/AULAS/AULA-10-14-08-2026,791858,.pdf
Checklist Prova Objetiva (1).docx,sistema/PROFESSOR/MODELOS-DE-PROVAS-LUCAS/Checklist Prova Objetiva (1).docx,sistema/PROFESSOR/MODELOS-DE-PROVAS-LUCAS,782014,.docx
Checklist - Atribuições do Docente Presencial.pdf,sistema/PROFESSOR/material-orientacao-professor/Checklist - Atribuições do Docente Presencial.pdf,sistema/PROFESSOR/material-orientacao-professor,778799,.pdf
Modelo Prova Objetiva CT ELETROMECÂNICA (1) (2).docx,sistema/PROFESSOR/MODELOS-DE-PROVAS-LUCAS/Modelo Prova Objetiva CT ELETROMECÂNICA (1) (2).docx,sistema/PROFESSOR/MODELOS-DE-PROVAS-LUCAS,764827,.docx
RECUPERACAO_AVALIACAO_OBJETIVA.pdf,sistema/INTRODUCAO_TIC-PRESIDENTE-GETULIO/AULAS/AULA-10-14-08-2026/RECUPERACAO_AVALIACAO_OBJETIVA.pdf,sistema/INTRODUCAO_TIC-PRESIDENTE-GETULIO/AULAS/AULA-10-14-08-2026,753985,.pdf
Editores de Texto Modernos.pdf,sistema/FICHA-PRODUTO-MAIS-TECH/FUNDAMENTOS_DA_TECNOLOGIA_E_PROGRAMACAO/PLANO-3-AULAS/aula-02-09-2026/Editores de Texto Modernos.pdf,sistema/FICHA-PRODUTO-MAIS-TECH/FUNDAMENTOS_DA_TECNOLOGIA_E_PROGRAMACAO/PLANO-3-AULAS/aula-02-09-2026,744274,.pdf
Slides_Reforco_Matematica_Raciocinio_Logico.pptx,sistema/FICHA-PRODUTO-MAIS-TECH/REFORCO_MATEMATICA_E_RACIOCINIO_LOGICO/Slides_Reforco_Matematica_Raciocinio_Logico.pptx,sistema/FICHA-PRODUTO-MAIS-TECH/REFORCO_MATEMATICA_E_RACIOCINIO_LOGICO,742308,.pptx
FERRAMENTAS_MICROSOFT.pdf,sistema/INTRODUCAO_TIC-PRESIDENTE-GETULIO/AULA-13-24-08-2026-FERRAMENTAS_MICROSOFT/FERRAMENTAS_MICROSOFT.pdf,sistema/INTRODUCAO_TIC-PRESIDENTE-GETULIO/AULA-13-24-08-2026-FERRAMENTAS_MICROSOFT,710898,.pdf
APRESENTAÇÃO_DA_EQUIPE_02.pptx,sistema/INTRODUCAO_TIC-PRESIDENTE-GETULIO/AVALIACOES_CRIADAS/ENTREGAS-PROVA-PRATICA/EQUIPE_02/APRESENTAÇÃO_DA_EQUIPE_02.pptx,sistema/INTRODUCAO_TIC-PRESIDENTE-GETULIO/AVALIACOES_CRIADAS/ENTREGAS-PROVA-PRATICA/EQUIPE_02,673511,.pptx
SLIDE_AULA_08.pdf,sistema/INTRODUCAO_TIC-PRESIDENTE-GETULIO/AULAS/AULA-08-12-08-2026/SLIDE_AULA_08.pdf,sistema/INTRODUCAO_TIC-PRESIDENTE-GETULIO/AULAS/AULA-08-12-08-2026,649915,.pdf
SLIDE_AULA_09.pdf,sistema/INTRODUCAO_TIC-PRESIDENTE-GETULIO/AULAS/AULA-09-13-08-2026/SLIDE_AULA_09.pdf,sistema/INTRODUCAO_TIC-PRESIDENTE-GETULIO/AULAS/AULA-09-13-08-2026,618806,.pdf
RECUPERACAO_AVALIACAO_PRATICA.pdf,sistema/INTRODUCAO_TIC-PRESIDENTE-GETULIO/AULAS/AULA-09-13-08-2026/RECUPERACAO_AVALIACAO_PRATICA.pdf,sistema/INTRODUCAO_TIC-PRESIDENTE-GETULIO/AULAS/AULA-09-13-08-2026,617377,.pdf
APRESENTACAO_DA_EQUIPE.pptx,sistema/INTRODUCAO_TIC-PRESIDENTE-GETULIO/AVALIACOES_CRIADAS/ENTREGAS-PROVA-PRATICA/EQUIPE_05/APRESENTACAO_DA_EQUIPE.pptx,sistema/INTRODUCAO_TIC-PRESIDENTE-GETULIO/AVALIACOES_CRIADAS/ENTREGAS-PROVA-PRATICA/EQUIPE_05,586952,.pptx
APRESENTAÇÃO_DA_EQUIPE.pptx,sistema/INTRODUCAO_TIC-PRESIDENTE-GETULIO/AVALIACOES_CRIADAS/ENTREGAS-PROVA-PRATICA/EQUIPE_04/APRESENTAÇÃO_DA_EQUIPE.pptx,sistema/INTRODUCAO_TIC-PRESIDENTE-GETULIO/AVALIACOES_CRIADAS/ENTREGAS-PROVA-PRATICA/EQUIPE_04,583735,.pptx
Slides_Nocoes_Eletricidade_Circuitos_Basicos.pptx,sistema/FICHA-PRODUTO-MAIS-TECH/NOCOES_ELETRICIDADE_CIRCUITOS_BASICOS/Slides_Nocoes_Eletricidade_Circuitos_Basicos.pptx,sistema/FICHA-PRODUTO-MAIS-TECH/NOCOES_ELETRICIDADE_CIRCUITOS_BASICOS,571941,.pptx
CT-Informatica-Internet-1000-SENAI-SED-2026.pdf,sistema/TECNICO-INFORMATICA-INTERNET/CT-Informatica-Internet-1000-SENAI-SED-2026.pdf,sistema/TECNICO-INFORMATICA-INTERNET,563497,.pdf
Slides_Reforco_Linguagens.pptx,sistema/FICHA-PRODUTO-MAIS-TECH/REFORCO_LINGUAGENS/Slides_Reforco_Linguagens.pptx,sistema/FICHA-PRODUTO-MAIS-TECH/REFORCO_LINGUAGENS,475958,.pptx
Slides_Oficinas_Impressao_3D_Robotica.pptx,sistema/FICHA-PRODUTO-MAIS-TECH/OFICINAS_IMPRESSAO_3D_ROBOTICA/Slides_Oficinas_Impressao_3D_Robotica.pptx,sistema/FICHA-PRODUTO-MAIS-TECH/OFICINAS_IMPRESSAO_3D_ROBOTICA,457219,.pptx
Slides_Introducao_Comunicacao_Oral_Escrita.pptx,sistema/FICHA-PRODUTO-MAIS-TECH/INTRODUCAO_COMUNICACAO_ORAL_ESCRITA/Slides_Introducao_Comunicacao_Oral_Escrita.pptx,sistema/FICHA-PRODUTO-MAIS-TECH/INTRODUCAO_COMUNICACAO_ORAL_ESCRITA,448591,.pptx
SLIDE_AULA_01.pdf,sistema/INTRODUCAO_TIC-PRESIDENTE-GETULIO/AULAS/AULA-01-03-08-2026/SLIDE_AULA_01.pdf,sistema/INTRODUCAO_TIC-PRESIDENTE-GETULIO/AULAS/AULA-01-03-08-2026,426424,.pdf
Slides_Exploracao_Carreiras_Industriais_Tecnologicas.pptx,sistema/FICHA-PRODUTO-MAIS-TECH/EXPLORACAO_CARREIRAS_INDUSTRIAIS_TECNOLOGICAS/Slides_Exploracao_Carreiras_Industriais_Tecnologicas.pptx,sistema/FICHA-PRODUTO-MAIS-TECH/EXPLORACAO_CARREIRAS_INDUSTRIAIS_TECNOLOGICAS,415184,.pptx
Template Prova Prática.docx,sistema/INTRODUCAO_TIC-PRESIDENTE-GETULIO/AVALIACOES/Template Prova Prática.docx,sistema/INTRODUCAO_TIC-PRESIDENTE-GETULIO/AVALIACOES,395569,.docx
Template Prova Prática.docx,sistema/PROFESSOR/TEMPLATES-PROVA-PRATICA-OBJETIVA/Template Prova Prática.docx,sistema/PROFESSOR/TEMPLATES-PROVA-PRATICA-OBJETIVA,395569,.docx
atividade_erro_invisivel.docx,sistema/TECNICO-INFORMATICA-INTERNET/MATERIAIS-EXISTENTES/Teste de Sistemas/Material Apoio UC Teste de Sistemas-20260721T164545Z-1-001/Material Apoio UC Teste de Sistemas/atividade_erro_invisivel.docx,sistema/TECNICO-INFORMATICA-INTERNET/MATERIAIS-EXISTENTES/Teste de Sistemas/Material Apoio UC Teste de Sistemas-20260721T164545Z-1-001/Material Apoio UC Teste de Sistemas,393691,.docx
TEXTO-AULA-PARTE-02.png,sistema/INTRODUCAO_TIC-PRESIDENTE-GETULIO/AULAS/AULA-08-12-08-2026/TEXTO-AULA-PARTE-02.png,sistema/INTRODUCAO_TIC-PRESIDENTE-GETULIO/AULAS/AULA-08-12-08-2026,368772,.png
EMENTA-INTRODUCAO-TENOLOGIA-INFORMACAO.pdf,sistema/INTRODUCAO_TIC-PRESIDENTE-GETULIO/AULAS/EMENTA-INTRODUCAO-TENOLOGIA-INFORMACAO.pdf,sistema/INTRODUCAO_TIC-PRESIDENTE-GETULIO/AULAS,361425,.pdf
avaliacao_pratica_atividade_1.docx,sistema/TECNICO-INFORMATICA-INTERNET/MATERIAIS-EXISTENTES/Teste de Sistemas/Instrumentos de Avaliação UC Teste de Sistemas-20260721T164550Z-1-001/Instrumentos de Avaliação UC Teste de Sistemas/avaliacao_pratica_atividade_1.docx,sistema/TECNICO-INFORMATICA-INTERNET/MATERIAIS-EXISTENTES/Teste de Sistemas/Instrumentos de Avaliação UC Teste de Sistemas-20260721T164550Z-1-001/Instrumentos de Avaliação UC Teste de Sistemas,354949,.docx
SA e PLANO DE AULA_TESTE DE SISTEMAS_DESENVOLVIMENTO DE SISTEMAS.docx,sistema/TECNICO-INFORMATICA-INTERNET/MATERIAIS-EXISTENTES/Teste de Sistemas/SA e PLANO DE AULA_TESTE DE SISTEMAS_DESENVOLVIMENTO DE SISTEMAS.docx,sistema/TECNICO-INFORMATICA-INTERNET/MATERIAIS-EXISTENTES/Teste de Sistemas,347905,.docx
SLIDE_AULA_06.pdf,sistema/INTRODUCAO_TIC-PRESIDENTE-GETULIO/AULAS/AULA-06-10-08-2026/SLIDE_AULA_06.pdf,sistema/INTRODUCAO_TIC-PRESIDENTE-GETULIO/AULAS/AULA-06-10-08-2026,343407,.pdf
Avaliação prática banco de dados.docx,sistema/BANCO_DE_DADOS/Avaliação prática banco de dados.docx,sistema/BANCO_DE_DADOS,339137,.docx
MEMBROS-EQUIPE-06-08-2026.pdf,sistema/INTRODUCAO_TIC-PRESIDENTE-GETULIO/AULAS/AULA-04-06-08-2026/MEMBROS-EQUIPE-06-08-2026.pdf,sistema/INTRODUCAO_TIC-PRESIDENTE-GETULIO/AULAS/AULA-04-06-08-2026,334925,.pdf
dashboard.html,sistema/dashboard.html,sistema,329870,.html
graph.html,graphify-out/graph.html,graphify-out,327834,.html
EMENTA-INTRODUCAO-TENOLOGIA-INFORMACAO.pdf,sistema/INTRODUCAO_TIC-PRESIDENTE-GETULIO/EMENTA-INTRODUCAO-TENOLOGIA-INFORMACAO.pdf,sistema/INTRODUCAO_TIC-PRESIDENTE-GETULIO,326450,.pdf
EMENTA-INTRODUCAO-TENOLOGIA-INFORMACAO.pdf,sistema/INTRODUCAO_TIC-PRESIDENTE-GETULIO/Introdução a TIC-VICTOR-ANATO/EMENTA-INTRODUCAO-TENOLOGIA-INFORMACAO.pdf,sistema/INTRODUCAO_TIC-PRESIDENTE-GETULIO/Introdução a TIC-VICTOR-ANATO,326450,.pdf
TEXTO-AULA-PARTE-03.png,sistema/INTRODUCAO_TIC-PRESIDENTE-GETULIO/AULAS/AULA-08-12-08-2026/TEXTO-AULA-PARTE-03.png,sistema/INTRODUCAO_TIC-PRESIDENTE-GETULIO/AULAS/AULA-08-12-08-2026,320536,.png
GUIA_DA_EQUIPE.docx,sistema/INTRODUCAO_TIC-PRESIDENTE-GETULIO/AVALIACOES_CRIADAS/ENTREGAS-PROVA-PRATICA/EQUIPE_05/GUIA_DA_EQUIPE.docx,sistema/INTRODUCAO_TIC-PRESIDENTE-GETULIO/AVALIACOES_CRIADAS/ENTREGAS-PROVA-PRATICA/EQUIPE_05,319659,.docx
arquivos.csv,ANALISES/relatorios/arquivos.csv,ANALISES/relatorios,310260,.csv
infografico_netiqueta.png,sistema/FICHA-PRODUTO-MAIS-TECH/INTRODUCAO_COMUNICACAO_ORAL_ESCRITA/CEPLAS-VESPERTINO-2026-02/infografico_netiqueta.png,sistema/FICHA-PRODUTO-MAIS-TECH/INTRODUCAO_COMUNICACAO_ORAL_ESCRITA/CEPLAS-VESPERTINO-2026-02,301057,.png
stat-index.json,graphify-out/cache/stat-index.json,graphify-out/cache,287194,.json
graph.html,sistema/graphify-out/graph.html,sistema/graphify-out,286091,.html
SLIDE_AULA_05.pdf,sistema/INTRODUCAO_TIC-PRESIDENTE-GETULIO/AULAS/AULA-05-07-08-2026/SLIDE_AULA_05.pdf,sistema/INTRODUCAO_TIC-PRESIDENTE-GETULIO/AULAS/AULA-05-07-08-2026,280286,.pdf
Apostila_Comunicacao_Oral_e_Escrita15h.pdf,sistema/FICHA-PRODUTO-MAIS-TECH/INTRODUCAO_COMUNICACAO_ORAL_ESCRITA/AULAS/Apostila_Comunicacao_Oral_e_Escrita15h.pdf,sistema/FICHA-PRODUTO-MAIS-TECH/INTRODUCAO_COMUNICACAO_ORAL_ESCRITA/AULAS,277349,.pdf
graph.json,sistema/graphify-out/graph.json,sistema/graphify-out,276334,.json
APRESENTAÇÃO_DA_EQUIPE.pptx,sistema/INTRODUCAO_TIC-PRESIDENTE-GETULIO/AVALIACOES_CRIADAS/ENTREGAS-PROVA-PRATICA/EQUIPE_01/APRESENTAÇÃO_DA_EQUIPE.pptx,sistema/INTRODUCAO_TIC-PRESIDENTE-GETULIO/AVALIACOES_CRIADAS/ENTREGAS-PROVA-PRATICA/EQUIPE_01,273862,.pptx
SLIDE_AULA_07.pdf,sistema/INTRODUCAO_TIC-PRESIDENTE-GETULIO/AULAS/AULA-07-11-08-2026/SLIDE_AULA_07.pdf,sistema/INTRODUCAO_TIC-PRESIDENTE-GETULIO/AULAS/AULA-07-11-08-2026,261139,.pdf
Operador de Produção Industrial_ 860h.docx,sistema/INTRODUCAO_TIC-PRESIDENTE-GETULIO/MATERIAIS/Operador de Produção Industrial_ 860h.docx,sistema/INTRODUCAO_TIC-PRESIDENTE-GETULIO/MATERIAIS,248996,.docx
infografico_privacidade.png,sistema/FICHA-PRODUTO-MAIS-TECH/INTRODUCAO_COMUNICACAO_ORAL_ESCRITA/CEPLAS-VESPERTINO-2026-02/infografico_privacidade.png,sistema/FICHA-PRODUTO-MAIS-TECH/INTRODUCAO_COMUNICACAO_ORAL_ESCRITA/CEPLAS-VESPERTINO-2026-02,242541,.png
infografico_senhas.png,sistema/FICHA-PRODUTO-MAIS-TECH/INTRODUCAO_COMUNICACAO_ORAL_ESCRITA/CEPLAS-VESPERTINO-2026-02/infografico_senhas.png,sistema/FICHA-PRODUTO-MAIS-TECH/INTRODUCAO_COMUNICACAO_ORAL_ESCRITA/CEPLAS-VESPERTINO-2026-02,240836,.png
001.0 Aula -  Saga dos Computadores Ep01.pdf,sistema/FICHA-PRODUTO-MAIS-TECH/EXPLORACAO_CARREIRAS_INDUSTRIAIS_TECNOLOGICAS/substituicoes/001.0 Aula -  Saga dos Computadores Ep01.pdf,sistema/FICHA-PRODUTO-MAIS-TECH/EXPLORACAO_CARREIRAS_INDUSTRIAIS_TECNOLOGICAS/substituicoes,239063,.pdf
49598545537bd133d15b78c36f15f84dcb5dc56cd097575a39d21a444fc27f4f.json,graphify-out/cache/ast/v0.9.47-s2/49598545537bd133d15b78c36f15f84dcb5dc56cd097575a39d21a444fc27f4f.json,graphify-out/cache/ast/v0.9.47-s2,236728,.json
infografico_phishing.png,sistema/FICHA-PRODUTO-MAIS-TECH/INTRODUCAO_COMUNICACAO_ORAL_ESCRITA/CEPLAS-VESPERTINO-2026-02/infografico_phishing.png,sistema/FICHA-PRODUTO-MAIS-TECH/INTRODUCAO_COMUNICACAO_ORAL_ESCRITA/CEPLAS-VESPERTINO-2026-02,234084,.png
002.0 Aula -  Saga dos Computadores Ep02.pdf,sistema/FICHA-PRODUTO-MAIS-TECH/EXPLORACAO_CARREIRAS_INDUSTRIAIS_TECNOLOGICAS/substituicoes/002.0 Aula -  Saga dos Computadores Ep02.pdf,sistema/FICHA-PRODUTO-MAIS-TECH/EXPLORACAO_CARREIRAS_INDUSTRIAIS_TECNOLOGICAS/substituicoes,231921,.pdf
infografico_google_workspace.png,sistema/FICHA-PRODUTO-MAIS-TECH/INTRODUCAO_COMUNICACAO_ORAL_ESCRITA/CEPLAS-VESPERTINO-2026-02/infografico_google_workspace.png,sistema/FICHA-PRODUTO-MAIS-TECH/INTRODUCAO_COMUNICACAO_ORAL_ESCRITA/CEPLAS-VESPERTINO-2026-02,230038,.png
LISTA-PRESENCA-CEPLAS-BARRAGEM-VESPERTINO-2026-2.pdf,sistema/FICHA-PRODUTO-MAIS-TECH/INTRODUCAO_COMUNICACAO_ORAL_ESCRITA/CEPLAS-VESPERTINO-2026-02/LISTA-PRESENCA-CEPLAS-BARRAGEM-VESPERTINO-2026-2.pdf,sistema/FICHA-PRODUTO-MAIS-TECH/INTRODUCAO_COMUNICACAO_ORAL_ESCRITA/CEPLAS-VESPERTINO-2026-02,229634,.pdf
graph.html,sistema/BANCO_DE_DADOS/graphify-out/graph.html,sistema/BANCO_DE_DADOS/graphify-out,223665,.html
GRAPH_REPORT.md,graphify-out/2026-09-04/GRAPH_REPORT.md,graphify-out/2026-09-04,221554,.md
graph.json,sistema/BANCO_DE_DADOS/graphify-out/graph.json,sistema/BANCO_DE_DADOS/graphify-out,217226,.json
GestaoControleMateriais_456h.md,sistema/GESTAO_E_CONTROLE_MATERIAIS/GestaoControleMateriais_456h.md,sistema/GESTAO_E_CONTROLE_MATERIAIS,211269,.md
GestaoControleMateriais_456h_85450192.md,graphify-out/converted/GestaoControleMateriais_456h_85450192.md,graphify-out/converted,211060,.md
Avaliação Prática - Google Workspace.docx,sistema/INTRODUCAO_TIC-PRESIDENTE-GETULIO/AVALIACOES_CRIADAS/ENTREGAS-PROVA-PRATICA/EQUIPE_05/Avaliação Prática - Google Workspace.docx,sistema/INTRODUCAO_TIC-PRESIDENTE-GETULIO/AVALIACOES_CRIADAS/ENTREGAS-PROVA-PRATICA/EQUIPE_05,202727,.docx
Checklist Prova Prática.docx,sistema/INTRODUCAO_TIC-PRESIDENTE-GETULIO/AVALIACOES/Checklist Prova Prática.docx,sistema/INTRODUCAO_TIC-PRESIDENTE-GETULIO/AVALIACOES,199330,.docx
Checklist Prova Prática.docx,sistema/PROFESSOR/TEMPLATES-PROVA-PRATICA-OBJETIVA/Checklist Prova Prática.docx,sistema/PROFESSOR/TEMPLATES-PROVA-PRATICA-OBJETIVA,199330,.docx
Modelo Prova Prática CT ELETROTÉCNICA.docx,sistema/INTRODUCAO_TIC-PRESIDENTE-GETULIO/AVALIACOES/Modelo Prova Prática CT ELETROTÉCNICA.docx,sistema/INTRODUCAO_TIC-PRESIDENTE-GETULIO/AVALIACOES,198657,.docx
Modelo Prova Prática CT ELETROTÉCNICA.docx,sistema/PROFESSOR/TEMPLATES-PROVA-PRATICA-OBJETIVA/Modelo Prova Prática CT ELETROTÉCNICA.docx,sistema/PROFESSOR/TEMPLATES-PROVA-PRATICA-OBJETIVA,198657,.docx
Atividade 3 - Redação Técnica.docx,sistema/INTRODUCAO_TIC-PRESIDENTE-GETULIO/Introdução a TIC-VICTOR-ANATO/Atividades/Atividade 3 - Redação Técnica.docx,sistema/INTRODUCAO_TIC-PRESIDENTE-GETULIO/Introdução a TIC-VICTOR-ANATO/Atividades,197991,.docx
Atividade 1- Detetives da Informação.docx,sistema/INTRODUCAO_TIC-PRESIDENTE-GETULIO/Introdução a TIC-VICTOR-ANATO/Atividades/Atividade 1- Detetives da Informação.docx,sistema/INTRODUCAO_TIC-PRESIDENTE-GETULIO/Introdução a TIC-VICTOR-ANATO/Atividades,197653,.docx
TEXTO-AULA-PARTE-05.png,sistema/INTRODUCAO_TIC-PRESIDENTE-GETULIO/AULAS/AULA-08-12-08-2026/TEXTO-AULA-PARTE-05.png,sistema/INTRODUCAO_TIC-PRESIDENTE-GETULIO/AULAS/AULA-08-12-08-2026,196776,.png
NOTAS-GELVAZIO-27-08-2026.pdf,sistema/INTRODUCAO_TIC-PRESIDENTE-GETULIO/AVALIACOES_CRIADAS/NOTAS-GELVAZIO-27-08-2026.pdf,sistema/INTRODUCAO_TIC-PRESIDENTE-GETULIO/AVALIACOES_CRIADAS,193156,.pdf
TEXTO-AULA-PARTE-01.png,sistema/INTRODUCAO_TIC-PRESIDENTE-GETULIO/AULAS/AULA-08-12-08-2026/TEXTO-AULA-PARTE-01.png,sistema/INTRODUCAO_TIC-PRESIDENTE-GETULIO/AULAS/AULA-08-12-08-2026,192842,.png
ATIVIDADE-EPISODIO-02.pdf,sistema/FICHA-PRODUTO-MAIS-TECH/EXPLORACAO_CARREIRAS_INDUSTRIAIS_TECNOLOGICAS/substituicoes/documentos-para-impressao/ATIVIDADE-EPISODIO-02.pdf,sistema/FICHA-PRODUTO-MAIS-TECH/EXPLORACAO_CARREIRAS_INDUSTRIAIS_TECNOLOGICAS/substituicoes/documentos-para-impressao,191823,.pdf
TEXTO-AULA-PARTE-04.png,sistema/INTRODUCAO_TIC-PRESIDENTE-GETULIO/AULAS/AULA-08-12-08-2026/TEXTO-AULA-PARTE-04.png,sistema/INTRODUCAO_TIC-PRESIDENTE-GETULIO/AULAS/AULA-08-12-08-2026,187505,.png
Avaliação C8 Teste de Sistemas.docx,sistema/TECNICO-INFORMATICA-INTERNET/MATERIAIS-EXISTENTES/Teste de Sistemas/Instrumentos de Avaliação UC Teste de Sistemas-20260721T164550Z-1-001/Instrumentos de Avaliação UC Teste de Sistemas/Avaliação C8 Teste de Sistemas.docx,sistema/TECNICO-INFORMATICA-INTERNET/MATERIAIS-EXISTENTES/Teste de Sistemas/Instrumentos de Avaliação UC Teste de Sistemas-20260721T164550Z-1-001/Instrumentos de Avaliação UC Teste de Sistemas,186346,.docx
infografico_email_profissional.png,sistema/FICHA-PRODUTO-MAIS-TECH/INTRODUCAO_COMUNICACAO_ORAL_ESCRITA/CEPLAS-VESPERTINO-2026-02/infografico_email_profissional.png,sistema/FICHA-PRODUTO-MAIS-TECH/INTRODUCAO_COMUNICACAO_ORAL_ESCRITA/CEPLAS-VESPERTINO-2026-02,185704,.png
OFICINA DE EMPREENDEDORISMO-CEPLAS-2026-02.pdf,sistema/FICHA-PRODUTO-MAIS-TECH/COMPETENCIAS_SOCIOEMOCIONAIS_E_EMPREENDEDORISMO/OFICINA DE EMPREENDEDORISMO-CEPLAS-2026-02.pdf,sistema/FICHA-PRODUTO-MAIS-TECH/COMPETENCIAS_SOCIOEMOCIONAIS_E_EMPREENDEDORISMO,178792,.pdf
4865a2c034a73d6b4c4b473c9eb51a3e4cd3e6023ab8ffe9906e177aced1b08e.json,graphify-out/cache/ast/v0.9.47-s2/4865a2c034a73d6b4c4b473c9eb51a3e4cd3e6023ab8ffe9906e177aced1b08e.json,graphify-out/cache/ast/v0.9.47-s2,176199,.json
Operador de Produção Industrial_ 860h_3e7bbae4.md,graphify-out/converted/Operador de Produção Industrial_ 860h_3e7bbae4.md,graphify-out/converted,175431,.md
Operador de Produção Industrial_ 860h_837b6198.md,graphify-out/converted/Operador de Produção Industrial_ 860h_837b6198.md,graphify-out/converted,175431,.md
Operador de Produção Industrial_ 860h_b13bbb17.md,graphify-out/converted/Operador de Produção Industrial_ 860h_b13bbb17.md,graphify-out/converted,175431,.md
Operador de Produção Industrial_ 860h_3e7bbae4.md,sistema/graphify-out/converted/Operador de Produção Industrial_ 860h_3e7bbae4.md,sistema/graphify-out/converted,175431,.md
7985a0408f861b73e024779508c93bf9a9dd0fea105c27f5e14ec7456e92a4d0.json,graphify-out/cache/ast/v0.9.47-s2/7985a0408f861b73e024779508c93bf9a9dd0fea105c27f5e14ec7456e92a4d0.json,graphify-out/cache/ast/v0.9.47-s2,173369,.json
GRAPH_REPORT.md,graphify-out/GRAPH_REPORT.md,graphify-out,172637,.md
Prova Prática (3).docx,sistema/PROFESSOR/MODELOS-DE-PROVAS-LUCAS/Prova Prática (3).docx,sistema/PROFESSOR/MODELOS-DE-PROVAS-LUCAS,172419,.docx
ffc39e44d0c6440cf50da8ca4c05c211facb1b00655f7be248bf198b6fa41ceb.json,graphify-out/cache/ast/v0.9.47-s2/ffc39e44d0c6440cf50da8ca4c05c211facb1b00655f7be248bf198b6fa41ceb.json,graphify-out/cache/ast/v0.9.47-s2,160819,.json
CEPLAS-MATUTINO-2026-02.pdf,E-MAIL-SENAI/LISTAS/CEPLAS-MATUTINO-2026-02.pdf,E-MAIL-SENAI/LISTAS,157911,.pdf
ATIVIDADE-EPISODIO-01.pdf,sistema/FICHA-PRODUTO-MAIS-TECH/EXPLORACAO_CARREIRAS_INDUSTRIAIS_TECNOLOGICAS/substituicoes/documentos-para-impressao/ATIVIDADE-EPISODIO-01.pdf,sistema/FICHA-PRODUTO-MAIS-TECH/EXPLORACAO_CARREIRAS_INDUSTRIAIS_TECNOLOGICAS/substituicoes/documentos-para-impressao,156958,.pdf
GABARITO-ATIVIDADE-EPISODIO-01.pdf,sistema/FICHA-PRODUTO-MAIS-TECH/EXPLORACAO_CARREIRAS_INDUSTRIAIS_TECNOLOGICAS/substituicoes/documentos-para-impressao/GABARITO-ATIVIDADE-EPISODIO-01.pdf,sistema/FICHA-PRODUTO-MAIS-TECH/EXPLORACAO_CARREIRAS_INDUSTRIAIS_TECNOLOGICAS/substituicoes/documentos-para-impressao,156800,.pdf
CEPLAS-VESPERTINO-2026-02.pdf,E-MAIL-SENAI/LISTAS/CEPLAS-VESPERTINO-2026-02.pdf,E-MAIL-SENAI/LISTAS,155676,.pdf
GABARITO-ATIVIDADE-EPISODIO-02.pdf,sistema/FICHA-PRODUTO-MAIS-TECH/EXPLORACAO_CARREIRAS_INDUSTRIAIS_TECNOLOGICAS/substituicoes/documentos-para-impressao/GABARITO-ATIVIDADE-EPISODIO-02.pdf,sistema/FICHA-PRODUTO-MAIS-TECH/EXPLORACAO_CARREIRAS_INDUSTRIAIS_TECNOLOGICAS/substituicoes/documentos-para-impressao,155587,.pdf
LISTA DE 30 EXERCÍCIOS INTEGRADOS – PORTUGOL STUDIO.pdf,sistema/Tecnico em Desenvolvimento de Sistemas/LOGICA-PROGRAMACAO/LISTA DE 30 EXERCÍCIOS INTEGRADOS – PORTUGOL STUDIO.pdf,sistema/Tecnico em Desenvolvimento de Sistemas/LOGICA-PROGRAMACAO,151759,.pdf
Prova Objetiva - 2.docx,sistema/INTRODUCAO_TIC-PRESIDENTE-GETULIO/Introdução a TIC-VICTOR-ANATO/Provas/Prova Objetiva - 2.docx,sistema/INTRODUCAO_TIC-PRESIDENTE-GETULIO/Introdução a TIC-VICTOR-ANATO/Provas,151593,.docx
Prova Objetiva - 1.docx,sistema/INTRODUCAO_TIC-PRESIDENTE-GETULIO/Introdução a TIC-VICTOR-ANATO/Provas/Prova Objetiva - 1.docx,sistema/INTRODUCAO_TIC-PRESIDENTE-GETULIO/Introdução a TIC-VICTOR-ANATO/Provas,151366,.docx
Avaliacao_Prática_1_ TESI.docx,sistema/TECNICO-INFORMATICA-INTERNET/MATERIAIS-EXISTENTES/Teste de Sistemas/Instrumentos de Avaliação UC Teste de Sistemas-20260721T164550Z-1-001/Instrumentos de Avaliação UC Teste de Sistemas/Avaliacao_Prática_1_ TESI.docx,sistema/TECNICO-INFORMATICA-INTERNET/MATERIAIS-EXISTENTES/Teste de Sistemas/Instrumentos de Avaliação UC Teste de Sistemas-20260721T164550Z-1-001/Instrumentos de Avaliação UC Teste de Sistemas,151288,.docx
manifest.json,graphify-out/2026-09-04/manifest.json,graphify-out/2026-09-04,150196,.json
Avaliação_ Objetiva_ 1_ TESI _.docx,sistema/TECNICO-INFORMATICA-INTERNET/MATERIAIS-EXISTENTES/Teste de Sistemas/Instrumentos de Avaliação UC Teste de Sistemas-20260721T164550Z-1-001/Instrumentos de Avaliação UC Teste de Sistemas/Avaliação_ Objetiva_ 1_ TESI _.docx,sistema/TECNICO-INFORMATICA-INTERNET/MATERIAIS-EXISTENTES/Teste de Sistemas/Instrumentos de Avaliação UC Teste de Sistemas-20260721T164550Z-1-001/Instrumentos de Avaliação UC Teste de Sistemas,149693,.docx
Prova Prática ITIC.docx,sistema/INTRODUCAO_TIC-PRESIDENTE-GETULIO/Introdução a TIC-VICTOR-ANATO/Provas/Prova Prática ITIC.docx,sistema/INTRODUCAO_TIC-PRESIDENTE-GETULIO/Introdução a TIC-VICTOR-ANATO/Provas,149387,.docx
atividade_tribunal_de_bug.docx,sistema/TECNICO-INFORMATICA-INTERNET/MATERIAIS-EXISTENTES/Teste de Sistemas/Material Apoio UC Teste de Sistemas-20260721T164545Z-1-001/Material Apoio UC Teste de Sistemas/atividade_tribunal_de_bug.docx,sistema/TECNICO-INFORMATICA-INTERNET/MATERIAIS-EXISTENTES/Teste de Sistemas/Material Apoio UC Teste de Sistemas-20260721T164545Z-1-001/Material Apoio UC Teste de Sistemas,149274,.docx
59bc2fa29fc3b9742dc74bf5f8b78fe1ab036cd1deec24f9a950f20d65cd8096.json,graphify-out/cache/ast/v0.9.47-s2/59bc2fa29fc3b9742dc74bf5f8b78fe1ab036cd1deec24f9a950f20d65cd8096.json,graphify-out/cache/ast/v0.9.47-s2,149261,.json
workshop_Causa_Raiz.docx,sistema/TECNICO-INFORMATICA-INTERNET/MATERIAIS-EXISTENTES/Teste de Sistemas/Material Apoio UC Teste de Sistemas-20260721T164545Z-1-001/Material Apoio UC Teste de Sistemas/workshop_Causa_Raiz.docx,sistema/TECNICO-INFORMATICA-INTERNET/MATERIAIS-EXISTENTES/Teste de Sistemas/Material Apoio UC Teste de Sistemas-20260721T164545Z-1-001/Material Apoio UC Teste de Sistemas,149023,.docx
atividade_pratica_atividade_2.docx,sistema/TECNICO-INFORMATICA-INTERNET/MATERIAIS-EXISTENTES/Teste de Sistemas/Material Apoio UC Teste de Sistemas-20260721T164545Z-1-001/Material Apoio UC Teste de Sistemas/atividade_pratica_atividade_2.docx,sistema/TECNICO-INFORMATICA-INTERNET/MATERIAIS-EXISTENTES/Teste de Sistemas/Material Apoio UC Teste de Sistemas-20260721T164545Z-1-001/Material Apoio UC Teste de Sistemas,148975,.docx
oficina_pratica_relatorio_parcial.docx,sistema/TECNICO-INFORMATICA-INTERNET/MATERIAIS-EXISTENTES/Teste de Sistemas/Material Apoio UC Teste de Sistemas-20260721T164545Z-1-001/Material Apoio UC Teste de Sistemas/oficina_pratica_relatorio_parcial.docx,sistema/TECNICO-INFORMATICA-INTERNET/MATERIAIS-EXISTENTES/Teste de Sistemas/Material Apoio UC Teste de Sistemas-20260721T164545Z-1-001/Material Apoio UC Teste de Sistemas,148873,.docx
atividade_caca_aos_bugs.docx,sistema/TECNICO-INFORMATICA-INTERNET/MATERIAIS-EXISTENTES/Teste de Sistemas/Material Apoio UC Teste de Sistemas-20260721T164545Z-1-001/Material Apoio UC Teste de Sistemas/atividade_caca_aos_bugs.docx,sistema/TECNICO-INFORMATICA-INTERNET/MATERIAIS-EXISTENTES/Teste de Sistemas/Material Apoio UC Teste de Sistemas-20260721T164545Z-1-001/Material Apoio UC Teste de Sistemas,148175,.docx
atividade_tipos_ferramentas.docx,sistema/TECNICO-INFORMATICA-INTERNET/MATERIAIS-EXISTENTES/Teste de Sistemas/Material Apoio UC Teste de Sistemas-20260721T164545Z-1-001/Material Apoio UC Teste de Sistemas/atividade_tipos_ferramentas.docx,sistema/TECNICO-INFORMATICA-INTERNET/MATERIAIS-EXISTENTES/Teste de Sistemas/Material Apoio UC Teste de Sistemas-20260721T164545Z-1-001/Material Apoio UC Teste de Sistemas,148059,.docx
Checklist Prova Prática (2).docx,sistema/PROFESSOR/MODELOS-DE-PROVAS-LUCAS/Checklist Prova Prática (2).docx,sistema/PROFESSOR/MODELOS-DE-PROVAS-LUCAS,148012,.docx
atividade_evolucao_testes.docx,sistema/TECNICO-INFORMATICA-INTERNET/MATERIAIS-EXISTENTES/Teste de Sistemas/Material Apoio UC Teste de Sistemas-20260721T164545Z-1-001/Material Apoio UC Teste de Sistemas/atividade_evolucao_testes.docx,sistema/TECNICO-INFORMATICA-INTERNET/MATERIAIS-EXISTENTES/Teste de Sistemas/Material Apoio UC Teste de Sistemas-20260721T164545Z-1-001/Material Apoio UC Teste de Sistemas,147192,.docx
202d69d89cdcd219a2b643bdb32a71f4a274f69254625d8fd1fd2870d479796b.json,graphify-out/cache/ast/v0.9.47-s2/202d69d89cdcd219a2b643bdb32a71f4a274f69254625d8fd1fd2870d479796b.json,graphify-out/cache/ast/v0.9.47-s2,146965,.json
autoavaliacao.docx,sistema/TECNICO-INFORMATICA-INTERNET/MATERIAIS-EXISTENTES/Teste de Sistemas/Instrumentos de Avaliação UC Teste de Sistemas-20260721T164550Z-1-001/Instrumentos de Avaliação UC Teste de Sistemas/autoavaliacao.docx,sistema/TECNICO-INFORMATICA-INTERNET/MATERIAIS-EXISTENTES/Teste de Sistemas/Instrumentos de Avaliação UC Teste de Sistemas-20260721T164550Z-1-001/Instrumentos de Avaliação UC Teste de Sistemas,146830,.docx
doc_modelo_falhas.docx,sistema/TECNICO-INFORMATICA-INTERNET/MATERIAIS-EXISTENTES/Teste de Sistemas/Material Apoio UC Teste de Sistemas-20260721T164545Z-1-001/Material Apoio UC Teste de Sistemas/doc_modelo_falhas.docx,sistema/TECNICO-INFORMATICA-INTERNET/MATERIAIS-EXISTENTES/Teste de Sistemas/Material Apoio UC Teste de Sistemas-20260721T164545Z-1-001/Material Apoio UC Teste de Sistemas,146371,.docx
atividade_perguntas_individuais.docx,sistema/TECNICO-INFORMATICA-INTERNET/MATERIAIS-EXISTENTES/Teste de Sistemas/Material Apoio UC Teste de Sistemas-20260721T164545Z-1-001/Material Apoio UC Teste de Sistemas/atividade_perguntas_individuais.docx,sistema/TECNICO-INFORMATICA-INTERNET/MATERIAIS-EXISTENTES/Teste de Sistemas/Material Apoio UC Teste de Sistemas-20260721T164545Z-1-001/Material Apoio UC Teste de Sistemas,146067,.docx
dbd4448ee1fc5e9cc120c4ce3a1f5a3512317a62f12014f2ded76b7b899d70f6.json,graphify-out/cache/ast/v0.9.47-s2/dbd4448ee1fc5e9cc120c4ce3a1f5a3512317a62f12014f2ded76b7b899d70f6.json,graphify-out/cache/ast/v0.9.47-s2,145660,.json
Confira como se planejar para as aulas presenciais!.pdf,sistema/PROFESSOR/material-orientacao-professor/Confira como se planejar para as aulas presenciais!.pdf,sistema/PROFESSOR/material-orientacao-professor,131925,.pdf
manifest.json,graphify-out/manifest.json,graphify-out,127418,.json
Desafio-Word-vs-Docs-Respostas.pdf,sistema/FICHA-PRODUTO-MAIS-TECH/FUNDAMENTOS_DA_TECNOLOGIA_E_PROGRAMACAO/PLANO-3-AULAS/aula-02-09-2026/Desafio-Word-vs-Docs-Respostas.pdf,sistema/FICHA-PRODUTO-MAIS-TECH/FUNDAMENTOS_DA_TECNOLOGIA_E_PROGRAMACAO/PLANO-3-AULAS/aula-02-09-2026,122165,.pdf
ATESTADO-SENAI-DIA-28-08-2026.jpeg,sistema/PROFESSOR/ATESTADO-SENAI-DIA-28-08-2026.jpeg,sistema/PROFESSOR,122164,.jpeg
CT-Informatica-Internet-1000-SENAI-SED-2026.md,sistema/TECNICO-INFORMATICA-INTERNET/CT-Informatica-Internet-1000-SENAI-SED-2026.md,sistema/TECNICO-INFORMATICA-INTERNET,118231,.md
SLIDE_SEGURANCA_INFORMACAO.pdf,sistema/INTRODUCAO_TIC-PRESIDENTE-GETULIO/AULAS/AULA-03-05-08-2026/SLIDE_SEGURANCA_INFORMACAO.pdf,sistema/INTRODUCAO_TIC-PRESIDENTE-GETULIO/AULAS/AULA-03-05-08-2026,114028,.pdf
SLIDE_AULA_04_Hardware e Sistema Operacional.pdf,sistema/INTRODUCAO_TIC-PRESIDENTE-GETULIO/AULAS/AULA-04-06-08-2026/SLIDE_AULA_04_Hardware e Sistema Operacional.pdf,sistema/INTRODUCAO_TIC-PRESIDENTE-GETULIO/AULAS/AULA-04-06-08-2026,108926,.pdf
d8b959f38bfbbe3a210c4718f063bbca60b70b1f162bcb104bce68bbb8821421.json,graphify-out/cache/ast/v0.9.47-s2/d8b959f38bfbbe3a210c4718f063bbca60b70b1f162bcb104bce68bbb8821421.json,graphify-out/cache/ast/v0.9.47-s2,105640,.json
13_curriculo.png,sistema/FICHA-PRODUTO-MAIS-TECH/EXPLORACAO_CARREIRAS_INDUSTRIAIS_TECNOLOGICAS/MATERIAIS/imagens-apostila/13_curriculo.png,sistema/FICHA-PRODUTO-MAIS-TECH/EXPLORACAO_CARREIRAS_INDUSTRIAIS_TECNOLOGICAS/MATERIAIS/imagens-apostila,103428,.png
ROBERTO-MACHADO-MATUTINO-2026-02.pdf,E-MAIL-SENAI/LISTAS/ROBERTO-MACHADO-MATUTINO-2026-02.pdf,E-MAIL-SENAI/LISTAS,102536,.pdf
14_linkedin.png,sistema/FICHA-PRODUTO-MAIS-TECH/EXPLORACAO_CARREIRAS_INDUSTRIAIS_TECNOLOGICAS/MATERIAIS/imagens-apostila/14_linkedin.png,sistema/FICHA-PRODUTO-MAIS-TECH/EXPLORACAO_CARREIRAS_INDUSTRIAIS_TECNOLOGICAS/MATERIAIS/imagens-apostila,101344,.png
manifest.json,sistema/graphify-out/manifest.json,sistema/graphify-out,93412,.json
01_capa.png,sistema/FICHA-PRODUTO-MAIS-TECH/EXPLORACAO_CARREIRAS_INDUSTRIAIS_TECNOLOGICAS/MATERIAIS/imagens-apostila/01_capa.png,sistema/FICHA-PRODUTO-MAIS-TECH/EXPLORACAO_CARREIRAS_INDUSTRIAIS_TECNOLOGICAS/MATERIAIS/imagens-apostila,92958,.png
gerar_slides.js,sistema/FICHA-PRODUTO-MAIS-TECH/REFORCO_LINGUAGENS/gerar_slides.js,sistema/FICHA-PRODUTO-MAIS-TECH/REFORCO_LINGUAGENS,89918,.js
25a4412c5dd4709b60459fb61e345671df82c4da7b53765f694c02759d506769.json,graphify-out/cache/ast/v0.9.47-s2/25a4412c5dd4709b60459fb61e345671df82c4da7b53765f694c02759d506769.json,graphify-out/cache/ast/v0.9.47-s2,89252,.json
8c6736f7604c3fd7c63a8423c7cbcc7e7782c2ce2a93809678ef4ffa9c49f087.json,graphify-out/cache/ast/v0.9.47-s2/8c6736f7604c3fd7c63a8423c7cbcc7e7782c2ce2a93809678ef4ffa9c49f087.json,graphify-out/cache/ast/v0.9.47-s2,86524,.json
04_pilares_industria40.png,sistema/FICHA-PRODUTO-MAIS-TECH/EXPLORACAO_CARREIRAS_INDUSTRIAIS_TECNOLOGICAS/MATERIAIS/imagens-apostila/04_pilares_industria40.png,sistema/FICHA-PRODUTO-MAIS-TECH/EXPLORACAO_CARREIRAS_INDUSTRIAIS_TECNOLOGICAS/MATERIAIS/imagens-apostila,85512,.png
PlanoEnsinoIntroducaoTICV2.pdf,sistema/INTRODUCAO_TIC-PRESIDENTE-GETULIO/PlanoEnsinoIntroducaoTICV2.pdf,sistema/INTRODUCAO_TIC-PRESIDENTE-GETULIO,83680,.pdf
PlanoEnsinoIntroducaoTICV2.pdf,sistema/INTRODUCAO_TIC-PRESIDENTE-GETULIO/MATERIAIS/PlanoEnsinoIntroducaoTICV2.pdf,sistema/INTRODUCAO_TIC-PRESIDENTE-GETULIO/MATERIAIS,83680,.pdf
graph.html,sistema/PENDENCIAS-PROFESSOR/graphify-out/graph.html,sistema/PENDENCIAS-PROFESSOR/graphify-out,83568,.html
801d66a565af69e8294ce3132b867a6e41f312ff6d379ea085252c85a633bc3d.json,graphify-out/cache/ast/v0.9.47-s2/801d66a565af69e8294ce3132b867a6e41f312ff6d379ea085252c85a633bc3d.json,graphify-out/cache/ast/v0.9.47-s2,76317,.json
18_mapa_carreira.png,sistema/FICHA-PRODUTO-MAIS-TECH/EXPLORACAO_CARREIRAS_INDUSTRIAIS_TECNOLOGICAS/MATERIAIS/imagens-apostila/18_mapa_carreira.png,sistema/FICHA-PRODUTO-MAIS-TECH/EXPLORACAO_CARREIRAS_INDUSTRIAIS_TECNOLOGICAS/MATERIAIS/imagens-apostila,75015,.png
17_cursos_senai.png,sistema/FICHA-PRODUTO-MAIS-TECH/EXPLORACAO_CARREIRAS_INDUSTRIAIS_TECNOLOGICAS/MATERIAIS/imagens-apostila/17_cursos_senai.png,sistema/FICHA-PRODUTO-MAIS-TECH/EXPLORACAO_CARREIRAS_INDUSTRIAIS_TECNOLOGICAS/MATERIAIS/imagens-apostila,72834,.png
10_profissoes_futuro.png,sistema/FICHA-PRODUTO-MAIS-TECH/EXPLORACAO_CARREIRAS_INDUSTRIAIS_TECNOLOGICAS/MATERIAIS/imagens-apostila/10_profissoes_futuro.png,sistema/FICHA-PRODUTO-MAIS-TECH/EXPLORACAO_CARREIRAS_INDUSTRIAIS_TECNOLOGICAS/MATERIAIS/imagens-apostila,72499,.png
validacao.html,sistema/validacao.html,sistema,72477,.html
Rio_do_Sul_Mais_Tech_Aulas_01_02_03.pptx,sistema/FICHA-PRODUTO-MAIS-TECH/FUNDAMENTOS_DA_TECNOLOGIA_E_PROGRAMACAO/PLANO-3-AULAS/Rio_do_Sul_Mais_Tech_Aulas_01_02_03.pptx,sistema/FICHA-PRODUTO-MAIS-TECH/FUNDAMENTOS_DA_TECNOLOGIA_E_PROGRAMACAO/PLANO-3-AULAS,71988,.pptx
15_networking.png,sistema/FICHA-PRODUTO-MAIS-TECH/EXPLORACAO_CARREIRAS_INDUSTRIAIS_TECNOLOGICAS/MATERIAIS/imagens-apostila/15_networking.png,sistema/FICHA-PRODUTO-MAIS-TECH/EXPLORACAO_CARREIRAS_INDUSTRIAIS_TECNOLOGICAS/MATERIAIS/imagens-apostila,71911,.png
c1b35e602d6baa4cccc653a0b627003fb4877ebf162db01dd5f1b7e2cecd469f.json,graphify-out/cache/ast/v0.9.47-s2/c1b35e602d6baa4cccc653a0b627003fb4877ebf162db01dd5f1b7e2cecd469f.json,graphify-out/cache/ast/v0.9.47-s2,71497,.json
01c26eaa59f5a0609903ca186a5e79b133d831dce743af3789320daf63cd648c.json,graphify-out/cache/ast/v0.9.47-s2/01c26eaa59f5a0609903ca186a5e79b133d831dce743af3789320daf63cd648c.json,graphify-out/cache/ast/v0.9.47-s2,70987,.json
graph.json,sistema/PENDENCIAS-PROFESSOR/graphify-out/graph.json,sistema/PENDENCIAS-PROFESSOR/graphify-out,70951,.json
Apostila_Exploracao_Carreiras_Industriais_Tecnologicas_a61ef416.md,graphify-out/converted/Apostila_Exploracao_Carreiras_Industriais_Tecnologicas_a61ef416.md,graphify-out/converted,70019,.md
Desafio-Word-vs-Docs.pdf,sistema/FICHA-PRODUTO-MAIS-TECH/FUNDAMENTOS_DA_TECNOLOGIA_E_PROGRAMACAO/PLANO-3-AULAS/aula-02-09-2026/Desafio-Word-vs-Docs.pdf,sistema/FICHA-PRODUTO-MAIS-TECH/FUNDAMENTOS_DA_TECNOLOGIA_E_PROGRAMACAO/PLANO-3-AULAS/aula-02-09-2026,69624,.pdf
conteudo_apostila.js,sistema/FICHA-PRODUTO-MAIS-TECH/EXPLORACAO_CARREIRAS_INDUSTRIAIS_TECNOLOGICAS/MATERIAIS/scripts/conteudo_apostila.js,sistema/FICHA-PRODUTO-MAIS-TECH/EXPLORACAO_CARREIRAS_INDUSTRIAIS_TECNOLOGICAS/MATERIAIS/scripts,67023,.js
12_itinerarios.png,sistema/FICHA-PRODUTO-MAIS-TECH/EXPLORACAO_CARREIRAS_INDUSTRIAIS_TECNOLOGICAS/MATERIAIS/imagens-apostila/12_itinerarios.png,sistema/FICHA-PRODUTO-MAIS-TECH/EXPLORACAO_CARREIRAS_INDUSTRIAIS_TECNOLOGICAS/MATERIAIS/imagens-apostila,66662,.png
APOSTILA_DA_MATERIA.md,sistema/FICHA-PRODUTO-MAIS-TECH/OFICINAS_IMPRESSAO_3D_ROBOTICA/APOSTILA_DA_MATERIA.md,sistema/FICHA-PRODUTO-MAIS-TECH/OFICINAS_IMPRESSAO_3D_ROBOTICA,65976,.md
dc1ef412ba46c536f1deb97fff36c9e72ae774fc1e5e7beb1799aef33562e63a.json,graphify-out/cache/ast/v0.9.47-s2/dc1ef412ba46c536f1deb97fff36c9e72ae774fc1e5e7beb1799aef33562e63a.json,graphify-out/cache/ast/v0.9.47-s2,65395,.json
c8e983a9ba97fac09300159d792f91a100abd6676c82bdb6f6118972ea45959c.json,graphify-out/cache/ast/v0.9.47-s2/c8e983a9ba97fac09300159d792f91a100abd6676c82bdb6f6118972ea45959c.json,graphify-out/cache/ast/v0.9.47-s2,64699,.json
Apostila_Nocoes_Eletricidade_Circuitos_Basicos.md,sistema/FICHA-PRODUTO-MAIS-TECH/NOCOES_ELETRICIDADE_CIRCUITOS_BASICOS/Apostila_Nocoes_Eletricidade_Circuitos_Basicos.md,sistema/FICHA-PRODUTO-MAIS-TECH/NOCOES_ELETRICIDADE_CIRCUITOS_BASICOS,64330,.md
index.html,sistema/FICHA-PRODUTO-MAIS-TECH/FUNDAMENTOS_DA_TECNOLOGIA_E_PROGRAMACAO/AULAS/index.html,sistema/FICHA-PRODUTO-MAIS-TECH/FUNDAMENTOS_DA_TECNOLOGIA_E_PROGRAMACAO/AULAS,63436,.html
11_hard_soft_skills.png,sistema/FICHA-PRODUTO-MAIS-TECH/EXPLORACAO_CARREIRAS_INDUSTRIAIS_TECNOLOGICAS/MATERIAIS/imagens-apostila/11_hard_soft_skills.png,sistema/FICHA-PRODUTO-MAIS-TECH/EXPLORACAO_CARREIRAS_INDUSTRIAIS_TECNOLOGICAS/MATERIAIS/imagens-apostila,63151,.png
05_automacao_empregos.png,sistema/FICHA-PRODUTO-MAIS-TECH/EXPLORACAO_CARREIRAS_INDUSTRIAIS_TECNOLOGICAS/MATERIAIS/imagens-apostila/05_automacao_empregos.png,sistema/FICHA-PRODUTO-MAIS-TECH/EXPLORACAO_CARREIRAS_INDUSTRIAIS_TECNOLOGICAS/MATERIAIS/imagens-apostila,63130,.png
db7da1b859841de08dccae244e5c938292c56a7137b58811be8b7566ca4a69e5.json,graphify-out/cache/ast/v0.9.47-s2/db7da1b859841de08dccae244e5c938292c56a7137b58811be8b7566ca4a69e5.json,graphify-out/cache/ast/v0.9.47-s2,61943,.json
21_dados_ia_seguranca.png,sistema/FICHA-PRODUTO-MAIS-TECH/EXPLORACAO_CARREIRAS_INDUSTRIAIS_TECNOLOGICAS/MATERIAIS/imagens-apostila/21_dados_ia_seguranca.png,sistema/FICHA-PRODUTO-MAIS-TECH/EXPLORACAO_CARREIRAS_INDUSTRIAIS_TECNOLOGICAS/MATERIAIS/imagens-apostila,60294,.png
08_front_back.png,sistema/FICHA-PRODUTO-MAIS-TECH/EXPLORACAO_CARREIRAS_INDUSTRIAIS_TECNOLOGICAS/MATERIAIS/imagens-apostila/08_front_back.png,sistema/FICHA-PRODUTO-MAIS-TECH/EXPLORACAO_CARREIRAS_INDUSTRIAIS_TECNOLOGICAS/MATERIAIS/imagens-apostila,59892,.png
c090a71118871b79420ab90b895e93d31d1fb88f3af81452c8b0cce2e44dddf1.json,sistema/graphify-out/cache/ast/v0.8.36/c090a71118871b79420ab90b895e93d31d1fb88f3af81452c8b0cce2e44dddf1.json,sistema/graphify-out/cache/ast/v0.8.36,59790,.json
SLIDE_AULA_01.html,sistema/INTRODUCAO_TIC-PRESIDENTE-GETULIO/AULAS/AULA-01-03-08-2026/SLIDE_AULA_01.html,sistema/INTRODUCAO_TIC-PRESIDENTE-GETULIO/AULAS/AULA-01-03-08-2026,59486,.html
Controle_Abate_Pamplona.xlsx,sistema/INTRODUCAO_TIC-PRESIDENTE-GETULIO/AULAS/AULA-07-11-08-2026/Controle_Abate_Pamplona.xlsx,sistema/INTRODUCAO_TIC-PRESIDENTE-GETULIO/AULAS/AULA-07-11-08-2026,58958,.xlsx
06_carreiras_industriais_1.png,sistema/FICHA-PRODUTO-MAIS-TECH/EXPLORACAO_CARREIRAS_INDUSTRIAIS_TECNOLOGICAS/MATERIAIS/imagens-apostila/06_carreiras_industriais_1.png,sistema/FICHA-PRODUTO-MAIS-TECH/EXPLORACAO_CARREIRAS_INDUSTRIAIS_TECNOLOGICAS/MATERIAIS/imagens-apostila,58777,.png
2f4234a45a3d4b7a7ce85ed95c4dc52917b5ca42fbcb5b8830b13ef4c04402ee.json,graphify-out/cache/ast/v0.9.47-s2/2f4234a45a3d4b7a7ce85ed95c4dc52917b5ca42fbcb5b8830b13ef4c04402ee.json,graphify-out/cache/ast/v0.9.47-s2,57659,.json
uc.html,sistema/uc.html,sistema,57595,.html
APOSTILA-CEPLAS-VESPERTINO-2026-02.docx,sistema/FICHA-PRODUTO-MAIS-TECH/INTRODUCAO_COMUNICACAO_ORAL_ESCRITA/CEPLAS-VESPERTINO-2026-02/APOSTILA-CEPLAS-VESPERTINO-2026-02.docx,sistema/FICHA-PRODUTO-MAIS-TECH/INTRODUCAO_COMUNICACAO_ORAL_ESCRITA/CEPLAS-VESPERTINO-2026-02,57004,.docx
c314319403abd9499b2fbc22d76bac46ff48125e97537f0ba3ecb02539855d73.json,graphify-out/cache/ast/v0.9.47-s2/c314319403abd9499b2fbc22d76bac46ff48125e97537f0ba3ecb02539855d73.json,graphify-out/cache/ast/v0.9.47-s2,55412,.json
GERADOR_FORMS_WEBAPP.gs,sistema/INTRODUCAO_TIC-PRESIDENTE-GETULIO/AULAS/SCRIPTS_GOOGLE_FORMS/GERADOR_FORMS_WEBAPP.gs,sistema/INTRODUCAO_TIC-PRESIDENTE-GETULIO/AULAS/SCRIPTS_GOOGLE_FORMS,55029,.gs
16_entrevista.png,sistema/FICHA-PRODUTO-MAIS-TECH/EXPLORACAO_CARREIRAS_INDUSTRIAIS_TECNOLOGICAS/MATERIAIS/imagens-apostila/16_entrevista.png,sistema/FICHA-PRODUTO-MAIS-TECH/EXPLORACAO_CARREIRAS_INDUSTRIAIS_TECNOLOGICAS/MATERIAIS/imagens-apostila,54861,.png
19_trilha.png,sistema/FICHA-PRODUTO-MAIS-TECH/EXPLORACAO_CARREIRAS_INDUSTRIAIS_TECNOLOGICAS/MATERIAIS/imagens-apostila/19_trilha.png,sistema/FICHA-PRODUTO-MAIS-TECH/EXPLORACAO_CARREIRAS_INDUSTRIAIS_TECNOLOGICAS/MATERIAIS/imagens-apostila,53623,.png
03_revolucoes_industriais.png,sistema/FICHA-PRODUTO-MAIS-TECH/EXPLORACAO_CARREIRAS_INDUSTRIAIS_TECNOLOGICAS/MATERIAIS/imagens-apostila/03_revolucoes_industriais.png,sistema/FICHA-PRODUTO-MAIS-TECH/EXPLORACAO_CARREIRAS_INDUSTRIAIS_TECNOLOGICAS/MATERIAIS/imagens-apostila,53390,.png
Apostila_Competencias_Socioemocionais_Empreendedorismo.md,sistema/FICHA-PRODUTO-MAIS-TECH/COMPETENCIAS_SOCIOEMOCIONAIS_E_EMPREENDEDORISMO/Apostila_Competencias_Socioemocionais_Empreendedorismo.md,sistema/FICHA-PRODUTO-MAIS-TECH/COMPETENCIAS_SOCIOEMOCIONAIS_E_EMPREENDEDORISMO,53354,.md
package-lock.json,sistema/PENDENCIAS-PROFESSOR/package-lock.json,sistema/PENDENCIAS-PROFESSOR,52323,.json
PLANO-ENSINO-V1.pdf,sistema/FICHA-PRODUTO-MAIS-TECH/EXPLORACAO_CARREIRAS_INDUSTRIAIS_TECNOLOGICAS/PLANO-ENSINO-V1.pdf,sistema/FICHA-PRODUTO-MAIS-TECH/EXPLORACAO_CARREIRAS_INDUSTRIAIS_TECNOLOGICAS,51825,.pdf
Apostila_Fundamentos_Tecnologia_Programacao.md,sistema/FICHA-PRODUTO-MAIS-TECH/FUNDAMENTOS_DA_TECNOLOGIA_E_PROGRAMACAO/Apostila_Fundamentos_Tecnologia_Programacao.md,sistema/FICHA-PRODUTO-MAIS-TECH/FUNDAMENTOS_DA_TECNOLOGIA_E_PROGRAMACAO,50837,.md
HORARIO_OPERADOR_PRODUCAO_INDUSTRIAL.pdf,sistema/INTRODUCAO_TIC-PRESIDENTE-GETULIO/MATERIAIS/HORARIO_OPERADOR_PRODUCAO_INDUSTRIAL.pdf,sistema/INTRODUCAO_TIC-PRESIDENTE-GETULIO/MATERIAIS,50556,.pdf
1. CT Desenvolvimento de Sistemas_Aula Presencial_Testes de Sistemas.docx,sistema/TECNICO-INFORMATICA-INTERNET/MATERIAIS-EXISTENTES/Testes de Sistemas/1. CT Desenvolvimento de Sistemas_Aula Presencial_Testes de Sistemas.docx,sistema/TECNICO-INFORMATICA-INTERNET/MATERIAIS-EXISTENTES/Testes de Sistemas,50357,.docx
Ferramentas Digitais para Comunicação.docx,sistema/FICHA-PRODUTO-MAIS-TECH/INTRODUCAO_COMUNICACAO_ORAL_ESCRITA/04 - FERRAMENTAS-DIGITAIS/Ferramentas Digitais para Comunicação.docx,sistema/FICHA-PRODUTO-MAIS-TECH/INTRODUCAO_COMUNICACAO_ORAL_ESCRITA/04 - FERRAMENTAS-DIGITAIS,49997,.docx
cfe86d25984a3f9a14fe7bec2e7ed50962bf187ad67d6c2f8f9638493dce9d3b.json,sistema/BANCO_DE_DADOS/graphify-out/cache/ast/v0.8.36/cfe86d25984a3f9a14fe7bec2e7ed50962bf187ad67d6c2f8f9638493dce9d3b.json,sistema/BANCO_DE_DADOS/graphify-out/cache/ast/v0.8.36,49988,.json
b6028b753ade0f8fdcb37edcfb70998111f8bcbdead435b5d4030bcfc28762e5.json,graphify-out/cache/ast/v0.9.47-s2/b6028b753ade0f8fdcb37edcfb70998111f8bcbdead435b5d4030bcfc28762e5.json,graphify-out/cache/ast/v0.9.47-s2,49952,.json
APOSTILA_Introducao_Comunicacao_Oral_Escrita_Versao_Codex_1b54a92b.md,graphify-out/converted/APOSTILA_Introducao_Comunicacao_Oral_Escrita_Versao_Codex_1b54a92b.md,graphify-out/converted,49140,.md
Apostila_Padrao_SENAI_SC_Comunicacao_Oral_Escrita_Versao_Gemini_8a785ed7.md,graphify-out/converted/Apostila_Padrao_SENAI_SC_Comunicacao_Oral_Escrita_Versao_Gemini_8a785ed7.md,graphify-out/converted,48569,.md
AtividadesFerramentasDigitais.docx,sistema/FICHA-PRODUTO-MAIS-TECH/INTRODUCAO_COMUNICACAO_ORAL_ESCRITA/04 - FERRAMENTAS-DIGITAIS/AtividadesFerramentasDigitais.docx,sistema/FICHA-PRODUTO-MAIS-TECH/INTRODUCAO_COMUNICACAO_ORAL_ESCRITA/04 - FERRAMENTAS-DIGITAIS,47582,.docx
RESPOSTAS-06-08-2026.html,sistema/Tecnico em Desenvolvimento de Sistemas/LOGICA-PROGRAMACAO/RESPOSTAS-06-08-2026.html,sistema/Tecnico em Desenvolvimento de Sistemas/LOGICA-PROGRAMACAO,47578,.html
Apostila_Raciocinio_Logico_Professor_88dbc319.md,graphify-out/converted/Apostila_Raciocinio_Logico_Professor_88dbc319.md,graphify-out/converted,46958,.md
Apostila_Raciocinio_Logico_Professor_fcd452b5.md,graphify-out/converted/Apostila_Raciocinio_Logico_Professor_fcd452b5.md,graphify-out/converted,46958,.md
apostila_introducao_tic_2026_2.docx,sistema/INTRODUCAO_TIC-PRESIDENTE-GETULIO/AVALIACOES_CRIADAS/PROVA_OBJETIVA/apostila_introducao_tic_2026_2.docx,sistema/INTRODUCAO_TIC-PRESIDENTE-GETULIO/AVALIACOES_CRIADAS/PROVA_OBJETIVA,46752,.docx
02_venn_autoconhecimento.png,sistema/FICHA-PRODUTO-MAIS-TECH/EXPLORACAO_CARREIRAS_INDUSTRIAIS_TECNOLOGICAS/MATERIAIS/imagens-apostila/02_venn_autoconhecimento.png,sistema/FICHA-PRODUTO-MAIS-TECH/EXPLORACAO_CARREIRAS_INDUSTRIAIS_TECNOLOGICAS/MATERIAIS/imagens-apostila,46729,.png
b35c658a42965afe6fe9fe518ba357326fbc3f3327f4f3a1ed1dac1ccb1a3ecf.json,sistema/graphify-out/cache/ast/v0.8.36/b35c658a42965afe6fe9fe518ba357326fbc3f3327f4f3a1ed1dac1ccb1a3ecf.json,sistema/graphify-out/cache/ast/v0.8.36,46686,.json
07_clp_fluxo.png,sistema/FICHA-PRODUTO-MAIS-TECH/EXPLORACAO_CARREIRAS_INDUSTRIAIS_TECNOLOGICAS/MATERIAIS/imagens-apostila/07_clp_fluxo.png,sistema/FICHA-PRODUTO-MAIS-TECH/EXPLORACAO_CARREIRAS_INDUSTRIAIS_TECNOLOGICAS/MATERIAIS/imagens-apostila,46170,.png
gerar_slides.js,sistema/FICHA-PRODUTO-MAIS-TECH/NOCOES_ELETRICIDADE_CIRCUITOS_BASICOS/gerar_slides.js,sistema/FICHA-PRODUTO-MAIS-TECH/NOCOES_ELETRICIDADE_CIRCUITOS_BASICOS,45612,.js
SLIDE_INTERNET_WWW.html,sistema/INTRODUCAO_TIC-PRESIDENTE-GETULIO/AULAS/AULA-03-05-08-2026/SLIDE_INTERNET_WWW.html,sistema/INTRODUCAO_TIC-PRESIDENTE-GETULIO/AULAS/AULA-03-05-08-2026,45085,.html
Apostila_Reforco_Matematica_Raciocinio_Logico_a019517a.md,graphify-out/converted/Apostila_Reforco_Matematica_Raciocinio_Logico_a019517a.md,graphify-out/converted,44844,.md
d1912371454b7770863b0b00619ae113439046c3b37d9d0aada6a01a62b4da0a.json,sistema/BANCO_DE_DADOS/graphify-out/cache/ast/v0.8.36/d1912371454b7770863b0b00619ae113439046c3b37d9d0aada6a01a62b4da0a.json,sistema/BANCO_DE_DADOS/graphify-out/cache/ast/v0.8.36,44392,.json
db7009e25a68240e61cc510e8c5cca2d14321beb8cb65df2d16cdef5b34c8245.json,graphify-out/cache/ast/v0.9.47-s2/db7009e25a68240e61cc510e8c5cca2d14321beb8cb65df2d16cdef5b34c8245.json,graphify-out/cache/ast/v0.9.47-s2,43710,.json
Apostila_Exploracao_Carreiras_Industriais_Tecnologicas.md,sistema/FICHA-PRODUTO-MAIS-TECH/EXPLORACAO_CARREIRAS_INDUSTRIAIS_TECNOLOGICAS/Apostila_Exploracao_Carreiras_Industriais_Tecnologicas.md,sistema/FICHA-PRODUTO-MAIS-TECH/EXPLORACAO_CARREIRAS_INDUSTRIAIS_TECNOLOGICAS,43651,.md
RECUPERACAO-COMUNICACAO_ORAL_ESCRITA.docx,sistema/FICHA-PRODUTO-MAIS-TECH/INTRODUCAO_COMUNICACAO_ORAL_ESCRITA/AVALIACOES/RECUPERACAO-COMUNICACAO_ORAL_ESCRITA.docx,sistema/FICHA-PRODUTO-MAIS-TECH/INTRODUCAO_COMUNICACAO_ORAL_ESCRITA/AVALIACOES,42556,.docx
PROVA_SIMPLES_UC1_TIC_EQUIPES_2H.docx,sistema/INTRODUCAO_TIC-PRESIDENTE-GETULIO/AVALIACOES_CRIADAS/PROVA_PRATICA/PROVA_SIMPLES_UC1_TIC_EQUIPES_2H.docx,sistema/INTRODUCAO_TIC-PRESIDENTE-GETULIO/AVALIACOES_CRIADAS/PROVA_PRATICA,42467,.docx
criar_apostila_reforco_linguagens.py,scripts/criar_apostila_reforco_linguagens.py,scripts,41860,.py
gerar_slides.js,sistema/FICHA-PRODUTO-MAIS-TECH/FUNDAMENTOS_DA_TECNOLOGIA_E_PROGRAMACAO/gerar_slides.js,sistema/FICHA-PRODUTO-MAIS-TECH/FUNDAMENTOS_DA_TECNOLOGIA_E_PROGRAMACAO,41801,.js
apresentacao_da_equipe_09.pptx,sistema/INTRODUCAO_TIC-PRESIDENTE-GETULIO/AVALIACOES_CRIADAS/ENTREGAS-PROVA-PRATICA/EQUIPE_09/apresentacao_da_equipe_09.pptx,sistema/INTRODUCAO_TIC-PRESIDENTE-GETULIO/AVALIACOES_CRIADAS/ENTREGAS-PROVA-PRATICA/EQUIPE_09,41476,.pptx
APRESENTACAO_DA_EQUIPE.pptx,sistema/INTRODUCAO_TIC-PRESIDENTE-GETULIO/AVALIACOES_CRIADAS/ENTREGAS-PROVA-PRATICA/EQUIPE_03/APRESENTACAO_DA_EQUIPE.pptx,sistema/INTRODUCAO_TIC-PRESIDENTE-GETULIO/AVALIACOES_CRIADAS/ENTREGAS-PROVA-PRATICA/EQUIPE_03,41402,.pptx
SLIDE_SEGURANCA_INFORMACAO.html,sistema/INTRODUCAO_TIC-PRESIDENTE-GETULIO/AULAS/AULA-03-05-08-2026/SLIDE_SEGURANCA_INFORMACAO.html,sistema/INTRODUCAO_TIC-PRESIDENTE-GETULIO/AULAS/AULA-03-05-08-2026,41140,.html
09_salarios_ti.png,sistema/FICHA-PRODUTO-MAIS-TECH/EXPLORACAO_CARREIRAS_INDUSTRIAIS_TECNOLOGICAS/MATERIAIS/imagens-apostila/09_salarios_ti.png,sistema/FICHA-PRODUTO-MAIS-TECH/EXPLORACAO_CARREIRAS_INDUSTRIAIS_TECNOLOGICAS/MATERIAIS/imagens-apostila,41032,.png
Apostila_Comunicacao_15h_Versao_Joao_Revisado_2026_02.md,sistema/FICHA-PRODUTO-MAIS-TECH/INTRODUCAO_COMUNICACAO_ORAL_ESCRITA/Apostila_Comunicacao_15h_Versao_Joao_Revisado_2026_02.md,sistema/FICHA-PRODUTO-MAIS-TECH/INTRODUCAO_COMUNICACAO_ORAL_ESCRITA,40944,.md
AVALIACAO_PRATICA_COMUNICACAO_ORAL_ESCRITA.docx,sistema/FICHA-PRODUTO-MAIS-TECH/INTRODUCAO_COMUNICACAO_ORAL_ESCRITA/AVALIACOES/AVALIACAO_PRATICA_COMUNICACAO_ORAL_ESCRITA.docx,sistema/FICHA-PRODUTO-MAIS-TECH/INTRODUCAO_COMUNICACAO_ORAL_ESCRITA/AVALIACOES,40852,.docx
SLIDE_AULA_04.html,sistema/INTRODUCAO_TIC-PRESIDENTE-GETULIO/AULAS/AULA-04-06-08-2026/SLIDE_AULA_04.html,sistema/INTRODUCAO_TIC-PRESIDENTE-GETULIO/AULAS/AULA-04-06-08-2026,40276,.html
gerar_imagens.py,sistema/FICHA-PRODUTO-MAIS-TECH/EXPLORACAO_CARREIRAS_INDUSTRIAIS_TECNOLOGICAS/MATERIAIS/scripts/gerar_imagens.py,sistema/FICHA-PRODUTO-MAIS-TECH/EXPLORACAO_CARREIRAS_INDUSTRIAIS_TECNOLOGICAS/MATERIAIS/scripts,40060,.py
Apostila_Fundamentos_Tecnologia_Programacao_b2a91e70.md,graphify-out/converted/Apostila_Fundamentos_Tecnologia_Programacao_b2a91e70.md,graphify-out/converted,39925,.md
TEXTO-REFORCO-25-08-2026.docx,sistema/FICHA-PRODUTO-MAIS-TECH/REFORCO_LINGUAGENS/TEXTO-REFORCO-25-08-2026.docx,sistema/FICHA-PRODUTO-MAIS-TECH/REFORCO_LINGUAGENS,39800,.docx
SLIDE_APRESENTACAO_PROFESSOR.html,sistema/INTRODUCAO_TIC-PRESIDENTE-GETULIO/AULAS/AULA-01-03-08-2026/SLIDE_APRESENTACAO_PROFESSOR.html,sistema/INTRODUCAO_TIC-PRESIDENTE-GETULIO/AULAS/AULA-01-03-08-2026,39698,.html
b065e77dd02fbb0965536aea036f19d717e953a27e9838368eba2f26ef2fb8be.json,graphify-out/cache/ast/v0.9.47-s2/b065e77dd02fbb0965536aea036f19d717e953a27e9838368eba2f26ef2fb8be.json,graphify-out/cache/ast/v0.9.47-s2,39581,.json
76243abd37a29ef610c5fceef7dcab90a01fca9b36a09cd6b97b6f9c930ddac3.json,graphify-out/cache/ast/v0.9.47-s2/76243abd37a29ef610c5fceef7dcab90a01fca9b36a09cd6b97b6f9c930ddac3.json,graphify-out/cache/ast/v0.9.47-s2,39337,.json
ReforcoMatematicaRaciocinioLogico04.html,sistema/FICHA-PRODUTO-MAIS-TECH/REFORCO_MATEMATICA_E_RACIOCINIO_LOGICO/ReforcoMatematicaRaciocinioLogico04.html,sistema/FICHA-PRODUTO-MAIS-TECH/REFORCO_MATEMATICA_E_RACIOCINIO_LOGICO,39165,.html
SLIDE_AULA_02.html,sistema/INTRODUCAO_TIC-PRESIDENTE-GETULIO/AULAS/AULA-02-04-08-2026/SLIDE_AULA_02.html,sistema/INTRODUCAO_TIC-PRESIDENTE-GETULIO/AULAS/AULA-02-04-08-2026,39127,.html
apostila_introducao_tic_2026_2_745914ac.md,graphify-out/converted/apostila_introducao_tic_2026_2_745914ac.md,graphify-out/converted,38563,.md
APRESENTACAO_DA_EQUIPE.pptx,sistema/INTRODUCAO_TIC-PRESIDENTE-GETULIO/AVALIACOES_CRIADAS/ENTREGAS-PROVA-PRATICA/EQUIPE_10/APRESENTACAO_DA_EQUIPE.pptx,sistema/INTRODUCAO_TIC-PRESIDENTE-GETULIO/AVALIACOES_CRIADAS/ENTREGAS-PROVA-PRATICA/EQUIPE_10,38409,.pptx
Introdução a Tecnologia da Informação e Comunicação.pdf,sistema/INTRODUCAO_TIC-PRESIDENTE-GETULIO/Introdução a TIC-VICTOR-ANATO/Introdução a Tecnologia da Informação e Comunicação.pdf,sistema/INTRODUCAO_TIC-PRESIDENTE-GETULIO/Introdução a TIC-VICTOR-ANATO,38374,.pdf
669fd545b1dee38cb04723f48396b97a2ca1af4dbd3202ac6f5a3840c6979b9e.json,graphify-out/cache/ast/v0.9.47-s2/669fd545b1dee38cb04723f48396b97a2ca1af4dbd3202ac6f5a3840c6979b9e.json,graphify-out/cache/ast/v0.9.47-s2,38208,.json
apostila_introducao_tic_2026_2_1850905e.md,graphify-out/converted/apostila_introducao_tic_2026_2_1850905e.md,graphify-out/converted,38157,.md
apostila_introducao_tic_2026_2_492eeb83.md,graphify-out/converted/apostila_introducao_tic_2026_2_492eeb83.md,graphify-out/converted,38157,.md
apostila_introducao_tic_2026_2_d1682b46.md,graphify-out/converted/apostila_introducao_tic_2026_2_d1682b46.md,graphify-out/converted,38157,.md
Apostila_Reforco_Matematica_Raciocinio_Logico.md,sistema/FICHA-PRODUTO-MAIS-TECH/REFORCO_MATEMATICA_E_RACIOCINIO_LOGICO/Apostila_Reforco_Matematica_Raciocinio_Logico.md,sistema/FICHA-PRODUTO-MAIS-TECH/REFORCO_MATEMATICA_E_RACIOCINIO_LOGICO,37905,.md
notas-prova-pratica.html,sistema/INTRODUCAO_TIC-PRESIDENTE-GETULIO/AVALIACOES_CRIADAS/notas-prova-pratica.html,sistema/INTRODUCAO_TIC-PRESIDENTE-GETULIO/AVALIACOES_CRIADAS,37378,.html
Apostila-ANALISE-DADOS-APLICADA-GESTAO.docx,sistema/GESTAO_E_CONTROLE_MATERIAIS/ANALISE_DADOS_APLICADA_GESTAO/Apostila-ANALISE-DADOS-APLICADA-GESTAO.docx,sistema/GESTAO_E_CONTROLE_MATERIAIS/ANALISE_DADOS_APLICADA_GESTAO,37359,.docx
30c93a172feca051ccdc0446c0133845fc3c2a778d0767b4ff9c6ba435319c9b.json,graphify-out/cache/ast/v0.9.47-s2/30c93a172feca051ccdc0446c0133845fc3c2a778d0767b4ff9c6ba435319c9b.json,graphify-out/cache/ast/v0.9.47-s2,36889,.json
Apostila_Reforco_Matematica_Raciocinio_Logico_6a5f0aba.md,graphify-out/converted/Apostila_Reforco_Matematica_Raciocinio_Logico_6a5f0aba.md,graphify-out/converted,36777,.md
ead0474babb369df02fd18ef21cd1cea50d6d68cd50e5b7375d502ed73ff8e9e.json,graphify-out/cache/ast/v0.9.47-s2/ead0474babb369df02fd18ef21cd1cea50d6d68cd50e5b7375d502ed73ff8e9e.json,graphify-out/cache/ast/v0.9.47-s2,36756,.json
AtividadesFerramentasDigitaisFacil.docx,sistema/FICHA-PRODUTO-MAIS-TECH/INTRODUCAO_COMUNICACAO_ORAL_ESCRITA/04 - FERRAMENTAS-DIGITAIS/AtividadesFerramentasDigitaisFacil.docx,sistema/FICHA-PRODUTO-MAIS-TECH/INTRODUCAO_COMUNICACAO_ORAL_ESCRITA/04 - FERRAMENTAS-DIGITAIS,36708,.docx
Apostila_Reforco_Linguagens.md,sistema/FICHA-PRODUTO-MAIS-TECH/REFORCO_LINGUAGENS/Apostila_Reforco_Linguagens.md,sistema/FICHA-PRODUTO-MAIS-TECH/REFORCO_LINGUAGENS,36675,.md
APOSTILA-CEPLAS-VESPERTINO-2026-02.md,sistema/FICHA-PRODUTO-MAIS-TECH/INTRODUCAO_COMUNICACAO_ORAL_ESCRITA/CEPLAS-VESPERTINO-2026-02/APOSTILA-CEPLAS-VESPERTINO-2026-02.md,sistema/FICHA-PRODUTO-MAIS-TECH/INTRODUCAO_COMUNICACAO_ORAL_ESCRITA/CEPLAS-VESPERTINO-2026-02,36601,.md
39cb68eb358d7bb81ded80a0090f898066e67b6b94bd9189c5543cbf19c754dc.json,graphify-out/cache/ast/v0.9.47-s2/39cb68eb358d7bb81ded80a0090f898066e67b6b94bd9189c5543cbf19c754dc.json,graphify-out/cache/ast/v0.9.47-s2,36468,.json
b84e25bbf01e0ae9af324c6c7c2a0e5e4596540888fb7d19d7f357a9db83ca40.json,graphify-out/cache/ast/v0.9.47-s2/b84e25bbf01e0ae9af324c6c7c2a0e5e4596540888fb7d19d7f357a9db83ca40.json,graphify-out/cache/ast/v0.9.47-s2,36433,.json
APOSTILA_Reforco_Linguagens_0331f8c0.md,graphify-out/converted/APOSTILA_Reforco_Linguagens_0331f8c0.md,graphify-out/converted,36392,.md
ementa-slides.html,sistema/ementa-slides.html,sistema,36334,.html
dd9285cbf5ae0426137361f7cf175f314be6cb6e7239dd182d9c477b72b1e335.json,graphify-out/cache/ast/v0.9.47-s2/dd9285cbf5ae0426137361f7cf175f314be6cb6e7239dd182d9c477b72b1e335.json,graphify-out/cache/ast/v0.9.47-s2,35945,.json
MATERIAL_INTRODUCAO_TIC.html,sistema/INTRODUCAO_TIC-PRESIDENTE-GETULIO/MATERIAL_INTRODUCAO_TIC.html,sistema/INTRODUCAO_TIC-PRESIDENTE-GETULIO,35833,.html
1. CT Desenvolvimento de Sistemas_Aula Presencial_Testes de Sistemas_17e17c74.md,graphify-out/converted/1. CT Desenvolvimento de Sistemas_Aula Presencial_Testes de Sistemas_17e17c74.md,graphify-out/converted,35737,.md
1. CT Desenvolvimento de Sistemas_Aula Presencial_Testes de Sistemas_3fcfe335.md,graphify-out/converted/1. CT Desenvolvimento de Sistemas_Aula Presencial_Testes de Sistemas_3fcfe335.md,graphify-out/converted,35737,.md
APOSTILA-CEPLAS-VESPERTINO-2026-02_5eace7f6.md,graphify-out/converted/APOSTILA-CEPLAS-VESPERTINO-2026-02_5eace7f6.md,graphify-out/converted,35703,.md
20_salarios_industria.png,sistema/FICHA-PRODUTO-MAIS-TECH/EXPLORACAO_CARREIRAS_INDUSTRIAIS_TECNOLOGICAS/MATERIAIS/imagens-apostila/20_salarios_industria.png,sistema/FICHA-PRODUTO-MAIS-TECH/EXPLORACAO_CARREIRAS_INDUSTRIAIS_TECNOLOGICAS/MATERIAIS/imagens-apostila,35568,.png
criar_apostila_ferramentas_digitais.py,scripts/criar_apostila_ferramentas_digitais.py,scripts,35198,.py
ATIVIDADE-14-08-2026.html,sistema/INTRODUCAO_TIC-PRESIDENTE-GETULIO/AULAS/AULA-10-14-08-2026/ATIVIDADE-14-08-2026.html,sistema/INTRODUCAO_TIC-PRESIDENTE-GETULIO/AULAS/AULA-10-14-08-2026,34879,.html
APRESENTACAO_DA_EQUIPE.pptx,sistema/INTRODUCAO_TIC-PRESIDENTE-GETULIO/AVALIACOES_CRIADAS/ENTREGAS-PROVA-PRATICA/EQUIPE_08/APRESENTACAO_DA_EQUIPE.pptx,sistema/INTRODUCAO_TIC-PRESIDENTE-GETULIO/AVALIACOES_CRIADAS/ENTREGAS-PROVA-PRATICA/EQUIPE_08,34080,.pptx
Apostila_Raciocinio_Logico_Professor.docx,sistema/FICHA-PRODUTO-MAIS-TECH/REFORCO_MATEMATICA_E_RACIOCINIO_LOGICO/Apostila_Raciocinio_Logico_Professor.docx,sistema/FICHA-PRODUTO-MAIS-TECH/REFORCO_MATEMATICA_E_RACIOCINIO_LOGICO,33823,.docx
281d83752ad9ea88438d132bd56f8d5f6e82655cfe07527b7577df624b269b8b.json,graphify-out/cache/ast/v0.9.47-s2/281d83752ad9ea88438d132bd56f8d5f6e82655cfe07527b7577df624b269b8b.json,graphify-out/cache/ast/v0.9.47-s2,33816,.json
5cd2e877a99db84c9d52e187f8ef5b9c3fc6080189b200a70e3c316e2a147392.json,graphify-out/cache/ast/v0.9.47-s2/5cd2e877a99db84c9d52e187f8ef5b9c3fc6080189b200a70e3c316e2a147392.json,graphify-out/cache/ast/v0.9.47-s2,33797,.json
ReforcoMatematicaRaciocinioLogico03.html,sistema/FICHA-PRODUTO-MAIS-TECH/REFORCO_MATEMATICA_E_RACIOCINIO_LOGICO/ReforcoMatematicaRaciocinioLogico03.html,sistema/FICHA-PRODUTO-MAIS-TECH/REFORCO_MATEMATICA_E_RACIOCINIO_LOGICO,33745,.html
SLIDE_AULA_05.html,sistema/INTRODUCAO_TIC-PRESIDENTE-GETULIO/AULAS/AULA-05-07-08-2026/SLIDE_AULA_05.html,sistema/INTRODUCAO_TIC-PRESIDENTE-GETULIO/AULAS/AULA-05-07-08-2026,33475,.html
a312f376d47cbd3b63d3495c58191b42f18d8e0986b36e94be500401ed45c55a.json,graphify-out/cache/ast/v0.9.47-s2/a312f376d47cbd3b63d3495c58191b42f18d8e0986b36e94be500401ed45c55a.json,graphify-out/cache/ast/v0.9.47-s2,32283,.json
92668022ef5f462ccf0506c1fa590d1748b64a32d34a8a1b852cde4671ec69ba.json,sistema/BANCO_DE_DADOS/graphify-out/cache/ast/v0.8.36/92668022ef5f462ccf0506c1fa590d1748b64a32d34a8a1b852cde4671ec69ba.json,sistema/BANCO_DE_DADOS/graphify-out/cache/ast/v0.8.36,32057,.json
Slide-Aula02-Fracoes-Proporcao-Logica.html,sistema/FICHA-PRODUTO-MAIS-TECH/REFORCO_MATEMATICA_E_RACIOCINIO_LOGICO/AULAS/Slide-Aula02-Fracoes-Proporcao-Logica.html,sistema/FICHA-PRODUTO-MAIS-TECH/REFORCO_MATEMATICA_E_RACIOCINIO_LOGICO/AULAS,31726,.html
d43ceacf22be40bf9fc2bc8630d6f66ccf642ddc7ec827d17bb73d8680696f55.json,sistema/graphify-out/cache/ast/v0.8.36/d43ceacf22be40bf9fc2bc8630d6f66ccf642ddc7ec827d17bb73d8680696f55.json,sistema/graphify-out/cache/ast/v0.8.36,31707,.json
716ea69a98359791cfea8bb8f8d24b765f02287022623029dad42fe0e0906002.json,graphify-out/cache/ast/v0.9.47-s2/716ea69a98359791cfea8bb8f8d24b765f02287022623029dad42fe0e0906002.json,graphify-out/cache/ast/v0.9.47-s2,31477,.json
Plano com SA Testes de sofwtare.pdf,sistema/TECNICO-INFORMATICA-INTERNET/MATERIAIS-EXISTENTES/Teste de Sistemas/Material Apoio UC Teste de Sistemas-20260721T164545Z-1-001/Material Apoio UC Teste de Sistemas/Plano com SA Testes de sofwtare.pdf,sistema/TECNICO-INFORMATICA-INTERNET/MATERIAIS-EXISTENTES/Teste de Sistemas/Material Apoio UC Teste de Sistemas-20260721T164545Z-1-001/Material Apoio UC Teste de Sistemas,31423,.pdf
ATIVIDADES-CEPLAS-VESPERTINO-2026-02.docx,sistema/FICHA-PRODUTO-MAIS-TECH/INTRODUCAO_COMUNICACAO_ORAL_ESCRITA/CEPLAS-VESPERTINO-2026-02/ATIVIDADES-CEPLAS-VESPERTINO-2026-02.docx,sistema/FICHA-PRODUTO-MAIS-TECH/INTRODUCAO_COMUNICACAO_ORAL_ESCRITA/CEPLAS-VESPERTINO-2026-02,31204,.docx
ATIVIDADE-EPISODIO-02.docx,sistema/FICHA-PRODUTO-MAIS-TECH/EXPLORACAO_CARREIRAS_INDUSTRIAIS_TECNOLOGICAS/substituicoes/ATIVIDADE-EPISODIO-02.docx,sistema/FICHA-PRODUTO-MAIS-TECH/EXPLORACAO_CARREIRAS_INDUSTRIAIS_TECNOLOGICAS/substituicoes,30975,.docx
ATIVIDADE-EPISODIO-02.docx,sistema/FICHA-PRODUTO-MAIS-TECH/EXPLORACAO_CARREIRAS_INDUSTRIAIS_TECNOLOGICAS/substituicoes/documentos-para-impressao/ATIVIDADE-EPISODIO-02.docx,sistema/FICHA-PRODUTO-MAIS-TECH/EXPLORACAO_CARREIRAS_INDUSTRIAIS_TECNOLOGICAS/substituicoes/documentos-para-impressao,30975,.docx
e5fc5507745e7680e58bd6dc5eba4054283f35cca670ea42715ea5b5b41bd4fa.json,graphify-out/cache/ast/v0.9.47-s2/e5fc5507745e7680e58bd6dc5eba4054283f35cca670ea42715ea5b5b41bd4fa.json,graphify-out/cache/ast/v0.9.47-s2,30655,.json
3ea7867039503ae1dd80be820c83418ab94fb63b366096a4ca2fb09887d0cf45.json,graphify-out/cache/ast/v0.9.47-s2/3ea7867039503ae1dd80be820c83418ab94fb63b366096a4ca2fb09887d0cf45.json,graphify-out/cache/ast/v0.9.47-s2,30457,.json
06f4d8cb23537b782e0b13cbb830ff333b23e8677e69a2d5fbd4b6da0c16778b.json,graphify-out/cache/ast/v0.9.47-s2/06f4d8cb23537b782e0b13cbb830ff333b23e8677e69a2d5fbd4b6da0c16778b.json,graphify-out/cache/ast/v0.9.47-s2,30432,.json
ATIVIDADE-EPISODIO-01.docx,sistema/FICHA-PRODUTO-MAIS-TECH/EXPLORACAO_CARREIRAS_INDUSTRIAIS_TECNOLOGICAS/substituicoes/ATIVIDADE-EPISODIO-01.docx,sistema/FICHA-PRODUTO-MAIS-TECH/EXPLORACAO_CARREIRAS_INDUSTRIAIS_TECNOLOGICAS/substituicoes,30293,.docx
ATIVIDADE-EPISODIO-01.docx,sistema/FICHA-PRODUTO-MAIS-TECH/EXPLORACAO_CARREIRAS_INDUSTRIAIS_TECNOLOGICAS/substituicoes/documentos-para-impressao/ATIVIDADE-EPISODIO-01.docx,sistema/FICHA-PRODUTO-MAIS-TECH/EXPLORACAO_CARREIRAS_INDUSTRIAIS_TECNOLOGICAS/substituicoes/documentos-para-impressao,30293,.docx
357425e5dfde181965fd6627a151b818fa7d3878b9076ad0fa0e66e0220f3df5.json,graphify-out/cache/ast/v0.9.47-s2/357425e5dfde181965fd6627a151b818fa7d3878b9076ad0fa0e66e0220f3df5.json,graphify-out/cache/ast/v0.9.47-s2,30240,.json
AULA 03-09-10-2026.pptx,sistema/TECNICO-INFORMATICA-INTERNET/TESTES DE FRONTEND/AULAS/AULA 03-09-10-2026.pptx,sistema/TECNICO-INFORMATICA-INTERNET/TESTES DE FRONTEND/AULAS,29957,.pptx
AULA 04-09-10-2026.pptx,sistema/TECNICO-INFORMATICA-INTERNET/TESTES DE FRONTEND/AULAS/AULA 04-09-10-2026.pptx,sistema/TECNICO-INFORMATICA-INTERNET/TESTES DE FRONTEND/AULAS,29953,.pptx
AULA 05-14-10-2026.pptx,sistema/TECNICO-INFORMATICA-INTERNET/TESTES DE FRONTEND/AULAS/AULA 05-14-10-2026.pptx,sistema/TECNICO-INFORMATICA-INTERNET/TESTES DE FRONTEND/AULAS,29936,.pptx
AULA 01-09-10-2026.pptx,sistema/TECNICO-INFORMATICA-INTERNET/TESTES DE FRONTEND/AULAS/AULA 01-09-10-2026.pptx,sistema/TECNICO-INFORMATICA-INTERNET/TESTES DE FRONTEND/AULAS,29921,.pptx
AULA 02-09-10-2026.pptx,sistema/TECNICO-INFORMATICA-INTERNET/TESTES DE FRONTEND/AULAS/AULA 02-09-10-2026.pptx,sistema/TECNICO-INFORMATICA-INTERNET/TESTES DE FRONTEND/AULAS,29917,.pptx
ae33851273b49cca9cc75acb03dc58e1b364f22f4378b4b10e97a218ed3e322d.json,graphify-out/cache/ast/v0.9.47-s2/ae33851273b49cca9cc75acb03dc58e1b364f22f4378b4b10e97a218ed3e322d.json,graphify-out/cache/ast/v0.9.47-s2,29771,.json
Avaliacao_Gestao_Controle_de_Materiais-15-questoes.docx,GESTAO-E-MATERIAIS/Avaliacao_Gestao_Controle_de_Materiais-15-questoes.docx,GESTAO-E-MATERIAIS,29411,.docx
SLIDE_AULA_08.html,sistema/INTRODUCAO_TIC-PRESIDENTE-GETULIO/AULAS/AULA-08-12-08-2026/SLIDE_AULA_08.html,sistema/INTRODUCAO_TIC-PRESIDENTE-GETULIO/AULAS/AULA-08-12-08-2026,29275,.html
AULA 06-14-10-2026.pptx,sistema/TECNICO-INFORMATICA-INTERNET/TESTES DE FRONTEND/AULAS/AULA 06-14-10-2026.pptx,sistema/TECNICO-INFORMATICA-INTERNET/TESTES DE FRONTEND/AULAS,28663,.pptx
AULA 09-15-10-2026.pptx,sistema/TECNICO-INFORMATICA-INTERNET/TESTES DE FRONTEND/AULAS/AULA 09-15-10-2026.pptx,sistema/TECNICO-INFORMATICA-INTERNET/TESTES DE FRONTEND/AULAS,28662,.pptx
AULA 08-14-10-2026.pptx,sistema/TECNICO-INFORMATICA-INTERNET/TESTES DE FRONTEND/AULAS/AULA 08-14-10-2026.pptx,sistema/TECNICO-INFORMATICA-INTERNET/TESTES DE FRONTEND/AULAS,28661,.pptx
AULA 07-14-10-2026.pptx,sistema/TECNICO-INFORMATICA-INTERNET/TESTES DE FRONTEND/AULAS/AULA 07-14-10-2026.pptx,sistema/TECNICO-INFORMATICA-INTERNET/TESTES DE FRONTEND/AULAS,28660,.pptx
AULA 10-15-10-2026.pptx,sistema/TECNICO-INFORMATICA-INTERNET/TESTES DE FRONTEND/AULAS/AULA 10-15-10-2026.pptx,sistema/TECNICO-INFORMATICA-INTERNET/TESTES DE FRONTEND/AULAS,28621,.pptx
Apostila_Reforco_Matematica_Raciocinio_Logico.docx,sistema/FICHA-PRODUTO-MAIS-TECH/REFORCO_MATEMATICA_E_RACIOCINIO_LOGICO/Apostila_Reforco_Matematica_Raciocinio_Logico.docx,sistema/FICHA-PRODUTO-MAIS-TECH/REFORCO_MATEMATICA_E_RACIOCINIO_LOGICO,28496,.docx
d77b15b636243d4b3bbf150e6697f5035ab90210ababaaef4ac600945f5cb6cd.json,graphify-out/cache/ast/v0.9.47-s2/d77b15b636243d4b3bbf150e6697f5035ab90210ababaaef4ac600945f5cb6cd.json,graphify-out/cache/ast/v0.9.47-s2,28220,.json
GABARITO-ATIVIDADE-EPISODIO-02.docx,sistema/FICHA-PRODUTO-MAIS-TECH/EXPLORACAO_CARREIRAS_INDUSTRIAIS_TECNOLOGICAS/substituicoes/GABARITO-ATIVIDADE-EPISODIO-02.docx,sistema/FICHA-PRODUTO-MAIS-TECH/EXPLORACAO_CARREIRAS_INDUSTRIAIS_TECNOLOGICAS/substituicoes,28129,.docx
GABARITO-ATIVIDADE-EPISODIO-02.docx,sistema/FICHA-PRODUTO-MAIS-TECH/EXPLORACAO_CARREIRAS_INDUSTRIAIS_TECNOLOGICAS/substituicoes/documentos-para-impressao/GABARITO-ATIVIDADE-EPISODIO-02.docx,sistema/FICHA-PRODUTO-MAIS-TECH/EXPLORACAO_CARREIRAS_INDUSTRIAIS_TECNOLOGICAS/substituicoes/documentos-para-impressao,28129,.docx
SA e PLANO DE AULA_TESTE DE SISTEMAS_DESENVOLVIMENTO DE SISTEMAS_96a0a770.md,graphify-out/converted/SA e PLANO DE AULA_TESTE DE SISTEMAS_DESENVOLVIMENTO DE SISTEMAS_96a0a770.md,graphify-out/converted,28105,.md
SA e PLANO DE AULA_TESTE DE SISTEMAS_DESENVOLVIMENTO DE SISTEMAS_caed47a2.md,graphify-out/converted/SA e PLANO DE AULA_TESTE DE SISTEMAS_DESENVOLVIMENTO DE SISTEMAS_caed47a2.md,graphify-out/converted,28105,.md
9e4f798d6950297f0e42e8a7e0a45e6d98fdda370f8f16deeb7624b14777fedd.json,graphify-out/cache/ast/v0.9.47-s2/9e4f798d6950297f0e42e8a7e0a45e6d98fdda370f8f16deeb7624b14777fedd.json,graphify-out/cache/ast/v0.9.47-s2,28033,.json
5e2043db69c7ed54aa47009e7ba5aa1bd77cad3d61eec91dc82decfb39f53ecb.json,graphify-out/cache/ast/v0.9.47-s2/5e2043db69c7ed54aa47009e7ba5aa1bd77cad3d61eec91dc82decfb39f53ecb.json,graphify-out/cache/ast/v0.9.47-s2,28021,.json
ORIENTACAO-GOOGLE-FORMS-API.html,sistema/ORIENTACAO-GOOGLE-FORMS-API.html,sistema,27998,.html
fd124532ce85509de4b60b3b746d679197720654b379f15168c404de9cfc65ff.json,graphify-out/cache/ast/v0.9.47-s2/fd124532ce85509de4b60b3b746d679197720654b379f15168c404de9cfc65ff.json,graphify-out/cache/ast/v0.9.47-s2,27790,.json
2d6c6ee52c2a90a00068fec8d8c32810a87f65d08cf8884f0355463a66ae81e4.json,graphify-out/cache/ast/v0.9.47-s2/2d6c6ee52c2a90a00068fec8d8c32810a87f65d08cf8884f0355463a66ae81e4.json,graphify-out/cache/ast/v0.9.47-s2,27788,.json
GABARITO-ATIVIDADE-EPISODIO-01.docx,sistema/FICHA-PRODUTO-MAIS-TECH/EXPLORACAO_CARREIRAS_INDUSTRIAIS_TECNOLOGICAS/substituicoes/GABARITO-ATIVIDADE-EPISODIO-01.docx,sistema/FICHA-PRODUTO-MAIS-TECH/EXPLORACAO_CARREIRAS_INDUSTRIAIS_TECNOLOGICAS/substituicoes,27700,.docx
GABARITO-ATIVIDADE-EPISODIO-01.docx,sistema/FICHA-PRODUTO-MAIS-TECH/EXPLORACAO_CARREIRAS_INDUSTRIAIS_TECNOLOGICAS/substituicoes/documentos-para-impressao/GABARITO-ATIVIDADE-EPISODIO-01.docx,sistema/FICHA-PRODUTO-MAIS-TECH/EXPLORACAO_CARREIRAS_INDUSTRIAIS_TECNOLOGICAS/substituicoes/documentos-para-impressao,27700,.docx
CLAUDE.md,CLAUDE.md,.,27576,.md
gerar_slides.js,sistema/FICHA-PRODUTO-MAIS-TECH/EXPLORACAO_CARREIRAS_INDUSTRIAIS_TECNOLOGICAS/gerar_slides.js,sistema/FICHA-PRODUTO-MAIS-TECH/EXPLORACAO_CARREIRAS_INDUSTRIAIS_TECNOLOGICAS,27500,.js
f32793f1f2820f3e4676fba2af38f476d10bf41161cdf607c8b008a2e62d2be8.json,graphify-out/cache/ast/v0.9.47-s2/f32793f1f2820f3e4676fba2af38f476d10bf41161cdf607c8b008a2e62d2be8.json,graphify-out/cache/ast/v0.9.47-s2,27474,.json
6daad25369329cea5e261f3b09fa4bea30657714c845339790cabf24a56af62a.json,graphify-out/cache/ast/v0.9.47-s2/6daad25369329cea5e261f3b09fa4bea30657714c845339790cabf24a56af62a.json,graphify-out/cache/ast/v0.9.47-s2,27469,.json
HISTORIA_COMPUTACAO_AULA_01.html,sistema/INTRODUCAO_TIC-PRESIDENTE-GETULIO/AULAS/AULA-01-03-08-2026/HISTORIA_COMPUTACAO_AULA_01.html,sistema/INTRODUCAO_TIC-PRESIDENTE-GETULIO/AULAS/AULA-01-03-08-2026,26933,.html
ecfb1641fbb34ad7c8a03aa72701e25a56603d5c1c3f17f581095e8495f15568.json,graphify-out/cache/ast/v0.9.47-s2/ecfb1641fbb34ad7c8a03aa72701e25a56603d5c1c3f17f581095e8495f15568.json,graphify-out/cache/ast/v0.9.47-s2,26819,.json
ATIVIDADE-CARREIRAS-TECNOLOGICAS-04-09-2026.docx,sistema/FICHA-PRODUTO-MAIS-TECH/EXPLORACAO_CARREIRAS_INDUSTRIAIS_TECNOLOGICAS/ATIVIDADES/ATIVIDADE-CARREIRAS-TECNOLOGICAS-04-09-2026.docx,sistema/FICHA-PRODUTO-MAIS-TECH/EXPLORACAO_CARREIRAS_INDUSTRIAIS_TECNOLOGICAS/ATIVIDADES,26738,.docx
dashboard-correcao-prova-pratica.html,sistema/INTRODUCAO_TIC-PRESIDENTE-GETULIO/AVALIACOES_CRIADAS/dashboard-correcao-prova-pratica.html,sistema/INTRODUCAO_TIC-PRESIDENTE-GETULIO/AVALIACOES_CRIADAS,26535,.html
5e7e67abc3cdfe634b2275d6583b8904c1fa459e6962953dd965b0c70f06ead9.json,graphify-out/cache/ast/v0.9.47-s2/5e7e67abc3cdfe634b2275d6583b8904c1fa459e6962953dd965b0c70f06ead9.json,graphify-out/cache/ast/v0.9.47-s2,26326,.json
5c1f7a6e56fa84485ddb1ca2994e53ccd06709a513d67fb5cb8952faf157b73d.json,graphify-out/cache/ast/v0.9.47-s2/5c1f7a6e56fa84485ddb1ca2994e53ccd06709a513d67fb5cb8952faf157b73d.json,graphify-out/cache/ast/v0.9.47-s2,26126,.json
80038f5791328d77ca757978670fbcecbe64802823cce2f7eb02dd2150e1a110.json,graphify-out/cache/ast/v0.9.47-s2/80038f5791328d77ca757978670fbcecbe64802823cce2f7eb02dd2150e1a110.json,graphify-out/cache/ast/v0.9.47-s2,26090,.json
a934a84719c120bf3b322458016a1121f4e7cc8fed35f102c9f350ea8e96c4b1.json,graphify-out/cache/ast/v0.9.47-s2/a934a84719c120bf3b322458016a1121f4e7cc8fed35f102c9f350ea8e96c4b1.json,graphify-out/cache/ast/v0.9.47-s2,26062,.json
ReforcoMatematicaRaciocinioLogico02.html,sistema/FICHA-PRODUTO-MAIS-TECH/REFORCO_MATEMATICA_E_RACIOCINIO_LOGICO/ReforcoMatematicaRaciocinioLogico02.html,sistema/FICHA-PRODUTO-MAIS-TECH/REFORCO_MATEMATICA_E_RACIOCINIO_LOGICO,26036,.html
MIDIAS.js,sistema/FICHA-PRODUTO-MAIS-TECH/FUNDAMENTOS_DA_TECNOLOGIA_E_PROGRAMACAO/AULAS/MIDIAS.js,sistema/FICHA-PRODUTO-MAIS-TECH/FUNDAMENTOS_DA_TECNOLOGIA_E_PROGRAMACAO/AULAS,25993,.js
32c87b708e5f37f61be309fbcbb2a3d7ea987d85a0e26802946333348634953c.json,graphify-out/cache/ast/v0.9.47-s2/32c87b708e5f37f61be309fbcbb2a3d7ea987d85a0e26802946333348634953c.json,graphify-out/cache/ast/v0.9.47-s2,25875,.json
ATIVIDADE-06-Documento-Tecnico-Completo.md,sistema/BANCO_DE_DADOS/gabarito-avaliacao-pratica-banco-dados/ATIVIDADE-06-Documento-Tecnico-Completo.md,sistema/BANCO_DE_DADOS/gabarito-avaliacao-pratica-banco-dados,25748,.md
GOOGLE-DOCS-X-MICROSOFT-WORD-PADRÃO-EDITORIAL.html,sistema/FICHA-PRODUTO-MAIS-TECH/FUNDAMENTOS_DA_TECNOLOGIA_E_PROGRAMACAO/PLANO-3-AULAS/VERSAO-CLAUDE/01-COMPARATIVOS/GOOGLE-DOCS-X-MICROSOFT-WORD-PADRÃO-EDITORIAL.html,sistema/FICHA-PRODUTO-MAIS-TECH/FUNDAMENTOS_DA_TECNOLOGIA_E_PROGRAMACAO/PLANO-3-AULAS/VERSAO-CLAUDE/01-COMPARATIVOS,25684,.html
GUIA_DA_EQUIPE.docx,sistema/INTRODUCAO_TIC-PRESIDENTE-GETULIO/AVALIACOES_CRIADAS/ENTREGAS-PROVA-PRATICA/EQUIPE_09/GUIA_DA_EQUIPE.docx,sistema/INTRODUCAO_TIC-PRESIDENTE-GETULIO/AVALIACOES_CRIADAS/ENTREGAS-PROVA-PRATICA/EQUIPE_09,25657,.docx
a6eca3ef11328dc3698df99a91b85cc217c48d0d3f72c4dc4e619279c0920183.json,graphify-out/cache/ast/v0.9.47-s2/a6eca3ef11328dc3698df99a91b85cc217c48d0d3f72c4dc4e619279c0920183.json,graphify-out/cache/ast/v0.9.47-s2,25538,.json
ec59500e71e2f2ab1e4b158a06e81b280f1ce7c2bf806bfd33046b17c286fd65.json,graphify-out/cache/ast/v0.9.47-s2/ec59500e71e2f2ab1e4b158a06e81b280f1ce7c2bf806bfd33046b17c286fd65.json,graphify-out/cache/ast/v0.9.47-s2,25453,.json
Avaliação prática banco de dados_2f108be0.md,graphify-out/converted/Avaliação prática banco de dados_2f108be0.md,graphify-out/converted,25303,.md
Avaliação prática banco de dados_2f108be0.md,sistema/BANCO_DE_DADOS/graphify-out/converted/Avaliação prática banco de dados_2f108be0.md,sistema/BANCO_DE_DADOS/graphify-out/converted,25303,.md
FERRAMENTAS_MICROSOFT.html,sistema/INTRODUCAO_TIC-PRESIDENTE-GETULIO/AULA-13-24-08-2026-FERRAMENTAS_MICROSOFT/FERRAMENTAS_MICROSOFT.html,sistema/INTRODUCAO_TIC-PRESIDENTE-GETULIO/AULA-13-24-08-2026-FERRAMENTAS_MICROSOFT,25248,.html
3. Exame final [GABARITO]_UC Testes de Sistemas.docx,sistema/TECNICO-INFORMATICA-INTERNET/MATERIAIS-EXISTENTES/Testes de Sistemas/3. Exame final [GABARITO]_UC Testes de Sistemas.docx,sistema/TECNICO-INFORMATICA-INTERNET/MATERIAIS-EXISTENTES/Testes de Sistemas,25208,.docx
2. Exame final [ALUNO]_UC Testes de Sistemas.docx,sistema/TECNICO-INFORMATICA-INTERNET/MATERIAIS-EXISTENTES/Testes de Sistemas/2. Exame final [ALUNO]_UC Testes de Sistemas.docx,sistema/TECNICO-INFORMATICA-INTERNET/MATERIAIS-EXISTENTES/Testes de Sistemas,25120,.docx
14afd8fee735fe32ff52e436bed416ce2361e8e4f0bf6641f0e9dc3a91e73918.json,graphify-out/cache/ast/v0.9.47-s2/14afd8fee735fe32ff52e436bed416ce2361e8e4f0bf6641f0e9dc3a91e73918.json,graphify-out/cache/ast/v0.9.47-s2,25021,.json
3dd9d2245822f0b763618a221379603cd5e8c0a25911694c8a71cec4665e24ca.json,graphify-out/cache/ast/v0.9.47-s2/3dd9d2245822f0b763618a221379603cd5e8c0a25911694c8a71cec4665e24ca.json,graphify-out/cache/ast/v0.9.47-s2,25010,.json
index.html,ANALISES/index.html,ANALISES,24923,.html
390a2533d5c8219e3c77d8d131e2db8848eb1b868a8c6cdb7ee2e7b2f38467e2.json,graphify-out/cache/ast/v0.9.47-s2/390a2533d5c8219e3c77d8d131e2db8848eb1b868a8c6cdb7ee2e7b2f38467e2.json,graphify-out/cache/ast/v0.9.47-s2,24902,.json
dabe0292161ce290552effd35fc376f09cb388f3b82ed90f7b4f1f5e6641c5ff.json,graphify-out/cache/ast/v0.9.47-s2/dabe0292161ce290552effd35fc376f09cb388f3b82ed90f7b4f1f5e6641c5ff.json,graphify-out/cache/ast/v0.9.47-s2,24865,.json
ReforcoMatematicaRaciocinioLogico01.html,sistema/FICHA-PRODUTO-MAIS-TECH/REFORCO_MATEMATICA_E_RACIOCINIO_LOGICO/ReforcoMatematicaRaciocinioLogico01.html,sistema/FICHA-PRODUTO-MAIS-TECH/REFORCO_MATEMATICA_E_RACIOCINIO_LOGICO,24692,.html
57658260e0c2b937823f9b0e6ba8e39550f6fdee0ccdf8e8d5bc00f3b4ab95d8.json,sistema/graphify-out/cache/ast/v0.8.36/57658260e0c2b937823f9b0e6ba8e39550f6fdee0ccdf8e8d5bc00f3b4ab95d8.json,sistema/graphify-out/cache/ast/v0.8.36,24531,.json
gerar_apostila.js,sistema/FICHA-PRODUTO-MAIS-TECH/EXPLORACAO_CARREIRAS_INDUSTRIAIS_TECNOLOGICAS/MATERIAIS/scripts/gerar_apostila.js,sistema/FICHA-PRODUTO-MAIS-TECH/EXPLORACAO_CARREIRAS_INDUSTRIAIS_TECNOLOGICAS/MATERIAIS/scripts,24458,.js
4e06690254fc520d9816b9efdd66f6bee3656f2a1919e2cb21a5d9a8f8d2ccbd.json,graphify-out/cache/ast/v0.9.47-s2/4e06690254fc520d9816b9efdd66f6bee3656f2a1919e2cb21a5d9a8f8d2ccbd.json,graphify-out/cache/ast/v0.9.47-s2,24316,.json
SA TESI.pdf,sistema/TECNICO-INFORMATICA-INTERNET/MATERIAIS-EXISTENTES/Teste de Sistemas/Material Apoio UC Teste de Sistemas-20260721T164545Z-1-001/Material Apoio UC Teste de Sistemas/SA TESI.pdf,sistema/TECNICO-INFORMATICA-INTERNET/MATERIAIS-EXISTENTES/Teste de Sistemas/Material Apoio UC Teste de Sistemas-20260721T164545Z-1-001/Material Apoio UC Teste de Sistemas,24262,.pdf
infografico.css,sistema/GERADOR-INFOGRAFICOS/infografico.css,sistema/GERADOR-INFOGRAFICOS,23901,.css
ATIVIDADE-03-Scripts-DDL-DML.sql,sistema/BANCO_DE_DADOS/gabarito-avaliacao-pratica-banco-dados/ATIVIDADE-03-Scripts-DDL-DML.sql,sistema/BANCO_DE_DADOS/gabarito-avaliacao-pratica-banco-dados,23891,.sql
606a479b0efa442a7bca6f682858f68f501aab5aceca998eaf3d2c76923e4ea7.json,sistema/BANCO_DE_DADOS/graphify-out/cache/ast/v0.8.36/606a479b0efa442a7bca6f682858f68f501aab5aceca998eaf3d2c76923e4ea7.json,sistema/BANCO_DE_DADOS/graphify-out/cache/ast/v0.8.36,23613,.json
2a55075ef8f8afe228969b5b6b8b2ab08493af32dc6533fb64e4de20f6e48a82.json,graphify-out/cache/ast/v0.9.47-s2/2a55075ef8f8afe228969b5b6b8b2ab08493af32dc6533fb64e4de20f6e48a82.json,graphify-out/cache/ast/v0.9.47-s2,23578,.json
ATIVIDADE_EQUIPE_06_08_2026.html,sistema/INTRODUCAO_TIC-PRESIDENTE-GETULIO/AULAS/AULA-04-06-08-2026/ATIVIDADE_EQUIPE_06_08_2026.html,sistema/INTRODUCAO_TIC-PRESIDENTE-GETULIO/AULAS/AULA-04-06-08-2026,23316,.html
61cc48801a81f3abbf6f0e2cc0a8df2ba014433bb887b75f8d3379a37886fd1e.json,graphify-out/cache/ast/v0.9.47-s2/61cc48801a81f3abbf6f0e2cc0a8df2ba014433bb887b75f8d3379a37886fd1e.json,graphify-out/cache/ast/v0.9.47-s2,23200,.json
5ae6efc368d640af276f4329af0778dfbff72aa12989c4eded5bebfa46fd94f7.json,graphify-out/cache/ast/v0.9.47-s2/5ae6efc368d640af276f4329af0778dfbff72aa12989c4eded5bebfa46fd94f7.json,graphify-out/cache/ast/v0.9.47-s2,22978,.json
PLANO-AULAS.md,sistema/TECNICO-INFORMATICA-INTERNET/TESTES DE FRONTEND/PLANO-AULAS.md,sistema/TECNICO-INFORMATICA-INTERNET/TESTES DE FRONTEND,22916,.md
CLAUDE.md,E-MAIL-SENAI/CLAUDE.md,E-MAIL-SENAI,22850,.md
4e1f728fbee43c5e2c0e490c0728a4a77ba8ef8bb45f17c711c6e89b9b2f1b6c.json,graphify-out/cache/ast/v0.9.47-s2/4e1f728fbee43c5e2c0e490c0728a4a77ba8ef8bb45f17c711c6e89b9b2f1b6c.json,graphify-out/cache/ast/v0.9.47-s2,22823,.json
56e97b70f20a0938643500478473717b79c12e93f7dc43d76296228cec49482b.json,graphify-out/cache/ast/v0.9.47-s2/56e97b70f20a0938643500478473717b79c12e93f7dc43d76296228cec49482b.json,graphify-out/cache/ast/v0.9.47-s2,22655,.json
772ab9143bba029b4ef0007fed5db202841002af60ecd6d696486b2f8a2c262e.json,graphify-out/cache/ast/v0.9.47-s2/772ab9143bba029b4ef0007fed5db202841002af60ecd6d696486b2f8a2c262e.json,graphify-out/cache/ast/v0.9.47-s2,22553,.json
f99276bba15a0aa03c8e9d81bc61a91b53e7d023dfe36ec9060180a8cabf5a34.json,graphify-out/cache/ast/v0.9.47-s2/f99276bba15a0aa03c8e9d81bc61a91b53e7d023dfe36ec9060180a8cabf5a34.json,graphify-out/cache/ast/v0.9.47-s2,22458,.json
database.sql,sistema/database.sql,sistema,22442,.sql
9cbb613a36ece2b86660d3bead6fbc9dffd1477f8b173eb2cabc7a8ec264abed.json,graphify-out/cache/ast/v0.9.47-s2/9cbb613a36ece2b86660d3bead6fbc9dffd1477f8b173eb2cabc7a8ec264abed.json,graphify-out/cache/ast/v0.9.47-s2,22417,.json
PLANO-AULAS-TESTES-FRONT-END.md,sistema/TECNICO-INFORMATICA-INTERNET/TESTES DE FRONTEND/PLANO-AULAS-TESTES-FRONT-END.md,sistema/TECNICO-INFORMATICA-INTERNET/TESTES DE FRONTEND,22299,.md
f50c05cb7452dbae0b0709d055adae5d6f56b772e3ecdbec1fe095db5599c62e.json,graphify-out/cache/ast/v0.9.47-s2/f50c05cb7452dbae0b0709d055adae5d6f56b772e3ecdbec1fe095db5599c62e.json,graphify-out/cache/ast/v0.9.47-s2,22176,.json
441742ef90a7da52d838e8c264aeb1acefcd47bee46d0b2542d20f7216e95385.json,graphify-out/cache/ast/v0.9.47-s2/441742ef90a7da52d838e8c264aeb1acefcd47bee46d0b2542d20f7216e95385.json,graphify-out/cache/ast/v0.9.47-s2,22132,.json
df9cba8c4b0ebd4ad2ca218003b762da1368f9b0d56d037c206cead1a727f3a9.json,graphify-out/cache/ast/v0.9.47-s2/df9cba8c4b0ebd4ad2ca218003b762da1368f9b0d56d037c206cead1a727f3a9.json,graphify-out/cache/ast/v0.9.47-s2,21976,.json
39ccd6bf34c3c4531dcc08a181ec00d7b586eeef11761ceb7c827dfecee37ce7.json,graphify-out/cache/ast/v0.9.47-s2/39ccd6bf34c3c4531dcc08a181ec00d7b586eeef11761ceb7c827dfecee37ce7.json,graphify-out/cache/ast/v0.9.47-s2,21839,.json
AVALIAÇÃO PRÁTICA SIMPLES.docx,sistema/INTRODUCAO_TIC-PRESIDENTE-GETULIO/AVALIACOES_CRIADAS/ENTREGAS-PROVA-PRATICA/EQUIPE_08/AVALIAÇÃO PRÁTICA SIMPLES.docx,sistema/INTRODUCAO_TIC-PRESIDENTE-GETULIO/AVALIACOES_CRIADAS/ENTREGAS-PROVA-PRATICA/EQUIPE_08,21827,.docx
dashboard.html,sistema/BANCO_DE_DADOS/gabarito-avaliacao-pratica-banco-dados/dashboard.html,sistema/BANCO_DE_DADOS/gabarito-avaliacao-pratica-banco-dados,21742,.html
CORRETOR_AUTOMATICO_PROVA_PRATICA.gs,sistema/INTRODUCAO_TIC-PRESIDENTE-GETULIO/AVALIACOES_CRIADAS/CORRETOR_AUTOMATICO_PROVA_PRATICA.gs,sistema/INTRODUCAO_TIC-PRESIDENTE-GETULIO/AVALIACOES_CRIADAS,21705,.gs
Ferramentas Digitais para Comunicação_d223089d.md,graphify-out/converted/Ferramentas Digitais para Comunicação_d223089d.md,graphify-out/converted,21695,.md
gestao-logistica-e-materiais.docx,GESTAO-E-MATERIAIS/gestao-logistica-e-materiais.docx,GESTAO-E-MATERIAIS,21629,.docx
ccd5e0e92b3896a3bbf14b91af58b679f254a2757622273e554c4af30a322fb2.json,graphify-out/cache/ast/v0.9.47-s2/ccd5e0e92b3896a3bbf14b91af58b679f254a2757622273e554c4af30a322fb2.json,graphify-out/cache/ast/v0.9.47-s2,21553,.json
criar_atividades_ferramentas_digitais.py,scripts/criar_atividades_ferramentas_digitais.py,scripts,21539,.py
ATIVIDADE-02-DER-Validado.md,sistema/BANCO_DE_DADOS/gabarito-avaliacao-pratica-banco-dados/ATIVIDADE-02-DER-Validado.md,sistema/BANCO_DE_DADOS/gabarito-avaliacao-pratica-banco-dados,21403,.md
SLIDE_AULA_06.html,sistema/INTRODUCAO_TIC-PRESIDENTE-GETULIO/AULAS/AULA-06-10-08-2026/SLIDE_AULA_06.html,sistema/INTRODUCAO_TIC-PRESIDENTE-GETULIO/AULAS/AULA-06-10-08-2026,21395,.html
PROVA_OBJETIVA_UC1_TIC.docx,sistema/INTRODUCAO_TIC-PRESIDENTE-GETULIO/AVALIACOES_CRIADAS/PROVA_OBJETIVA/PROVA_OBJETIVA_UC1_TIC.docx,sistema/INTRODUCAO_TIC-PRESIDENTE-GETULIO/AVALIACOES_CRIADAS/PROVA_OBJETIVA,21363,.docx
424182ee976d3d2f9b12d23256b72351f06e6ca3cd5ca19872007ea605e43a2c.json,graphify-out/cache/ast/v0.9.47-s2/424182ee976d3d2f9b12d23256b72351f06e6ca3cd5ca19872007ea605e43a2c.json,graphify-out/cache/ast/v0.9.47-s2,21229,.json
1464bb21180873c450b149bfc886edf8073f2231c1b609b4502344518fafe2e5.json,graphify-out/cache/ast/v0.9.47-s2/1464bb21180873c450b149bfc886edf8073f2231c1b609b4502344518fafe2e5.json,graphify-out/cache/ast/v0.9.47-s2,20980,.json
88443b20859949a0c51cd7f9f075dcf3b95fd7b34d5f2e25fa20871b18d0d633.json,graphify-out/cache/ast/v0.9.47-s2/88443b20859949a0c51cd7f9f075dcf3b95fd7b34d5f2e25fa20871b18d0d633.json,graphify-out/cache/ast/v0.9.47-s2,20862,.json
LISTA-CURSOS-MICROSOFT-OFFICE.html,sistema/INTRODUCAO_TIC-PRESIDENTE-GETULIO/AULA-13-24-08-2026-FERRAMENTAS_MICROSOFT/LISTA-CURSOS-MICROSOFT-OFFICE.html,sistema/INTRODUCAO_TIC-PRESIDENTE-GETULIO/AULA-13-24-08-2026-FERRAMENTAS_MICROSOFT,20762,.html
0d676b09bb48d31dc673ccedefdd8eca6fcae75c3de0c9b88f8a3c88c1b30f2b.json,graphify-out/cache/ast/v0.9.47-s2/0d676b09bb48d31dc673ccedefdd8eca6fcae75c3de0c9b88f8a3c88c1b30f2b.json,graphify-out/cache/ast/v0.9.47-s2,20616,.json
ATIVIDADE-CARREIRAS-TECNOLOGICAS-04-09-2026_d7d2d37f.md,graphify-out/converted/ATIVIDADE-CARREIRAS-TECNOLOGICAS-04-09-2026_d7d2d37f.md,graphify-out/converted,20461,.md
9127879fdf926189f5d16fc801456d5b0be402764b47a869f98f96342902d2e4.json,graphify-out/cache/ast/v0.9.47-s2/9127879fdf926189f5d16fc801456d5b0be402764b47a869f98f96342902d2e4.json,graphify-out/cache/ast/v0.9.47-s2,20454,.json
EMENTA-TESTES-FRONT-END.md,sistema/TECNICO-INFORMATICA-INTERNET/TESTES DE FRONTEND/EMENTA-TESTES-FRONT-END.md,sistema/TECNICO-INFORMATICA-INTERNET/TESTES DE FRONTEND,20372,.md
6442a5b1a4154d0caad0cf8507a0e0649308146baa43052627d26e5155b35918.json,sistema/graphify-out/cache/ast/v0.8.36/6442a5b1a4154d0caad0cf8507a0e0649308146baa43052627d26e5155b35918.json,sistema/graphify-out/cache/ast/v0.8.36,20341,.json
PROVA_PRATICA_UC1_TIC_ORIGINAL.docx,sistema/INTRODUCAO_TIC-PRESIDENTE-GETULIO/AVALIACOES_CRIADAS/PROVA_PRATICA/PROVA_PRATICA_UC1_TIC_ORIGINAL.docx,sistema/INTRODUCAO_TIC-PRESIDENTE-GETULIO/AVALIACOES_CRIADAS/PROVA_PRATICA,20124,.docx
903501933422b2ab0c10174f111d0eb500cb1e641eea9592b8f635b2d0ad377e.json,graphify-out/cache/ast/v0.9.47-s2/903501933422b2ab0c10174f111d0eb500cb1e641eea9592b8f635b2d0ad377e.json,graphify-out/cache/ast/v0.9.47-s2,20090,.json
corretor_prova_pratica.py,sistema/INTRODUCAO_TIC-PRESIDENTE-GETULIO/AVALIACOES_CRIADAS/corretor_prova_pratica.py,sistema/INTRODUCAO_TIC-PRESIDENTE-GETULIO/AVALIACOES_CRIADAS,20068,.py
e9ab82f3d7aa97960979427fdbb850a914cf9f370ed58fae62358fa95db0ef33.json,graphify-out/cache/ast/v0.9.47-s2/e9ab82f3d7aa97960979427fdbb850a914cf9f370ed58fae62358fa95db0ef33.json,graphify-out/cache/ast/v0.9.47-s2,20064,.json
Avaliação de Comportamento.xlsx,sistema/INTRODUCAO_TIC-PRESIDENTE-GETULIO/Introdução a TIC-VICTOR-ANATO/Avaliação de Comportamento.xlsx,sistema/INTRODUCAO_TIC-PRESIDENTE-GETULIO/Introdução a TIC-VICTOR-ANATO,20060,.xlsx
Avaliação prática banco de dados.md,sistema/BANCO_DE_DADOS/Avaliação prática banco de dados.md,sistema/BANCO_DE_DADOS,19984,.md
79623a9f7e514634cbdf8517bd4c4889f20680a14d33092394ca5c716d78decd.json,graphify-out/cache/ast/v0.9.47-s2/79623a9f7e514634cbdf8517bd4c4889f20680a14d33092394ca5c716d78decd.json,graphify-out/cache/ast/v0.9.47-s2,19965,.json
AtividadesFerramentasDigitais_95ca8d88.md,graphify-out/converted/AtividadesFerramentasDigitais_95ca8d88.md,graphify-out/converted,19556,.md
66006a28e9323faa12c99096b36da6239be582953ed9579736da4fe10cc524c2.json,graphify-out/cache/ast/v0.9.47-s2/66006a28e9323faa12c99096b36da6239be582953ed9579736da4fe10cc524c2.json,graphify-out/cache/ast/v0.9.47-s2,19490,.json
d24dd2dbd91bf14c42e9884517186d35459a62f00b59ec06dd201660a7a791aa.json,graphify-out/cache/ast/v0.9.47-s2/d24dd2dbd91bf14c42e9884517186d35459a62f00b59ec06dd201660a7a791aa.json,graphify-out/cache/ast/v0.9.47-s2,19372,.json
14eaa1e98c12560d022d1e9546bea598756b7f7996f3c33031e1950b9e1a4242.json,graphify-out/cache/ast/v0.9.47-s2/14eaa1e98c12560d022d1e9546bea598756b7f7996f3c33031e1950b9e1a4242.json,graphify-out/cache/ast/v0.9.47-s2,19364,.json
3f7ad3dcb284a2cb76684e9806a24f9b91f866efdc65c1e6ff651eb3b4bd6a36.json,graphify-out/cache/ast/v0.9.47-s2/3f7ad3dcb284a2cb76684e9806a24f9b91f866efdc65c1e6ff651eb3b4bd6a36.json,graphify-out/cache/ast/v0.9.47-s2,19232,.json
d6d1b444d86d4398694c7d90ad86ded5acfe6c4e589c6325706f9e76c8e82c9a.json,graphify-out/cache/ast/v0.9.47-s2/d6d1b444d86d4398694c7d90ad86ded5acfe6c4e589c6325706f9e76c8e82c9a.json,graphify-out/cache/ast/v0.9.47-s2,19232,.json
3250084768a6e2a5afb53c06c12f47db0df37e7c1bbafd7287317959cdc1c3c4.json,graphify-out/cache/ast/v0.9.47-s2/3250084768a6e2a5afb53c06c12f47db0df37e7c1bbafd7287317959cdc1c3c4.json,graphify-out/cache/ast/v0.9.47-s2,19134,.json
b50a8711dbf2a634db0b8738747e4303e75cab5403b0bb011568273e7c8891cd.json,graphify-out/cache/ast/v0.9.47-s2/b50a8711dbf2a634db0b8738747e4303e75cab5403b0bb011568273e7c8891cd.json,graphify-out/cache/ast/v0.9.47-s2,19100,.json
RECUPERACAO_AVALIACAO_PRATICA.html,sistema/INTRODUCAO_TIC-PRESIDENTE-GETULIO/AULAS/AULA-09-13-08-2026/RECUPERACAO_AVALIACAO_PRATICA.html,sistema/INTRODUCAO_TIC-PRESIDENTE-GETULIO/AULAS/AULA-09-13-08-2026,18793,.html
ebf114bcabe8779c99657c7cd00bbe41889e64a7c2a17d2e97c300483a1903d6.json,graphify-out/cache/ast/v0.9.47-s2/ebf114bcabe8779c99657c7cd00bbe41889e64a7c2a17d2e97c300483a1903d6.json,graphify-out/cache/ast/v0.9.47-s2,18781,.json
SLIDE_AULA_09.html,sistema/INTRODUCAO_TIC-PRESIDENTE-GETULIO/AULAS/AULA-09-13-08-2026/SLIDE_AULA_09.html,sistema/INTRODUCAO_TIC-PRESIDENTE-GETULIO/AULAS/AULA-09-13-08-2026,18781,.html
SLIDE_AULA_07.html,sistema/INTRODUCAO_TIC-PRESIDENTE-GETULIO/AULAS/AULA-07-11-08-2026/SLIDE_AULA_07.html,sistema/INTRODUCAO_TIC-PRESIDENTE-GETULIO/AULAS/AULA-07-11-08-2026,18724,.html
CLAUDE.md,sistema/INTRODUCAO_TIC-PRESIDENTE-GETULIO/CLAUDE.md,sistema/INTRODUCAO_TIC-PRESIDENTE-GETULIO,18676,.md
PROVA_OBJETIVA_UC1_TIC_COM_GABARITO.gs,sistema/INTRODUCAO_TIC-PRESIDENTE-GETULIO/AVALIACOES_CRIADAS/PROVA_OBJETIVA/PROVA_OBJETIVA_UC1_TIC_COM_GABARITO.gs,sistema/INTRODUCAO_TIC-PRESIDENTE-GETULIO/AVALIACOES_CRIADAS/PROVA_OBJETIVA,18558,.gs
e4a0607abdea5c015f9f32cdf5e4f7a7d7e090f7feaace5404eaa4c99522d6dd.json,graphify-out/cache/ast/v0.9.47-s2/e4a0607abdea5c015f9f32cdf5e4f7a7d7e090f7feaace5404eaa4c99522d6dd.json,graphify-out/cache/ast/v0.9.47-s2,18469,.json
CLAUDE.md,sistema/GERADOR-AULAS/CLAUDE.md,sistema/GERADOR-AULAS,18370,.md
2196ad27234570be2411ce99aef9b0f271ea05bec30bf5725e8e29045694b7bd.json,graphify-out/cache/ast/v0.9.47-s2/2196ad27234570be2411ce99aef9b0f271ea05bec30bf5725e8e29045694b7bd.json,graphify-out/cache/ast/v0.9.47-s2,18332,.json
d1239fa244047206a45fe580aadb4eb68e2816776c85a4c3a14bd5d10c8f8837.json,graphify-out/cache/ast/v0.9.47-s2/d1239fa244047206a45fe580aadb4eb68e2816776c85a4c3a14bd5d10c8f8837.json,graphify-out/cache/ast/v0.9.47-s2,18265,.json
SLIDE_AULA_10.html,sistema/INTRODUCAO_TIC-PRESIDENTE-GETULIO/AULAS/AULA-10-14-08-2026/SLIDE_AULA_10.html,sistema/INTRODUCAO_TIC-PRESIDENTE-GETULIO/AULAS/AULA-10-14-08-2026,18210,.html
9098cfec4c0b5aa2a4a465b31e51e3fd62d858252bf79045616ed9478c04160c.json,graphify-out/cache/ast/v0.9.47-s2/9098cfec4c0b5aa2a4a465b31e51e3fd62d858252bf79045616ed9478c04160c.json,graphify-out/cache/ast/v0.9.47-s2,18206,.json
EMENTA-INTRODUCAO-TENOLOGIA-INFORMACAO.md,sistema/INTRODUCAO-TIC/EMENTA-INTRODUCAO-TENOLOGIA-INFORMACAO.md,sistema/INTRODUCAO-TIC,18183,.md
EMENTA-INTRODUCAO-TENOLOGIA-INFORMACAO.md,sistema/INTRODUCAO_TIC-PRESIDENTE-GETULIO/EMENTA-INTRODUCAO-TENOLOGIA-INFORMACAO.md,sistema/INTRODUCAO_TIC-PRESIDENTE-GETULIO,18183,.md
96a8c5ffd9d838724f458186726aad6a26083faed48834bfe94b3edbaeb6ed89.json,graphify-out/cache/ast/v0.9.47-s2/96a8c5ffd9d838724f458186726aad6a26083faed48834bfe94b3edbaeb6ed89.json,graphify-out/cache/ast/v0.9.47-s2,18172,.json
RECUPERACAO_PROVA_OBJETIVA.docx,sistema/INTRODUCAO_TIC-PRESIDENTE-GETULIO/AVALIACOES_CRIADAS/PROVA_OBJETIVA/RECUPERACAO_PROVA_OBJETIVA.docx,sistema/INTRODUCAO_TIC-PRESIDENTE-GETULIO/AVALIACOES_CRIADAS/PROVA_OBJETIVA,18144,.docx
dashboard.js,E-MAIL-SENAI/assets/js/dashboard.js,E-MAIL-SENAI/assets/js,18132,.js
2c69303520d9e23b4c9400c93d8c013031fdbd3ed6f9e63f4d2b0574560703bd.json,graphify-out/cache/ast/v0.9.47-s2/2c69303520d9e23b4c9400c93d8c013031fdbd3ed6f9e63f4d2b0574560703bd.json,graphify-out/cache/ast/v0.9.47-s2,18059,.json
RECUPERACAO_AVALIACAO_OBJETIVA.html,sistema/INTRODUCAO_TIC-PRESIDENTE-GETULIO/AULAS/AULA-10-14-08-2026/RECUPERACAO_AVALIACAO_OBJETIVA.html,sistema/INTRODUCAO_TIC-PRESIDENTE-GETULIO/AULAS/AULA-10-14-08-2026,18011,.html
1f5eeab3ffe4d087d1a3ee523764cafed8ebc9054ab41da48462debafc9b7799.json,graphify-out/cache/ast/v0.9.47-s2/1f5eeab3ffe4d087d1a3ee523764cafed8ebc9054ab41da48462debafc9b7799.json,graphify-out/cache/ast/v0.9.47-s2,17867,.json
8c9f4f766c83293fdd438e31e4eac5fd25f613d661428c9cf8eaa2f20334759d.json,graphify-out/cache/ast/v0.9.47-s2/8c9f4f766c83293fdd438e31e4eac5fd25f613d661428c9cf8eaa2f20334759d.json,graphify-out/cache/ast/v0.9.47-s2,17831,.json
resumo.json,ANALISES/relatorios/resumo.json,ANALISES/relatorios,17830,.json
RECUPERACAO_PROVA_PRATICA.docx,sistema/INTRODUCAO_TIC-PRESIDENTE-GETULIO/AVALIACOES_CRIADAS/PROVA_PRATICA/RECUPERACAO_PROVA_PRATICA.docx,sistema/INTRODUCAO_TIC-PRESIDENTE-GETULIO/AVALIACOES_CRIADAS/PROVA_PRATICA,17788,.docx
67e6c7b2a26263f8cd9d94159fed0e1e44fcc64bea854ae55d6b8b6147b566f7.json,graphify-out/cache/ast/v0.9.47-s2/67e6c7b2a26263f8cd9d94159fed0e1e44fcc64bea854ae55d6b8b6147b566f7.json,graphify-out/cache/ast/v0.9.47-s2,17753,.json
2b0f5d74e7ac55666f00ca1ebf37db2323a1ec2d020f6e261efd1c233a98bbca.json,graphify-out/cache/ast/v0.9.47-s2/2b0f5d74e7ac55666f00ca1ebf37db2323a1ec2d020f6e261efd1c233a98bbca.json,graphify-out/cache/ast/v0.9.47-s2,17725,.json
criar_prova_simples_uc1_tic_equipes.py,scripts/criar_prova_simples_uc1_tic_equipes.py,scripts,17703,.py
0135932ab2956f5b5351a77fb5f92449c9199e9d44a0bdc5e659dedac12acb1b.json,sistema/graphify-out/cache/ast/v0.8.36/0135932ab2956f5b5351a77fb5f92449c9199e9d44a0bdc5e659dedac12acb1b.json,sistema/graphify-out/cache/ast/v0.8.36,17684,.json
eff559cc57aa329671725d1212b74b8716ad5fefc9262ab6453fb0e77e68a2d0.json,graphify-out/cache/ast/v0.9.47-s2/eff559cc57aa329671725d1212b74b8716ad5fefc9262ab6453fb0e77e68a2d0.json,graphify-out/cache/ast/v0.9.47-s2,17442,.json
c715631f38e39829aaa3ce70cadd95dc41c3a5710d7a480149d50d16863a911b.json,graphify-out/cache/ast/v0.9.47-s2/c715631f38e39829aaa3ce70cadd95dc41c3a5710d7a480149d50d16863a911b.json,graphify-out/cache/ast/v0.9.47-s2,17241,.json
Avaliação C8 Teste de Sistemas_1eaf0a21.md,graphify-out/converted/Avaliação C8 Teste de Sistemas_1eaf0a21.md,graphify-out/converted,17230,.md
be6534e763259a7bf2231c62c5a256ab3b2b5f87c197230c81995dd1602a49b8.json,graphify-out/cache/ast/v0.9.47-s2/be6534e763259a7bf2231c62c5a256ab3b2b5f87c197230c81995dd1602a49b8.json,graphify-out/cache/ast/v0.9.47-s2,17166,.json
fa5c77f7800862f9672a1eeb9de3cc9aafd3684e75814b96521b6eef0af72308.json,graphify-out/cache/ast/v0.9.47-s2/fa5c77f7800862f9672a1eeb9de3cc9aafd3684e75814b96521b6eef0af72308.json,graphify-out/cache/ast/v0.9.47-s2,17163,.json
04afdcc2beb1231c7c6ff2176ffe4f395231a6758b6e4d5f5e81e8381fa0c0f1.json,graphify-out/cache/ast/v0.9.47-s2/04afdcc2beb1231c7c6ff2176ffe4f395231a6758b6e4d5f5e81e8381fa0c0f1.json,graphify-out/cache/ast/v0.9.47-s2,17065,.json
ATIVIDADE_EQUIPE_06_08_2026.txt,sistema/INTRODUCAO_TIC-PRESIDENTE-GETULIO/AULAS/AULA-04-06-08-2026/ATIVIDADE_EQUIPE_06_08_2026.txt,sistema/INTRODUCAO_TIC-PRESIDENTE-GETULIO/AULAS/AULA-04-06-08-2026,17058,.txt
main.js,sistema/PENDENCIAS-PROFESSOR/src/main.js,sistema/PENDENCIAS-PROFESSOR/src,17045,.js
6f1de1294e149e1bbda0a5d4c81bd6cbd6f596923e41e15379450e894d7dcb5f.json,graphify-out/cache/ast/v0.9.47-s2/6f1de1294e149e1bbda0a5d4c81bd6cbd6f596923e41e15379450e894d7dcb5f.json,graphify-out/cache/ast/v0.9.47-s2,17000,.json
AULA-01-INTRODUCAO-COMPUTACAO-HARDWARE-SOFTWARE.md,sistema/INTRODUCAO-TIC/AULAS/AULA-01-INTRODUCAO-COMPUTACAO-HARDWARE-SOFTWARE.md,sistema/INTRODUCAO-TIC/AULAS,16857,.md
ATIVIDADE-05-Normalizacao-3FN.md,sistema/BANCO_DE_DADOS/gabarito-avaliacao-pratica-banco-dados/ATIVIDADE-05-Normalizacao-3FN.md,sistema/BANCO_DE_DADOS/gabarito-avaliacao-pratica-banco-dados,16315,.md
INICIANDO_CHROMEBOOK_AULA_01.html,sistema/INTRODUCAO_TIC-PRESIDENTE-GETULIO/AULAS/AULA-01-03-08-2026/INICIANDO_CHROMEBOOK_AULA_01.html,sistema/INTRODUCAO_TIC-PRESIDENTE-GETULIO/AULAS/AULA-01-03-08-2026,16243,.html
3823ff06adbea8beda7f4581b9f11d40b811e763e6824e503e0d3129018326f1.json,sistema/graphify-out/cache/ast/v0.8.36/3823ff06adbea8beda7f4581b9f11d40b811e763e6824e503e0d3129018326f1.json,sistema/graphify-out/cache/ast/v0.8.36,15949,.json
5c6331fa7302de55a8ff0d2dab14b9d77d512d0c051da4fb4ae5c52b66d1f17a.json,sistema/graphify-out/cache/ast/v0.8.36/5c6331fa7302de55a8ff0d2dab14b9d77d512d0c051da4fb4ae5c52b66d1f17a.json,sistema/graphify-out/cache/ast/v0.8.36,15949,.json
c78ac04840965b4651f32ddfbe7cf236b3a61d40464784bc5d3d338ad72497d5.json,sistema/graphify-out/cache/ast/v0.8.36/c78ac04840965b4651f32ddfbe7cf236b3a61d40464784bc5d3d338ad72497d5.json,sistema/graphify-out/cache/ast/v0.8.36,15949,.json
infografico-exemplo.md,sistema/FICHA-PRODUTO-MAIS-TECH/FUNDAMENTOS_DA_TECNOLOGIA_E_PROGRAMACAO/PLANO-3-AULAS/infografico-exemplo.md,sistema/FICHA-PRODUTO-MAIS-TECH/FUNDAMENTOS_DA_TECNOLOGIA_E_PROGRAMACAO/PLANO-3-AULAS,15930,.md
questionarios.html,sistema/questionarios.html,sistema,15671,.html
index.html,sistema/TECNICO-INFORMATICA-INTERNET/TESTES DE FRONTEND/index.html,sistema/TECNICO-INFORMATICA-INTERNET/TESTES DE FRONTEND,15658,.html
style.css,sistema/PENDENCIAS-PROFESSOR/style.css,sistema/PENDENCIAS-PROFESSOR,15576,.css
PROVA_OBJETIVA_UC1_TIC_COM_GABARITO.docx,sistema/INTRODUCAO_TIC-PRESIDENTE-GETULIO/AVALIACOES_CRIADAS/PROVA_OBJETIVA/PROVA_OBJETIVA_UC1_TIC_COM_GABARITO.docx,sistema/INTRODUCAO_TIC-PRESIDENTE-GETULIO/AVALIACOES_CRIADAS/PROVA_OBJETIVA,15531,.docx
4df9c75734885c0fb9e0f0910ebf74cf190f0da9d6ee8114d8faa09aa1e663c9.json,graphify-out/cache/ast/v0.9.47-s2/4df9c75734885c0fb9e0f0910ebf74cf190f0da9d6ee8114d8faa09aa1e663c9.json,graphify-out/cache/ast/v0.9.47-s2,15527,.json
4797cefcad19454f424c0f83dbc9d7d20dca06a26823c3ba24c30feb5b7f2221.json,graphify-out/cache/ast/v0.9.47-s2/4797cefcad19454f424c0f83dbc9d7d20dca06a26823c3ba24c30feb5b7f2221.json,graphify-out/cache/ast/v0.9.47-s2,15515,.json
CORRECAO-PROVA-PRATICA.js,sistema/INTRODUCAO_TIC-PRESIDENTE-GETULIO/AVALIACOES_CRIADAS/CORRECAO-PROVA-PRATICA.js,sistema/INTRODUCAO_TIC-PRESIDENTE-GETULIO/AVALIACOES_CRIADAS,15489,.js
NOTAS-GELVAZIO-V2-27-08-2026.docx,sistema/INTRODUCAO_TIC-PRESIDENTE-GETULIO/AVALIACOES_CRIADAS/NOTAS-GELVAZIO-V2-27-08-2026.docx,sistema/INTRODUCAO_TIC-PRESIDENTE-GETULIO/AVALIACOES_CRIADAS,15481,.docx
6cfc9c9c7e94459b9611af9784d5189cee453b215226093e13ff91c15bdcbf0e.json,graphify-out/cache/ast/v0.9.47-s2/6cfc9c9c7e94459b9611af9784d5189cee453b215226093e13ff91c15bdcbf0e.json,graphify-out/cache/ast/v0.9.47-s2,15440,.json
7609ebab7ba67e40ec1525b00992e6d34a3ea12067bb9532bbf0bca99d91f8ec.json,graphify-out/cache/ast/v0.9.47-s2/7609ebab7ba67e40ec1525b00992e6d34a3ea12067bb9532bbf0bca99d91f8ec.json,graphify-out/cache/ast/v0.9.47-s2,15418,.json
e0a476c46987f686a0a61d0a4588cd97675687cecfa7a02b08adbbfc0b2cdbe7.json,graphify-out/cache/ast/v0.9.47-s2/e0a476c46987f686a0a61d0a4588cd97675687cecfa7a02b08adbbfc0b2cdbe7.json,graphify-out/cache/ast/v0.9.47-s2,15328,.json
criar_formulario_google.gs,sistema/FICHA-PRODUTO-MAIS-TECH/REFORCO_MATEMATICA_E_RACIOCINIO_LOGICO/criar_formulario_google.gs,sistema/FICHA-PRODUTO-MAIS-TECH/REFORCO_MATEMATICA_E_RACIOCINIO_LOGICO,15295,.gs
QUESTIONARIO_FERRAMENTAS_MICROSOFT.gs,sistema/INTRODUCAO_TIC-PRESIDENTE-GETULIO/AULA-13-24-08-2026-FERRAMENTAS_MICROSOFT/QUESTIONARIO_FERRAMENTAS_MICROSOFT.gs,sistema/INTRODUCAO_TIC-PRESIDENTE-GETULIO/AULA-13-24-08-2026-FERRAMENTAS_MICROSOFT,15287,.gs
1013489434f906bfc4f9c0d45a1276b97e33842e4374e7f98567c969c304e061.json,graphify-out/cache/ast/v0.9.47-s2/1013489434f906bfc4f9c0d45a1276b97e33842e4374e7f98567c969c304e061.json,graphify-out/cache/ast/v0.9.47-s2,15266,.json
bcae0b3b1fcb2c56154c1bd2cbf3c5bbc42b11f2a672671dec7291c137665445.json,graphify-out/cache/ast/v0.9.47-s2/bcae0b3b1fcb2c56154c1bd2cbf3c5bbc42b11f2a672671dec7291c137665445.json,graphify-out/cache/ast/v0.9.47-s2,15138,.json
FICHA PRODUTO MAISTECH ATUALIZADA.md,sistema/FICHA-PRODUTO-MAIS-TECH/FICHA PRODUTO MAISTECH ATUALIZADA.md,sistema/FICHA-PRODUTO-MAIS-TECH,15125,.md
93847f115f8590ceb2abc60e7a877ef8478c040989696cf05c9942317acef6f9.json,graphify-out/cache/ast/v0.9.47-s2/93847f115f8590ceb2abc60e7a877ef8478c040989696cf05c9942317acef6f9.json,graphify-out/cache/ast/v0.9.47-s2,15109,.json
GOOGLE-DOCS-X-MICROSOFT-WORD-COMPLETO.html,sistema/FICHA-PRODUTO-MAIS-TECH/FUNDAMENTOS_DA_TECNOLOGIA_E_PROGRAMACAO/PLANO-3-AULAS/VERSAO-CLAUDE/01-COMPARATIVOS/GOOGLE-DOCS-X-MICROSOFT-WORD-COMPLETO.html,sistema/FICHA-PRODUTO-MAIS-TECH/FUNDAMENTOS_DA_TECNOLOGIA_E_PROGRAMACAO/PLANO-3-AULAS/VERSAO-CLAUDE/01-COMPARATIVOS,15091,.html
0523dcac4bc8cb58385654f5bf9b2ed8467c3309d6b782b96110edfa3c5cb0fb.json,sistema/BANCO_DE_DADOS/graphify-out/cache/ast/v0.8.36/0523dcac4bc8cb58385654f5bf9b2ed8467c3309d6b782b96110edfa3c5cb0fb.json,sistema/BANCO_DE_DADOS/graphify-out/cache/ast/v0.8.36,14883,.json
PROVA_OBJETIVA_UC1_TIC_COM_GABARITO_4c537632.md,graphify-out/converted/PROVA_OBJETIVA_UC1_TIC_COM_GABARITO_4c537632.md,graphify-out/converted,14857,.md
PROVA_OBJETIVA_UC1_TIC_COM_GABARITO_9b9ab95d.md,graphify-out/converted/PROVA_OBJETIVA_UC1_TIC_COM_GABARITO_9b9ab95d.md,graphify-out/converted,14857,.md
PROVA_OBJETIVA_UC1_TIC_COM_GABARITO_d123febc.md,graphify-out/converted/PROVA_OBJETIVA_UC1_TIC_COM_GABARITO_d123febc.md,graphify-out/converted,14857,.md
PROVA_OBJETIVA_UC1_TIC_COM_GABARITO_fbc0d653.md,graphify-out/converted/PROVA_OBJETIVA_UC1_TIC_COM_GABARITO_fbc0d653.md,graphify-out/converted,14857,.md
PROVA_OBJETIVA_UC1_TIC_COM_GABARITO_fbc0d653.md,sistema/graphify-out/converted/PROVA_OBJETIVA_UC1_TIC_COM_GABARITO_fbc0d653.md,sistema/graphify-out/converted,14857,.md
fe06e7eadfc4f76fe2d2b8a65d89e9b8f01ab29c767203563a104982a0fbc9fb.json,graphify-out/cache/ast/v0.9.47-s2/fe06e7eadfc4f76fe2d2b8a65d89e9b8f01ab29c767203563a104982a0fbc9fb.json,graphify-out/cache/ast/v0.9.47-s2,14824,.json
ATIVIDADE-14-08-2026.md,sistema/INTRODUCAO_TIC-PRESIDENTE-GETULIO/AULAS/AULA-10-14-08-2026/ATIVIDADE-14-08-2026.md,sistema/INTRODUCAO_TIC-PRESIDENTE-GETULIO/AULAS/AULA-10-14-08-2026,14824,.md
7b6f011d3864e1b54cba1092569843cc6c156db6996925221f03e5a3ce0493a8.json,graphify-out/cache/ast/v0.9.47-s2/7b6f011d3864e1b54cba1092569843cc6c156db6996925221f03e5a3ce0493a8.json,graphify-out/cache/ast/v0.9.47-s2,14809,.json
609ef5fd9b1c3400fa72ceb63239c8d018f1909895722df72b2add2fb29c3d0e.json,graphify-out/cache/ast/v0.9.47-s2/609ef5fd9b1c3400fa72ceb63239c8d018f1909895722df72b2add2fb29c3d0e.json,graphify-out/cache/ast/v0.9.47-s2,14795,.json
CRIAR_FORMS_HISTORIA_COMPUTACAO.gs,sistema/INTRODUCAO_TIC-PRESIDENTE-GETULIO/AULAS/SCRIPTS_GOOGLE_FORMS/CRIAR_FORMS_HISTORIA_COMPUTACAO.gs,sistema/INTRODUCAO_TIC-PRESIDENTE-GETULIO/AULAS/SCRIPTS_GOOGLE_FORMS,14791,.gs
9d85b2a035c35bed089ee75fd1a8931c92051da5cabd7c1301c78aa86cfd2f5b.json,graphify-out/cache/ast/v0.9.47-s2/9d85b2a035c35bed089ee75fd1a8931c92051da5cabd7c1301c78aa86cfd2f5b.json,graphify-out/cache/ast/v0.9.47-s2,14766,.json
8b55e4703830d4c795f33aab11c3057c7606420ad510f8e6369736300d9f28b1.json,graphify-out/cache/ast/v0.9.47-s2/8b55e4703830d4c795f33aab11c3057c7606420ad510f8e6369736300d9f28b1.json,graphify-out/cache/ast/v0.9.47-s2,14673,.json
2c849b6977379e38e5a32e708d9a7eced18fe5a3ff8e52929bcd09d73afb15d6.json,graphify-out/cache/ast/v0.9.47-s2/2c849b6977379e38e5a32e708d9a7eced18fe5a3ff8e52929bcd09d73afb15d6.json,graphify-out/cache/ast/v0.9.47-s2,14659,.json
pastas.csv,ANALISES/relatorios/pastas.csv,ANALISES/relatorios,14621,.csv
NOTAS-GELVAZIO-27-08-2026.docx,sistema/INTRODUCAO_TIC-PRESIDENTE-GETULIO/AVALIACOES_CRIADAS/NOTAS-GELVAZIO-27-08-2026.docx,sistema/INTRODUCAO_TIC-PRESIDENTE-GETULIO/AVALIACOES_CRIADAS,14566,.docx
AULA-03-17-09-2026.md,sistema/FICHA-PRODUTO-MAIS-TECH/FUNDAMENTOS_DA_TECNOLOGIA_E_PROGRAMACAO/PLANO-3-AULAS/AULA-03-17-09-2026.md,sistema/FICHA-PRODUTO-MAIS-TECH/FUNDAMENTOS_DA_TECNOLOGIA_E_PROGRAMACAO/PLANO-3-AULAS,14494,.md
a370e42e68c7b1e6d2abbaf492b8f0039728e3521220a88baaec5822c3769923.json,graphify-out/cache/ast/v0.9.47-s2/a370e42e68c7b1e6d2abbaf492b8f0039728e3521220a88baaec5822c3769923.json,graphify-out/cache/ast/v0.9.47-s2,14476,.json
3f974848202246be28c48380b4fb8b240ef6fa6c92c4aed79d6eee021fcb9686.json,graphify-out/cache/ast/v0.9.47-s2/3f974848202246be28c48380b4fb8b240ef6fa6c92c4aed79d6eee021fcb9686.json,graphify-out/cache/ast/v0.9.47-s2,14432,.json
3f0853c1c1e171968bfc79125576b3ce9c346f592aee8ec1a318f2efb29ae3a1.json,graphify-out/cache/ast/v0.9.47-s2/3f0853c1c1e171968bfc79125576b3ce9c346f592aee8ec1a318f2efb29ae3a1.json,graphify-out/cache/ast/v0.9.47-s2,14419,.json
AVALIACAO-OBJETIVA.md,sistema/INTRODUCAO-TIC/AVALIACOES/AVALIACAO-OBJETIVA.md,sistema/INTRODUCAO-TIC/AVALIACOES,14415,.md
Avaliacao_Gestao_Controle_de_Materiais-15-questoes_8064c2a0.md,graphify-out/converted/Avaliacao_Gestao_Controle_de_Materiais-15-questoes_8064c2a0.md,graphify-out/converted,14412,.md
ATIVIDADE-04-Consultas-SQL.sql,sistema/BANCO_DE_DADOS/gabarito-avaliacao-pratica-banco-dados/ATIVIDADE-04-Consultas-SQL.sql,sistema/BANCO_DE_DADOS/gabarito-avaliacao-pratica-banco-dados,14345,.sql
CRIAR_FORMS_INICIANDO_CHROMEBOOK.gs,sistema/INTRODUCAO_TIC-PRESIDENTE-GETULIO/AULAS/SCRIPTS_GOOGLE_FORMS/CRIAR_FORMS_INICIANDO_CHROMEBOOK.gs,sistema/INTRODUCAO_TIC-PRESIDENTE-GETULIO/AULAS/SCRIPTS_GOOGLE_FORMS,14310,.gs
d40e52d0a64ca6ba7e04405dd375e5d2d08ef1dc53694df3e80156cf9283e45a.json,graphify-out/cache/ast/v0.9.47-s2/d40e52d0a64ca6ba7e04405dd375e5d2d08ef1dc53694df3e80156cf9283e45a.json,graphify-out/cache/ast/v0.9.47-s2,14257,.json
5079600c7d2dfdc8f7bf2fb9d19f3c01ae1fc7dfa7dfc42d5f58a5559ea5d991.json,graphify-out/cache/ast/v0.9.47-s2/5079600c7d2dfdc8f7bf2fb9d19f3c01ae1fc7dfa7dfc42d5f58a5559ea5d991.json,graphify-out/cache/ast/v0.9.47-s2,14240,.json
a7bc3065a277c15ed9523e1821515ccc6ca79022f1a16eafb457cc9c399c8c54.json,graphify-out/cache/ast/v0.9.47-s2/a7bc3065a277c15ed9523e1821515ccc6ca79022f1a16eafb457cc9c399c8c54.json,graphify-out/cache/ast/v0.9.47-s2,14196,.json
AULA-06-SEGURANCA-DA-INFORMACAO.md,sistema/INTRODUCAO-TIC/AULAS/AULA-06-SEGURANCA-DA-INFORMACAO.md,sistema/INTRODUCAO-TIC/AULAS,14176,.md
e381737a70e9df660d5107da30f978475cc2f68e9eb15597a681d37515083fe3.json,graphify-out/cache/ast/v0.9.47-s2/e381737a70e9df660d5107da30f978475cc2f68e9eb15597a681d37515083fe3.json,graphify-out/cache/ast/v0.9.47-s2,14166,.json
d8d8e1d38387b71dd660653f7e3dedb689cad2e1d1fdf206f4f7b170e95d6064.json,sistema/PENDENCIAS-PROFESSOR/graphify-out/cache/ast/v0.8.36/d8d8e1d38387b71dd660653f7e3dedb689cad2e1d1fdf206f4f7b170e95d6064.json,sistema/PENDENCIAS-PROFESSOR/graphify-out/cache/ast/v0.8.36,14160,.json
26aa3c25bfc2e44f3c117713351925bbb86f7507846d8920a267eab521d08298.json,graphify-out/cache/ast/v0.9.47-s2/26aa3c25bfc2e44f3c117713351925bbb86f7507846d8920a267eab521d08298.json,graphify-out/cache/ast/v0.9.47-s2,14155,.json
5d38fe1af7174cbccd0bff9f10534434cefeb9a2e62df81f68ce0bf6b80d1093.json,graphify-out/cache/ast/v0.9.47-s2/5d38fe1af7174cbccd0bff9f10534434cefeb9a2e62df81f68ce0bf6b80d1093.json,graphify-out/cache/ast/v0.9.47-s2,14141,.json
1a28c799485994b5bec9a6cff3b596a5b8e224fbc0c9bc100705dd09c597721d.json,graphify-out/cache/ast/v0.9.47-s2/1a28c799485994b5bec9a6cff3b596a5b8e224fbc0c9bc100705dd09c597721d.json,graphify-out/cache/ast/v0.9.47-s2,14137,.json
2026-08-07-analise-ementas.md,docs/superpowers/plans/2026-08-07-analise-ementas.md,docs/superpowers/plans,14107,.md
ca87e31fa6c64403f1d69d9176c0b5c592a8ac1363b1b456c99f8a6dfc118957.json,graphify-out/cache/ast/v0.9.47-s2/ca87e31fa6c64403f1d69d9176c0b5c592a8ac1363b1b456c99f8a6dfc118957.json,graphify-out/cache/ast/v0.9.47-s2,14090,.json
2860bdc01d7fbe6bb2a0c944b7f28e93c43388117b0dee18f5adcf47f3fd4bab.json,graphify-out/cache/ast/v0.9.47-s2/2860bdc01d7fbe6bb2a0c944b7f28e93c43388117b0dee18f5adcf47f3fd4bab.json,graphify-out/cache/ast/v0.9.47-s2,14019,.json
f932cb13229175807752509414438caae8f68c516c0981fa6511c6abdc757b49.json,graphify-out/cache/ast/v0.9.47-s2/f932cb13229175807752509414438caae8f68c516c0981fa6511c6abdc757b49.json,graphify-out/cache/ast/v0.9.47-s2,14004,.json
AULA-05-INTERNET-E-WEB.md,sistema/INTRODUCAO-TIC/AULAS/AULA-05-INTERNET-E-WEB.md,sistema/INTRODUCAO-TIC/AULAS,13858,.md
stat-index.json,sistema/graphify-out/cache/stat-index.json,sistema/graphify-out/cache,13761,.json
9f42a61355119714dc5d3efb7b9b9623f13b7176ae396f547b1d60d40d9ce7f2.json,graphify-out/cache/ast/v0.9.47-s2/9f42a61355119714dc5d3efb7b9b9623f13b7176ae396f547b1d60d40d9ce7f2.json,graphify-out/cache/ast/v0.9.47-s2,13725,.json
MODELO-FISICO.sql,sistema/BANCO_DE_DADOS/exemplo-biblioteca/MODELO-FISICO.sql,sistema/BANCO_DE_DADOS/exemplo-biblioteca,13667,.sql
7ffc32c9a19d481b52ffce7fc101476bc1d1c6cdeed0059cc9c1cbec9849d025.json,graphify-out/cache/ast/v0.9.47-s2/7ffc32c9a19d481b52ffce7fc101476bc1d1c6cdeed0059cc9c1cbec9849d025.json,graphify-out/cache/ast/v0.9.47-s2,13632,.json
d49c857994ba380ba30818355f55b2f0072768d8b138d51e2ad911e22766fbdc.json,sistema/graphify-out/cache/ast/v0.8.36/d49c857994ba380ba30818355f55b2f0072768d8b138d51e2ad911e22766fbdc.json,sistema/graphify-out/cache/ast/v0.8.36,13610,.json
268fbf9d8b54d5183b1376821e43af595144ec72d542fd8c0dec3b4aeef4ee94.json,graphify-out/cache/ast/v0.9.47-s2/268fbf9d8b54d5183b1376821e43af595144ec72d542fd8c0dec3b4aeef4ee94.json,graphify-out/cache/ast/v0.9.47-s2,13583,.json
CLAUDE.md,sistema/FICHA-PRODUTO-MAIS-TECH/CLAUDE.md,sistema/FICHA-PRODUTO-MAIS-TECH,13575,.md
GABARITO_PROVA_OBJETIVA_UC1_TIC.html,sistema/INTRODUCAO_TIC-PRESIDENTE-GETULIO/AVALIACOES_CRIADAS/PROVA_OBJETIVA/GABARITO_PROVA_OBJETIVA_UC1_TIC.html,sistema/INTRODUCAO_TIC-PRESIDENTE-GETULIO/AVALIACOES_CRIADAS/PROVA_OBJETIVA,13568,.html
AULA-08-PLANILHAS-ELETRONICAS.md,sistema/INTRODUCAO-TIC/AULAS/AULA-08-PLANILHAS-ELETRONICAS.md,sistema/INTRODUCAO-TIC/AULAS,13410,.md
AULA-07-EDITOR-DE-TEXTOS.md,sistema/INTRODUCAO-TIC/AULAS/AULA-07-EDITOR-DE-TEXTOS.md,sistema/INTRODUCAO-TIC/AULAS,13377,.md
dashboard.html,dashboard.html,.,13365,.html
09d65a30eb9e505e7a9c45f843f5c8b3f4441ba355a074af39ffb990b11132c6.json,graphify-out/cache/ast/v0.9.47-s2/09d65a30eb9e505e7a9c45f843f5c8b3f4441ba355a074af39ffb990b11132c6.json,graphify-out/cache/ast/v0.9.47-s2,13350,.json
CRIAR_FORMS_ELEMENTOS_COMUNICACAO.gs,sistema/INTRODUCAO_TIC-PRESIDENTE-GETULIO/AULAS/SCRIPTS_GOOGLE_FORMS/CRIAR_FORMS_ELEMENTOS_COMUNICACAO.gs,sistema/INTRODUCAO_TIC-PRESIDENTE-GETULIO/AULAS/SCRIPTS_GOOGLE_FORMS,13321,.gs
AtividadesMatematicaRaciocinioLogicoVersao3.0_7b7e0245.md,graphify-out/converted/AtividadesMatematicaRaciocinioLogicoVersao3.0_7b7e0245.md,graphify-out/converted,13311,.md
AtividadesMatematicaRaciocinioLogicoVersao3.0_6f2360f0.md,sistema/graphify-out/converted/AtividadesMatematicaRaciocinioLogicoVersao3.0_6f2360f0.md,sistema/graphify-out/converted,13311,.md
AtividadesMatematicaRaciocinioLogicoVersao3.0_7b7e0245.md,sistema/graphify-out/converted/AtividadesMatematicaRaciocinioLogicoVersao3.0_7b7e0245.md,sistema/graphify-out/converted,13311,.md
AtividadesMatematicaRaciocinioLogicoVersao3.0_ca09755a.md,sistema/graphify-out/converted/AtividadesMatematicaRaciocinioLogicoVersao3.0_ca09755a.md,sistema/graphify-out/converted,13311,.md
index.html,sistema/INTRODUCAO-TIC/AULAS/index.html,sistema/INTRODUCAO-TIC/AULAS,13260,.html
b55c8772019dd2882df3bd96c3c0f378fc49965327084626283f6c1210419908.json,graphify-out/cache/ast/v0.9.47-s2/b55c8772019dd2882df3bd96c3c0f378fc49965327084626283f6c1210419908.json,graphify-out/cache/ast/v0.9.47-s2,13130,.json
hero.png,sistema/PENDENCIAS-PROFESSOR/src/assets/hero.png,sistema/PENDENCIAS-PROFESSOR/src/assets,13057,.png
index.html,sistema/GESTAO_E_CONTROLE_MATERIAIS/ANALISE_DADOS_APLICADA_GESTAO/index.html,sistema/GESTAO_E_CONTROLE_MATERIAIS/ANALISE_DADOS_APLICADA_GESTAO,13009,.html
191b3450dd60a45989f51fcfb2c26a7c6579b6b634a511b6ec6fbd4a13d160cb.json,graphify-out/cache/ast/v0.9.47-s2/191b3450dd60a45989f51fcfb2c26a7c6579b6b634a511b6ec6fbd4a13d160cb.json,graphify-out/cache/ast/v0.9.47-s2,12948,.json
ATIVIDADE-EXCEL-13-08-2026.docx,sistema/INTRODUCAO_TIC-PRESIDENTE-GETULIO/AULAS/AULA-07-11-08-2026/ATIVIDADE-EXCEL-13-08-2026.docx,sistema/INTRODUCAO_TIC-PRESIDENTE-GETULIO/AULAS/AULA-07-11-08-2026,12904,.docx
Atividade 4 - Criando Atas.docx,sistema/INTRODUCAO_TIC-PRESIDENTE-GETULIO/Introdução a TIC-VICTOR-ANATO/Atividades/Atividade 4 - Criando Atas.docx,sistema/INTRODUCAO_TIC-PRESIDENTE-GETULIO/Introdução a TIC-VICTOR-ANATO/Atividades,12742,.docx
bc2c8a85b658b1dc47d03aeca35abab3a37d01fb284d295b4bc5cf8d632b6a88.json,graphify-out/cache/ast/v0.9.47-s2/bc2c8a85b658b1dc47d03aeca35abab3a37d01fb284d295b4bc5cf8d632b6a88.json,graphify-out/cache/ast/v0.9.47-s2,12739,.json
47f25a7dacee61e8a289484cb5e16a6bff7b5c76ba22e683ce6b6c98220ad229.json,graphify-out/cache/ast/v0.9.47-s2/47f25a7dacee61e8a289484cb5e16a6bff7b5c76ba22e683ce6b6c98220ad229.json,graphify-out/cache/ast/v0.9.47-s2,12650,.json
ATIVIDADES-CEPLAS-VESPERTINO-2026-02_73714119.md,graphify-out/converted/ATIVIDADES-CEPLAS-VESPERTINO-2026-02_73714119.md,graphify-out/converted,12648,.md
f44787a8168b485ad407ecd1e9d7015ebb9db096d47838f50f54629d407a4e3b.json,graphify-out/cache/ast/v0.9.47-s2/f44787a8168b485ad407ecd1e9d7015ebb9db096d47838f50f54629d407a4e3b.json,graphify-out/cache/ast/v0.9.47-s2,12640,.json
FORM_AULA05_GOOGLE_DOCS.gs,sistema/INTRODUCAO_TIC-PRESIDENTE-GETULIO/AULAS/SCRIPTS_GOOGLE_FORMS/FORM_AULA05_GOOGLE_DOCS.gs,sistema/INTRODUCAO_TIC-PRESIDENTE-GETULIO/AULAS/SCRIPTS_GOOGLE_FORMS,12640,.gs
66d12cfb5d29a13e6380e0e9f3779144b1308d854356c589ab9613052df0abc9.json,graphify-out/cache/ast/v0.9.47-s2/66d12cfb5d29a13e6380e0e9f3779144b1308d854356c589ab9613052df0abc9.json,graphify-out/cache/ast/v0.9.47-s2,12627,.json
3ecd010da6dc12a97aa8684cc9363944fdb7ee03da14b0196a34099ee5153a93.json,graphify-out/cache/ast/v0.9.47-s2/3ecd010da6dc12a97aa8684cc9363944fdb7ee03da14b0196a34099ee5153a93.json,graphify-out/cache/ast/v0.9.47-s2,12617,.json
CLAUDE.md,sistema/FICHA-PRODUTO-MAIS-TECH/REFORCO_LINGUAGENS/CLAUDE.md,sistema/FICHA-PRODUTO-MAIS-TECH/REFORCO_LINGUAGENS,12617,.md
AULA-03-COMUNICACAO-PROFISSIONAL.md,sistema/INTRODUCAO-TIC/AULAS/AULA-03-COMUNICACAO-PROFISSIONAL.md,sistema/INTRODUCAO-TIC/AULAS,12575,.md
ATIVIDADES-CEPLAS-VESPERTINO-2026-02.md,sistema/FICHA-PRODUTO-MAIS-TECH/INTRODUCAO_COMUNICACAO_ORAL_ESCRITA/CEPLAS-VESPERTINO-2026-02/ATIVIDADES-CEPLAS-VESPERTINO-2026-02.md,sistema/FICHA-PRODUTO-MAIS-TECH/INTRODUCAO_COMUNICACAO_ORAL_ESCRITA/CEPLAS-VESPERTINO-2026-02,12556,.md
ATIVIDADE-01-Levantamento-Conceitual-SGBD.md,sistema/BANCO_DE_DADOS/gabarito-avaliacao-pratica-banco-dados/ATIVIDADE-01-Levantamento-Conceitual-SGBD.md,sistema/BANCO_DE_DADOS/gabarito-avaliacao-pratica-banco-dados,12409,.md
ccb8dae50e7989b39aacce506244c573113cd9755409b834a07cfc85adc3206b.json,sistema/graphify-out/cache/ast/v0.8.36/ccb8dae50e7989b39aacce506244c573113cd9755409b834a07cfc85adc3206b.json,sistema/graphify-out/cache/ast/v0.8.36,12305,.json
d3c6cb939ab878dae54ab30529cec24b512cc2702a736fe06ee9b20f6cc3614a.json,sistema/graphify-out/cache/ast/v0.8.36/d3c6cb939ab878dae54ab30529cec24b512cc2702a736fe06ee9b20f6cc3614a.json,sistema/graphify-out/cache/ast/v0.8.36,12290,.json
calcular_notas_pratica.py,sistema/INTRODUCAO_TIC-PRESIDENTE-GETULIO/AVALIACOES_CRIADAS/calcular_notas_pratica.py,sistema/INTRODUCAO_TIC-PRESIDENTE-GETULIO/AVALIACOES_CRIADAS,12248,.py
analise_tamanhos.py,ANALISES/analise_tamanhos.py,ANALISES,12239,.py
f4414967968b0636793d6a5d5e23bc5e66c1111c4d973521355b1dba80c4d192.json,graphify-out/cache/ast/v0.9.47-s2/f4414967968b0636793d6a5d5e23bc5e66c1111c4d973521355b1dba80c4d192.json,graphify-out/cache/ast/v0.9.47-s2,12206,.json
QUESTIONARIO-06-08-2026.txt,sistema/Tecnico em Desenvolvimento de Sistemas/LOGICA-PROGRAMACAO/QUESTIONARIO-06-08-2026.txt,sistema/Tecnico em Desenvolvimento de Sistemas/LOGICA-PROGRAMACAO,12142,.txt
AULA-09-APRESENTACOES-E-PROJETO-INTEGRADOR.md,sistema/INTRODUCAO-TIC/AULAS/AULA-09-APRESENTACOES-E-PROJETO-INTEGRADOR.md,sistema/INTRODUCAO-TIC/AULAS,12105,.md
MATERIAS-TEC-INFORMATICA.md,sistema/TECNICO-INFORMATICA-INTERNET/MATERIAS-TEC-INFORMATICA.md,sistema/TECNICO-INFORMATICA-INTERNET,12039,.md
fe551c0d88670adb16d9f414246151c94036f290aaac7d7fe2073c8e0f76dfae.json,graphify-out/cache/ast/v0.9.47-s2/fe551c0d88670adb16d9f414246151c94036f290aaac7d7fe2073c8e0f76dfae.json,graphify-out/cache/ast/v0.9.47-s2,12012,.json
12c1d38d7e6dbb8c96ef3c96bf8f77655e31547ff3eef4bd438e70df53ab2a07.json,graphify-out/cache/ast/v0.9.47-s2/12c1d38d7e6dbb8c96ef3c96bf8f77655e31547ff3eef4bd438e70df53ab2a07.json,graphify-out/cache/ast/v0.9.47-s2,12009,.json
6a4f27efae6eca1246b16f05efe6690243fa47e7f87446e2ba97b729be73b966.json,graphify-out/cache/ast/v0.9.47-s2/6a4f27efae6eca1246b16f05efe6690243fa47e7f87446e2ba97b729be73b966.json,graphify-out/cache/ast/v0.9.47-s2,12007,.json
AULA-04-TEXTOS-TECNICOS.md,sistema/INTRODUCAO-TIC/AULAS/AULA-04-TEXTOS-TECNICOS.md,sistema/INTRODUCAO-TIC/AULAS,11924,.md
7558ca6f8684e0091b05215e9fe754c78a67386fb6c6f902eabb3fcd04e98d6f.json,graphify-out/cache/ast/v0.9.47-s2/7558ca6f8684e0091b05215e9fe754c78a67386fb6c6f902eabb3fcd04e98d6f.json,graphify-out/cache/ast/v0.9.47-s2,11893,.json
GRAPH_REPORT.md,sistema/graphify-out/GRAPH_REPORT.md,sistema/graphify-out,11823,.md
Planilha-Gastos-Casa-AULA-13-08-2026.xlsx,sistema/INTRODUCAO_TIC-PRESIDENTE-GETULIO/AULAS/AULA-07-11-08-2026/Planilha-Gastos-Casa-AULA-13-08-2026.xlsx,sistema/INTRODUCAO_TIC-PRESIDENTE-GETULIO/AULAS/AULA-07-11-08-2026,11822,.xlsx
QUESTIONARIO_COMUNICACAO_EQUIPES.gs,sistema/INTRODUCAO_TIC-PRESIDENTE-GETULIO/AULAS/AULA-03-05-08-2026/QUESTIONARIO_COMUNICACAO_EQUIPES.gs,sistema/INTRODUCAO_TIC-PRESIDENTE-GETULIO/AULAS/AULA-03-05-08-2026,11809,.gs
3b9b8f477180463db10c34aad6a124ccbb76beea830e26a7be54fd6a5df9b5ab.json,graphify-out/cache/ast/v0.9.47-s2/3b9b8f477180463db10c34aad6a124ccbb76beea830e26a7be54fd6a5df9b5ab.json,graphify-out/cache/ast/v0.9.47-s2,11791,.json
7605f4a3e579a1efb0166e1311b7c1439f94e41ce2ac91b76e73c9ca8a7a44e0.json,graphify-out/cache/ast/v0.9.47-s2/7605f4a3e579a1efb0166e1311b7c1439f94e41ce2ac91b76e73c9ca8a7a44e0.json,graphify-out/cache/ast/v0.9.47-s2,11719,.json
gerar_atividade_simples.js,sistema/FICHA-PRODUTO-MAIS-TECH/EXPLORACAO_CARREIRAS_INDUSTRIAIS_TECNOLOGICAS/MATERIAIS/scripts/gerar_atividade_simples.js,sistema/FICHA-PRODUTO-MAIS-TECH/EXPLORACAO_CARREIRAS_INDUSTRIAIS_TECNOLOGICAS/MATERIAIS/scripts,11678,.js
AULA-02-SISTEMA-OPERACIONAL-E-ORGANIZACAO-DIGITAL.md,sistema/INTRODUCAO-TIC/AULAS/AULA-02-SISTEMA-OPERACIONAL-E-ORGANIZACAO-DIGITAL.md,sistema/INTRODUCAO-TIC/AULAS,11656,.md
3f613db6134836dd754471a332960eb51510899a732b7b57c63e3318b970f6ec.json,graphify-out/cache/ast/v0.9.47-s2/3f613db6134836dd754471a332960eb51510899a732b7b57c63e3318b970f6ec.json,graphify-out/cache/ast/v0.9.47-s2,11648,.json
dc3ff8969803f6c212fbbbac4e20cbc2bba4030c4016922658d658abec315f59.json,graphify-out/cache/ast/v0.9.47-s2/dc3ff8969803f6c212fbbbac4e20cbc2bba4030c4016922658d658abec315f59.json,graphify-out/cache/ast/v0.9.47-s2,11644,.json
AULA-02-10-09-2026.md,sistema/FICHA-PRODUTO-MAIS-TECH/FUNDAMENTOS_DA_TECNOLOGIA_E_PROGRAMACAO/PLANO-3-AULAS/AULA-02-10-09-2026.md,sistema/FICHA-PRODUTO-MAIS-TECH/FUNDAMENTOS_DA_TECNOLOGIA_E_PROGRAMACAO/PLANO-3-AULAS,11572,.md
visualizador-central-aulas-pendentes.html,sistema/visualizador-central-aulas-pendentes.html,sistema,11502,.html
f255cdca15dede9284b41fa53b8f3686af7991ab202b4d28db89e4dad215bd7f.json,sistema/graphify-out/cache/ast/v0.8.36/f255cdca15dede9284b41fa53b8f3686af7991ab202b4d28db89e4dad215bd7f.json,sistema/graphify-out/cache/ast/v0.8.36,11486,.json
QUESTIONARIO_SEGURANCA_INFORMACAO.gs,sistema/INTRODUCAO_TIC-PRESIDENTE-GETULIO/AULAS/AULA-03-05-08-2026/QUESTIONARIO_SEGURANCA_INFORMACAO.gs,sistema/INTRODUCAO_TIC-PRESIDENTE-GETULIO/AULAS/AULA-03-05-08-2026,11485,.gs
ATIVIDADE-CARREIRAS-04-09-2026-SIMPLIFICADO.docx,sistema/FICHA-PRODUTO-MAIS-TECH/EXPLORACAO_CARREIRAS_INDUSTRIAIS_TECNOLOGICAS/ATIVIDADES/ATIVIDADE-CARREIRAS-04-09-2026-SIMPLIFICADO.docx,sistema/FICHA-PRODUTO-MAIS-TECH/EXPLORACAO_CARREIRAS_INDUSTRIAIS_TECNOLOGICAS/ATIVIDADES,11370,.docx
relatorio-tamanhos.md,ANALISES/relatorios/relatorio-tamanhos.md,ANALISES/relatorios,11368,.md
QUESTIONARIO_INTERNET_WWW.gs,sistema/INTRODUCAO_TIC-PRESIDENTE-GETULIO/AULAS/SCRIPTS_GOOGLE_FORMS/QUESTIONARIO_INTERNET_WWW.gs,sistema/INTRODUCAO_TIC-PRESIDENTE-GETULIO/AULAS/SCRIPTS_GOOGLE_FORMS,11343,.gs
1fa1c3460a793c83b2a4cac8d02081af890d4d1059f0a4139e40fd95e65e1965.json,graphify-out/cache/ast/v0.9.47-s2/1fa1c3460a793c83b2a4cac8d02081af890d4d1059f0a4139e40fd95e65e1965.json,graphify-out/cache/ast/v0.9.47-s2,11306,.json
3b389ba21cd2df7fb17324f6a77aab1f2e496d568d2e70ea1b2f9b3031acf986.json,graphify-out/cache/ast/v0.9.47-s2/3b389ba21cd2df7fb17324f6a77aab1f2e496d568d2e70ea1b2f9b3031acf986.json,graphify-out/cache/ast/v0.9.47-s2,11254,.json
PLANO-AULAS-ANALISE-DADOS-APLICADA-GESTAO.md,sistema/GESTAO_E_CONTROLE_MATERIAIS/ANALISE_DADOS_APLICADA_GESTAO/PLANO-AULAS-ANALISE-DADOS-APLICADA-GESTAO.md,sistema/GESTAO_E_CONTROLE_MATERIAIS/ANALISE_DADOS_APLICADA_GESTAO,11249,.md
e7368393efdf33543543fe6d461d865e75143ebd08b445fe6f67e324f40176f4.json,graphify-out/cache/ast/v0.9.47-s2/e7368393efdf33543543fe6d461d865e75143ebd08b445fe6f67e324f40176f4.json,graphify-out/cache/ast/v0.9.47-s2,11207,.json
PROVA_OBJETIVA_UC1_TIC_2a22b0d7.md,graphify-out/converted/PROVA_OBJETIVA_UC1_TIC_2a22b0d7.md,graphify-out/converted,11167,.md
PROVA_OBJETIVA_UC1_TIC_40ab4fb0.md,graphify-out/converted/PROVA_OBJETIVA_UC1_TIC_40ab4fb0.md,graphify-out/converted,11167,.md
PROVA_OBJETIVA_UC1_TIC_43fab70b.md,graphify-out/converted/PROVA_OBJETIVA_UC1_TIC_43fab70b.md,graphify-out/converted,11167,.md
PROVA_OBJETIVA_UC1_TIC_10eecaf3.md,sistema/graphify-out/converted/PROVA_OBJETIVA_UC1_TIC_10eecaf3.md,sistema/graphify-out/converted,11166,.md
2a49e21281648d4722b1174d6323e26b0c3af9ab2c2ce30fe57ff602582de52f.json,graphify-out/cache/ast/v0.9.47-s2/2a49e21281648d4722b1174d6323e26b0c3af9ab2c2ce30fe57ff602582de52f.json,graphify-out/cache/ast/v0.9.47-s2,11155,.json
54dd2282147cdf8bd5e4840fec00feaf863a837b73b77f0496e4bc9ace2979d9.json,graphify-out/cache/ast/v0.9.47-s2/54dd2282147cdf8bd5e4840fec00feaf863a837b73b77f0496e4bc9ace2979d9.json,graphify-out/cache/ast/v0.9.47-s2,11055,.json
INVENTARIO_DA_EQUIPE.xlsx,sistema/INTRODUCAO_TIC-PRESIDENTE-GETULIO/AVALIACOES_CRIADAS/ENTREGAS-PROVA-PRATICA/EQUIPE_10/INVENTARIO_DA_EQUIPE.xlsx,sistema/INTRODUCAO_TIC-PRESIDENTE-GETULIO/AVALIACOES_CRIADAS/ENTREGAS-PROVA-PRATICA/EQUIPE_10,10897,.xlsx
a074386ed6cf2264f5198c1c6e43835a1928a8ca1497ca681362ce94ad480256.json,graphify-out/cache/ast/v0.9.47-s2/a074386ed6cf2264f5198c1c6e43835a1928a8ca1497ca681362ce94ad480256.json,graphify-out/cache/ast/v0.9.47-s2,10895,.json
Dinamicas_1ca0b001.md,graphify-out/converted/Dinamicas_1ca0b001.md,graphify-out/converted,10807,.md
Dinamicas_301508db.md,graphify-out/converted/Dinamicas_301508db.md,graphify-out/converted,10807,.md
Dinamicas_7bfac67b.md,graphify-out/converted/Dinamicas_7bfac67b.md,graphify-out/converted,10807,.md
index.html,sistema/index.html,sistema,10784,.html
MEMBROS-EQUIPE-06-08-2026.html,sistema/INTRODUCAO_TIC-PRESIDENTE-GETULIO/AULAS/AULA-04-06-08-2026/MEMBROS-EQUIPE-06-08-2026.html,sistema/INTRODUCAO_TIC-PRESIDENTE-GETULIO/AULAS/AULA-04-06-08-2026,10775,.html
FORM_AULA08_TEXTOS_TECNICOS.gs,sistema/INTRODUCAO_TIC-PRESIDENTE-GETULIO/AULAS/SCRIPTS_GOOGLE_FORMS/FORM_AULA08_TEXTOS_TECNICOS.gs,sistema/INTRODUCAO_TIC-PRESIDENTE-GETULIO/AULAS/SCRIPTS_GOOGLE_FORMS,10770,.gs
059c3289971eeb349fba37ec7518bc0ea7cbb3c90d0cf6e9b78902e224db6c72.json,graphify-out/cache/ast/v0.9.47-s2/059c3289971eeb349fba37ec7518bc0ea7cbb3c90d0cf6e9b78902e224db6c72.json,graphify-out/cache/ast/v0.9.47-s2,10765,.json
RECUPERACAO_PROVA_OBJETIVA.gs,sistema/INTRODUCAO_TIC-PRESIDENTE-GETULIO/AVALIACOES_CRIADAS/PROVA_OBJETIVA/RECUPERACAO_PROVA_OBJETIVA.gs,sistema/INTRODUCAO_TIC-PRESIDENTE-GETULIO/AVALIACOES_CRIADAS/PROVA_OBJETIVA,10692,.gs
GUIA_DA_EQUIPE 7_.docx,sistema/INTRODUCAO_TIC-PRESIDENTE-GETULIO/AVALIACOES_CRIADAS/ENTREGAS-PROVA-PRATICA/EQUIPE_07/GUIA_DA_EQUIPE 7_.docx,sistema/INTRODUCAO_TIC-PRESIDENTE-GETULIO/AVALIACOES_CRIADAS/ENTREGAS-PROVA-PRATICA/EQUIPE_07,10634,.docx
MATERIAL_OFICINA DE EMPREENDEDORISMO-CEPLAS-2026-02_119702f5.md,graphify-out/converted/MATERIAL_OFICINA DE EMPREENDEDORISMO-CEPLAS-2026-02_119702f5.md,graphify-out/converted,10623,.md
MATERIAL_OFICINA DE EMPREENDEDORISMO-CEPLAS-2026-02_ae423fd1.md,graphify-out/converted/MATERIAL_OFICINA DE EMPREENDEDORISMO-CEPLAS-2026-02_ae423fd1.md,graphify-out/converted,10612,.md
criar_atividade_ferramentas_digitais_facil.py,scripts/criar_atividade_ferramentas_digitais_facil.py,scripts,10573,.py
GABARITO_PROVA_OBJETIVA_UC1_TIC.docx,sistema/INTRODUCAO_TIC-PRESIDENTE-GETULIO/AVALIACOES_CRIADAS/PROVA_OBJETIVA/GABARITO_PROVA_OBJETIVA_UC1_TIC.docx,sistema/INTRODUCAO_TIC-PRESIDENTE-GETULIO/AVALIACOES_CRIADAS/PROVA_OBJETIVA,10560,.docx
NOTAS-EQUIPE-PROVA-PRATICA.js,sistema/INTRODUCAO_TIC-PRESIDENTE-GETULIO/AVALIACOES_CRIADAS/NOTAS-EQUIPE-PROVA-PRATICA.js,sistema/INTRODUCAO_TIC-PRESIDENTE-GETULIO/AVALIACOES_CRIADAS,10559,.js
b5fed171def8274154a8eaf650417c48f90b3fd5c3b2278b62fa31bd4905a493.json,graphify-out/cache/ast/v0.9.47-s2/b5fed171def8274154a8eaf650417c48f90b3fd5c3b2278b62fa31bd4905a493.json,graphify-out/cache/ast/v0.9.47-s2,10438,.json
biblioteca_sistema.sql,sistema/BANCO_DE_DADOS/exemplo-biblioteca/biblioteca_sistema.sql,sistema/BANCO_DE_DADOS/exemplo-biblioteca,10423,.sql
Prova Prática ITIC_8a9b4a58.md,graphify-out/converted/Prova Prática ITIC_8a9b4a58.md,graphify-out/converted,10407,.md
Prova Prática ITIC_a5bcdfe4.md,graphify-out/converted/Prova Prática ITIC_a5bcdfe4.md,graphify-out/converted,10407,.md
Prova Prática ITIC_ac740ddd.md,graphify-out/converted/Prova Prática ITIC_ac740ddd.md,graphify-out/converted,10407,.md
2f0b33ccf42cdb2749ee1d9912475b3ac573efc8fb7dc057154585cf72ffa8de.json,graphify-out/cache/ast/v0.9.47-s2/2f0b33ccf42cdb2749ee1d9912475b3ac573efc8fb7dc057154585cf72ffa8de.json,graphify-out/cache/ast/v0.9.47-s2,10393,.json
app.css,E-MAIL-SENAI/assets/css/app.css,E-MAIL-SENAI/assets/css,10357,.css
duplas-aula-12-08-2026.xlsx,sistema/duplas-aula-12-08-2026.xlsx,sistema,10301,.xlsx
b60f9f2c2684e97d37fd14889623e459d2f7448b079e4458c9983ce47fa1120e.json,sistema/graphify-out/cache/ast/v0.8.36/b60f9f2c2684e97d37fd14889623e459d2f7448b079e4458c9983ce47fa1120e.json,sistema/graphify-out/cache/ast/v0.8.36,10297,.json
CLAUDE.md,sistema/CLAUDE.md,sistema,10253,.md
Atividade 10 - Situação de Aprendizagem.docx,sistema/INTRODUCAO_TIC-PRESIDENTE-GETULIO/Introdução a TIC-VICTOR-ANATO/Atividades/Atividade 10 - Situação de Aprendizagem.docx,sistema/INTRODUCAO_TIC-PRESIDENTE-GETULIO/Introdução a TIC-VICTOR-ANATO/Atividades,10252,.docx
9b6965034231c28224eee7830a26e91c143390b73aedd6b9afd423e144051ed4.json,graphify-out/cache/ast/v0.9.47-s2/9b6965034231c28224eee7830a26e91c143390b73aedd6b9afd423e144051ed4.json,graphify-out/cache/ast/v0.9.47-s2,10226,.json
Avaliação de Comportamento_101f1f66.md,graphify-out/converted/Avaliação de Comportamento_101f1f66.md,graphify-out/converted,10207,.md
Avaliação de Comportamento_35f6bc50.md,graphify-out/converted/Avaliação de Comportamento_35f6bc50.md,graphify-out/converted,10207,.md
Avaliação de Comportamento_a01c2cbe.md,graphify-out/converted/Avaliação de Comportamento_a01c2cbe.md,graphify-out/converted,10207,.md
5709f69d9cd73a80e394e86e2679050fffff2b226d455800a8d770b0ca0f3fbb.json,graphify-out/cache/ast/v0.9.47-s2/5709f69d9cd73a80e394e86e2679050fffff2b226d455800a8d770b0ca0f3fbb.json,graphify-out/cache/ast/v0.9.47-s2,10170,.json
MODELO-LOGICO.sql,sistema/BANCO_DE_DADOS/exemplo-biblioteca/MODELO-LOGICO.sql,sistema/BANCO_DE_DADOS/exemplo-biblioteca,10163,.sql
365982f9c9758754845ad7f60506d9d9bc88bd99b84a0253bcbc993df39cb286.json,graphify-out/cache/ast/v0.9.47-s2/365982f9c9758754845ad7f60506d9d9bc88bd99b84a0253bcbc993df39cb286.json,graphify-out/cache/ast/v0.9.47-s2,10141,.json
68aea3e93304e41c96d8e7c6962ec741a130acbd707dd331de70f8135ea1ca77.json,graphify-out/cache/ast/v0.9.47-s2/68aea3e93304e41c96d8e7c6962ec741a130acbd707dd331de70f8135ea1ca77.json,graphify-out/cache/ast/v0.9.47-s2,10089,.json
b7324d1c2f03c69b0514157f1c8c2107499a6001bdac819c31c11ed5289986ca.json,graphify-out/cache/ast/v0.9.47-s2/b7324d1c2f03c69b0514157f1c8c2107499a6001bdac819c31c11ed5289986ca.json,graphify-out/cache/ast/v0.9.47-s2,10066,.json
Avaliacao_Objetiva_UC_Introducao_Tecnologia_Informacao_Comunicacao_19cde76e.md,graphify-out/converted/Avaliacao_Objetiva_UC_Introducao_Tecnologia_Informacao_Comunicacao_19cde76e.md,graphify-out/converted,10017,.md
31f1b9984dfa96edef20b9f73f80bc8c44555b69961a5abf82b10d5996dcc39f.json,graphify-out/cache/ast/v0.9.47-s2/31f1b9984dfa96edef20b9f73f80bc8c44555b69961a5abf82b10d5996dcc39f.json,graphify-out/cache/ast/v0.9.47-s2,9994,.json
216d6b1a18b01ec7721ce47d76f0f5d797f1ff0ed4b43d645024342b6e7db5c8.json,graphify-out/cache/ast/v0.9.47-s2/216d6b1a18b01ec7721ce47d76f0f5d797f1ff0ed4b43d645024342b6e7db5c8.json,graphify-out/cache/ast/v0.9.47-s2,9986,.json
f2bea2c997556a9ebbce213acef62f141f8fb10c9bf6bede26d7158b91d59884.json,graphify-out/cache/ast/v0.9.47-s2/f2bea2c997556a9ebbce213acef62f141f8fb10c9bf6bede26d7158b91d59884.json,graphify-out/cache/ast/v0.9.47-s2,9947,.json
GUIA_DA_EQUIPE.docx,sistema/INTRODUCAO_TIC-PRESIDENTE-GETULIO/AVALIACOES_CRIADAS/ENTREGAS-PROVA-PRATICA/EQUIPE_01/GUIA_DA_EQUIPE.docx,sistema/INTRODUCAO_TIC-PRESIDENTE-GETULIO/AVALIACOES_CRIADAS/ENTREGAS-PROVA-PRATICA/EQUIPE_01,9936,.docx
9d1b17bdfa360a179281a89152978177cbd9fb9d89e624ecba7f4dfd16e9eb0c.json,graphify-out/cache/ast/v0.9.47-s2/9d1b17bdfa360a179281a89152978177cbd9fb9d89e624ecba7f4dfd16e9eb0c.json,graphify-out/cache/ast/v0.9.47-s2,9915,.json
8413f02b26c24ccf4af310c627b340585da61e6fe908ef4e7226ea70b61896ce.json,graphify-out/cache/ast/v0.9.47-s2/8413f02b26c24ccf4af310c627b340585da61e6fe908ef4e7226ea70b61896ce.json,graphify-out/cache/ast/v0.9.47-s2,9907,.json
f8e71e2b325c4a79b4d6b42703ecaa61919d50c157cbadc471b72743e04b6c52.json,graphify-out/cache/ast/v0.9.47-s2/f8e71e2b325c4a79b4d6b42703ecaa61919d50c157cbadc471b72743e04b6c52.json,graphify-out/cache/ast/v0.9.47-s2,9906,.json
AULA-01-03-09-2026.md,sistema/FICHA-PRODUTO-MAIS-TECH/FUNDAMENTOS_DA_TECNOLOGIA_E_PROGRAMACAO/PLANO-3-AULAS/AULA-01-03-09-2026.md,sistema/FICHA-PRODUTO-MAIS-TECH/FUNDAMENTOS_DA_TECNOLOGIA_E_PROGRAMACAO/PLANO-3-AULAS,9851,.md
33f8354a2652dec9fb1429b997678d886e7f7b6bae614e17d2c1ad79b26c588e.json,graphify-out/cache/ast/v0.9.47-s2/33f8354a2652dec9fb1429b997678d886e7f7b6bae614e17d2c1ad79b26c588e.json,graphify-out/cache/ast/v0.9.47-s2,9849,.json
GRAPH_REPORT.md,sistema/BANCO_DE_DADOS/graphify-out/GRAPH_REPORT.md,sistema/BANCO_DE_DADOS/graphify-out,9812,.md
ATIVIDADE-EPISODIO-02.md,sistema/FICHA-PRODUTO-MAIS-TECH/REFORCO_LINGUAGENS/ATIVIDADE-EPISODIO-02.md,sistema/FICHA-PRODUTO-MAIS-TECH/REFORCO_LINGUAGENS,9811,.md
RELATORIO-ALINHAMENTO-AULAS-EMENTA.md,sistema/FICHA-PRODUTO-MAIS-TECH/FUNDAMENTOS_DA_TECNOLOGIA_E_PROGRAMACAO/RELATORIO-ALINHAMENTO-AULAS-EMENTA.md,sistema/FICHA-PRODUTO-MAIS-TECH/FUNDAMENTOS_DA_TECNOLOGIA_E_PROGRAMACAO,9783,.md
0c291c3e84144997e1e7760c1d4ca367e6cf7782f26c3963a854da7fa36440b6.json,graphify-out/cache/ast/v0.9.47-s2/0c291c3e84144997e1e7760c1d4ca367e6cf7782f26c3963a854da7fa36440b6.json,graphify-out/cache/ast/v0.9.47-s2,9728,.json
8e830778e956dc1d30948b9c5a0d39c5a23e122ff357c14f9753f2b4bb6c39c4.json,graphify-out/cache/ast/v0.9.47-s2/8e830778e956dc1d30948b9c5a0d39c5a23e122ff357c14f9753f2b4bb6c39c4.json,graphify-out/cache/ast/v0.9.47-s2,9709,.json
6933dea71c1cd7a0cfe96430f26082cb25bcd188d42f2e714eaf4bc015c8d707.json,graphify-out/cache/ast/v0.9.47-s2/6933dea71c1cd7a0cfe96430f26082cb25bcd188d42f2e714eaf4bc015c8d707.json,graphify-out/cache/ast/v0.9.47-s2,9693,.json
pdf_generator_smart.py,sistema/FICHA-PRODUTO-MAIS-TECH/EXPLORACAO_CARREIRAS_INDUSTRIAIS_TECNOLOGICAS/substituicoes/pdf_generator_smart.py,sistema/FICHA-PRODUTO-MAIS-TECH/EXPLORACAO_CARREIRAS_INDUSTRIAIS_TECNOLOGICAS/substituicoes,9693,.py
FORM_AULA13_FERRAMENTAS_MICROSOFT.gs,sistema/INTRODUCAO_TIC-PRESIDENTE-GETULIO/AULAS/SCRIPTS_GOOGLE_FORMS/FORM_AULA13_FERRAMENTAS_MICROSOFT.gs,sistema/INTRODUCAO_TIC-PRESIDENTE-GETULIO/AULAS/SCRIPTS_GOOGLE_FORMS,9656,.gs
Atividade 5 - Criando memorandos.docx,sistema/INTRODUCAO_TIC-PRESIDENTE-GETULIO/Introdução a TIC-VICTOR-ANATO/Atividades/Atividade 5 - Criando memorandos.docx,sistema/INTRODUCAO_TIC-PRESIDENTE-GETULIO/Introdução a TIC-VICTOR-ANATO/Atividades,9562,.docx
AULA-01-versao-texto.txt,sistema/FICHA-PRODUTO-MAIS-TECH/FUNDAMENTOS_DA_TECNOLOGIA_E_PROGRAMACAO/AULAS/AULA-01-versao-texto.txt,sistema/FICHA-PRODUTO-MAIS-TECH/FUNDAMENTOS_DA_TECNOLOGIA_E_PROGRAMACAO/AULAS,9560,.txt
AULA-01.md,sistema/FICHA-PRODUTO-MAIS-TECH/FUNDAMENTOS_DA_TECNOLOGIA_E_PROGRAMACAO/AULAS/AULA-01.md,sistema/FICHA-PRODUTO-MAIS-TECH/FUNDAMENTOS_DA_TECNOLOGIA_E_PROGRAMACAO/AULAS,9560,.md
QUESTIONARIO_HARDWARE_SO.gs,sistema/INTRODUCAO_TIC-PRESIDENTE-GETULIO/AULAS/AULA-04-06-08-2026/QUESTIONARIO_HARDWARE_SO.gs,sistema/INTRODUCAO_TIC-PRESIDENTE-GETULIO/AULAS/AULA-04-06-08-2026,9538,.gs
favicon.svg,sistema/PENDENCIAS-PROFESSOR/public/favicon.svg,sistema/PENDENCIAS-PROFESSOR/public,9523,.svg
Atividade 6 – Tipos de Linguagem.docx,sistema/INTRODUCAO_TIC-PRESIDENTE-GETULIO/Introdução a TIC-VICTOR-ANATO/Atividades/Atividade 6 – Tipos de Linguagem.docx,sistema/INTRODUCAO_TIC-PRESIDENTE-GETULIO/Introdução a TIC-VICTOR-ANATO/Atividades,9465,.docx
RELATORIO-AULAS.md,sistema/FICHA-PRODUTO-MAIS-TECH/INTRODUCAO_COMUNICACAO_ORAL_ESCRITA/CEPLAS-VESPERTINO-2026-02/RELATORIO-AULAS.md,sistema/FICHA-PRODUTO-MAIS-TECH/INTRODUCAO_COMUNICACAO_ORAL_ESCRITA/CEPLAS-VESPERTINO-2026-02,9430,.md
MODELO-CONCEITUAL.sql,sistema/BANCO_DE_DADOS/exemplo-biblioteca/MODELO-CONCEITUAL.sql,sistema/BANCO_DE_DADOS/exemplo-biblioteca,9428,.sql
gestao-logistica-e-materiais_326e9f13.md,graphify-out/converted/gestao-logistica-e-materiais_326e9f13.md,graphify-out/converted,9419,.md
FORM_AULA07_GOOGLE_SLIDES.gs,sistema/INTRODUCAO_TIC-PRESIDENTE-GETULIO/AULAS/SCRIPTS_GOOGLE_FORMS/FORM_AULA07_GOOGLE_SLIDES.gs,sistema/INTRODUCAO_TIC-PRESIDENTE-GETULIO/AULAS/SCRIPTS_GOOGLE_FORMS,9402,.gs
1dd9cddfd7508610a6a23103f0c1adb8ed0572b1fc40b2e026405c12f211ed3c.json,sistema/PENDENCIAS-PROFESSOR/graphify-out/cache/ast/v0.8.36/1dd9cddfd7508610a6a23103f0c1adb8ed0572b1fc40b2e026405c12f211ed3c.json,sistema/PENDENCIAS-PROFESSOR/graphify-out/cache/ast/v0.8.36,9398,.json
LISTAS-EMAIL.js,E-MAIL-SENAI/LISTAS-EMAIL.js,E-MAIL-SENAI,9364,.js
index.html,sistema/PENDENCIAS-PROFESSOR/index.html,sistema/PENDENCIAS-PROFESSOR,9355,.html
AVALIACAO-PRATICA.md,sistema/INTRODUCAO-TIC/AVALIACOES/AVALIACAO-PRATICA.md,sistema/INTRODUCAO-TIC/AVALIACOES,9353,.md
PEI - Jhiogo Hennyck Pereira Custodio_500aa103.md,graphify-out/converted/PEI - Jhiogo Hennyck Pereira Custodio_500aa103.md,graphify-out/converted,9334,.md
PEI - Jhiogo Hennyck Pereira Custodio_74788ace.md,graphify-out/converted/PEI - Jhiogo Hennyck Pereira Custodio_74788ace.md,graphify-out/converted,9334,.md
PEI - Jhiogo Hennyck Pereira Custodio_dd6ba35a.md,graphify-out/converted/PEI - Jhiogo Hennyck Pereira Custodio_dd6ba35a.md,graphify-out/converted,9334,.md
5903fe2d425e6ace24a2c48e2b08fb82ec589017b45ab781671d21dff20f7d89.json,graphify-out/cache/ast/v0.9.47-s2/5903fe2d425e6ace24a2c48e2b08fb82ec589017b45ab781671d21dff20f7d89.json,graphify-out/cache/ast/v0.9.47-s2,9308,.json
2fd30b6149fe4c6a4943388d805b7ed23fb20bf41dc0e313685dd6f01ec8d31b.json,graphify-out/cache/ast/v0.9.47-s2/2fd30b6149fe4c6a4943388d805b7ed23fb20bf41dc0e313685dd6f01ec8d31b.json,graphify-out/cache/ast/v0.9.47-s2,9266,.json
Atividade 7 - Gabarito_.docx,sistema/INTRODUCAO_TIC-PRESIDENTE-GETULIO/Introdução a TIC-VICTOR-ANATO/Atividades/Atividade 7 - Gabarito_.docx,sistema/INTRODUCAO_TIC-PRESIDENTE-GETULIO/Introdução a TIC-VICTOR-ANATO/Atividades,9217,.docx
a97f8818df23babc799d2a0d34fdb42855bded0010d819871f191a38d953dd8e.json,graphify-out/cache/ast/v0.9.47-s2/a97f8818df23babc799d2a0d34fdb42855bded0010d819871f191a38d953dd8e.json,graphify-out/cache/ast/v0.9.47-s2,9214,.json
GOOGLE-DOCS-X-MICROSOFT-WORD-VERSAO-EDITORIAL.html,sistema/FICHA-PRODUTO-MAIS-TECH/FUNDAMENTOS_DA_TECNOLOGIA_E_PROGRAMACAO/PLANO-3-AULAS/VERSAO-CLAUDE/01-COMPARATIVOS/GOOGLE-DOCS-X-MICROSOFT-WORD-VERSAO-EDITORIAL.html,sistema/FICHA-PRODUTO-MAIS-TECH/FUNDAMENTOS_DA_TECNOLOGIA_E_PROGRAMACAO/PLANO-3-AULAS/VERSAO-CLAUDE/01-COMPARATIVOS,9211,.html
dbceb487cff5e7d47f3d10e78b57c39895cfa5bb6633120c30d3d9c35fec4da8.json,graphify-out/cache/ast/v0.9.47-s2/dbceb487cff5e7d47f3d10e78b57c39895cfa5bb6633120c30d3d9c35fec4da8.json,graphify-out/cache/ast/v0.9.47-s2,9075,.json
938fffce0f28951194e4978104ee91db58dae9488ddcadbcb5328562184d460f.json,sistema/graphify-out/cache/ast/v0.8.36/938fffce0f28951194e4978104ee91db58dae9488ddcadbcb5328562184d460f.json,sistema/graphify-out/cache/ast/v0.8.36,9052,.json
FORM_AULA06_GOOGLE_SHEETS.gs,sistema/INTRODUCAO_TIC-PRESIDENTE-GETULIO/AULAS/SCRIPTS_GOOGLE_FORMS/FORM_AULA06_GOOGLE_SHEETS.gs,sistema/INTRODUCAO_TIC-PRESIDENTE-GETULIO/AULAS/SCRIPTS_GOOGLE_FORMS,9045,.gs
VERIFICACAO_COBERTURA_EMENTA.md,sistema/FICHA-PRODUTO-MAIS-TECH/INTRODUCAO_COMUNICACAO_ORAL_ESCRITA/VERIFICACAO_COBERTURA_EMENTA.md,sistema/FICHA-PRODUTO-MAIS-TECH/INTRODUCAO_COMUNICACAO_ORAL_ESCRITA,8997,.md
GUIA_DA_EQUIPE.docx,sistema/INTRODUCAO_TIC-PRESIDENTE-GETULIO/AVALIACOES_CRIADAS/ENTREGAS-PROVA-PRATICA/EQUIPE_04/GUIA_DA_EQUIPE.docx,sistema/INTRODUCAO_TIC-PRESIDENTE-GETULIO/AVALIACOES_CRIADAS/ENTREGAS-PROVA-PRATICA/EQUIPE_04,8977,.docx
Atividade 7 - Técnica ou Jargão.docx,sistema/INTRODUCAO_TIC-PRESIDENTE-GETULIO/Introdução a TIC-VICTOR-ANATO/Atividades/Atividade 7 - Técnica ou Jargão.docx,sistema/INTRODUCAO_TIC-PRESIDENTE-GETULIO/Introdução a TIC-VICTOR-ANATO/Atividades,8960,.docx
GUIA_DA_EQUIPE-06.docx,sistema/INTRODUCAO_TIC-PRESIDENTE-GETULIO/AVALIACOES_CRIADAS/ENTREGAS-PROVA-PRATICA/EQUIPE_06/GUIA_DA_EQUIPE-06.docx,sistema/INTRODUCAO_TIC-PRESIDENTE-GETULIO/AVALIACOES_CRIADAS/ENTREGAS-PROVA-PRATICA/EQUIPE_06,8954,.docx
12560106692adea25285e27cb386041734112574efcf593c9be93bc985ce1da0.json,graphify-out/cache/ast/v0.9.47-s2/12560106692adea25285e27cb386041734112574efcf593c9be93bc985ce1da0.json,graphify-out/cache/ast/v0.9.47-s2,8886,.json
aulas-pendentes.json,sistema/FICHA-PRODUTO-MAIS-TECH/FUNDAMENTOS_DA_TECNOLOGIA_E_PROGRAMACAO/aulas-pendentes.json,sistema/FICHA-PRODUTO-MAIS-TECH/FUNDAMENTOS_DA_TECNOLOGIA_E_PROGRAMACAO,8881,.json
NOTAS-PRATICA-FINAL.js,sistema/INTRODUCAO_TIC-PRESIDENTE-GETULIO/AVALIACOES_CRIADAS/NOTAS-PRATICA-FINAL.js,sistema/INTRODUCAO_TIC-PRESIDENTE-GETULIO/AVALIACOES_CRIADAS,8881,.js
PROVA_PRATICA_UC1_TIC_ORIGINAL_1c82cdc8.md,graphify-out/converted/PROVA_PRATICA_UC1_TIC_ORIGINAL_1c82cdc8.md,graphify-out/converted,8779,.md
PROVA_PRATICA_UC1_TIC_ORIGINAL_bf4c3e1e.md,graphify-out/converted/PROVA_PRATICA_UC1_TIC_ORIGINAL_bf4c3e1e.md,graphify-out/converted,8779,.md
PROVA_PRATICA_UC1_TIC_ORIGINAL_de17f5e7.md,graphify-out/converted/PROVA_PRATICA_UC1_TIC_ORIGINAL_de17f5e7.md,graphify-out/converted,8779,.md
GUIA_DA_EQUIPE.docx,sistema/INTRODUCAO_TIC-PRESIDENTE-GETULIO/AVALIACOES_CRIADAS/ENTREGAS-PROVA-PRATICA/EQUIPE_08/GUIA_DA_EQUIPE.docx,sistema/INTRODUCAO_TIC-PRESIDENTE-GETULIO/AVALIACOES_CRIADAS/ENTREGAS-PROVA-PRATICA/EQUIPE_08,8723,.docx
vite.svg,sistema/PENDENCIAS-PROFESSOR/src/assets/vite.svg,sistema/PENDENCIAS-PROFESSOR/src/assets,8709,.svg
GUIA_DA_EQUIPE_.docx,sistema/INTRODUCAO_TIC-PRESIDENTE-GETULIO/AVALIACOES_CRIADAS/ENTREGAS-PROVA-PRATICA/EQUIPE_03/GUIA_DA_EQUIPE_.docx,sistema/INTRODUCAO_TIC-PRESIDENTE-GETULIO/AVALIACOES_CRIADAS/ENTREGAS-PROVA-PRATICA/EQUIPE_03,8623,.docx
Lista2_20Exercicios_MatematicaRaciocinioLogico_694ddfce.md,graphify-out/converted/Lista2_20Exercicios_MatematicaRaciocinioLogico_694ddfce.md,graphify-out/converted,8544,.md
Lista2_20Exercicios_MatematicaRaciocinioLogico_694ddfce.md,sistema/graphify-out/converted/Lista2_20Exercicios_MatematicaRaciocinioLogico_694ddfce.md,sistema/graphify-out/converted,8544,.md
Lista2_20Exercicios_MatematicaRaciocinioLogico_807c61c5.md,sistema/graphify-out/converted/Lista2_20Exercicios_MatematicaRaciocinioLogico_807c61c5.md,sistema/graphify-out/converted,8544,.md
Lista2_20Exercicios_MatematicaRaciocinioLogico_b6682261.md,sistema/graphify-out/converted/Lista2_20Exercicios_MatematicaRaciocinioLogico_b6682261.md,sistema/graphify-out/converted,8544,.md
api.js,E-MAIL-SENAI/assets/js/api.js,E-MAIL-SENAI/assets/js,8515,.js
0790936cfb59ad43a7f190143edc14cd97fa187767ec63085fd5fc25a77ed98c.json,graphify-out/cache/ast/v0.9.47-s2/0790936cfb59ad43a7f190143edc14cd97fa187767ec63085fd5fc25a77ed98c.json,graphify-out/cache/ast/v0.9.47-s2,8476,.json
Atividade 2 - Investigação Cibernética.docx,sistema/INTRODUCAO_TIC-PRESIDENTE-GETULIO/Introdução a TIC-VICTOR-ANATO/Atividades/Atividade 2 - Investigação Cibernética.docx,sistema/INTRODUCAO_TIC-PRESIDENTE-GETULIO/Introdução a TIC-VICTOR-ANATO/Atividades,8467,.docx
42db97e8cd8951db9caca0bd30c720afe763b18357e341fbe0c34d9602aeb33a.json,graphify-out/cache/ast/v0.9.47-s2/42db97e8cd8951db9caca0bd30c720afe763b18357e341fbe0c34d9602aeb33a.json,graphify-out/cache/ast/v0.9.47-s2,8431,.json
CLAUDE.md,sistema/INTRODUCAO_TIC-PRESIDENTE-GETULIO/AVALIACOES_CRIADAS/CLAUDE.md,sistema/INTRODUCAO_TIC-PRESIDENTE-GETULIO/AVALIACOES_CRIADAS,8421,.md
221e44d4a55f510c625f628f35098e1a8f571ec9d1cd4255323bdf9b9ca38a7e.json,graphify-out/cache/ast/v0.9.47-s2/221e44d4a55f510c625f628f35098e1a8f571ec9d1cd4255323bdf9b9ca38a7e.json,graphify-out/cache/ast/v0.9.47-s2,8414,.json
gerador-emails.js,E-MAIL-SENAI/assets/js/gerador-emails.js,E-MAIL-SENAI/assets/js,8373,.js
FORM_AULA09_AVALIACAO_PRATICA.gs,sistema/INTRODUCAO_TIC-PRESIDENTE-GETULIO/AULAS/SCRIPTS_GOOGLE_FORMS/FORM_AULA09_AVALIACAO_PRATICA.gs,sistema/INTRODUCAO_TIC-PRESIDENTE-GETULIO/AULAS/SCRIPTS_GOOGLE_FORMS,8367,.gs
Atividade-Matematica-e-Raciocinio-Logico_fdc8672c.md,graphify-out/converted/Atividade-Matematica-e-Raciocinio-Logico_fdc8672c.md,graphify-out/converted,8358,.md
Atividade-Matematica-e-Raciocinio-Logico_36f08315.md,sistema/graphify-out/converted/Atividade-Matematica-e-Raciocinio-Logico_36f08315.md,sistema/graphify-out/converted,8358,.md
Atividade-Matematica-e-Raciocinio-Logico_c19610f0.md,sistema/graphify-out/converted/Atividade-Matematica-e-Raciocinio-Logico_c19610f0.md,sistema/graphify-out/converted,8358,.md
Atividade-Matematica-e-Raciocinio-Logico_fdc8672c.md,sistema/graphify-out/converted/Atividade-Matematica-e-Raciocinio-Logico_fdc8672c.md,sistema/graphify-out/converted,8358,.md
93c94ec18ca86b12ff8e44f935cbec42738e9325ddbb8c1b49a80f14551ec680.json,graphify-out/cache/ast/v0.9.47-s2/93c94ec18ca86b12ff8e44f935cbec42738e9325ddbb8c1b49a80f14551ec680.json,graphify-out/cache/ast/v0.9.47-s2,8336,.json
Atividade 8 - Controle de EPI_s.docx,sistema/INTRODUCAO_TIC-PRESIDENTE-GETULIO/Introdução a TIC-VICTOR-ANATO/Atividades/Atividade 8 - Controle de EPI_s.docx,sistema/INTRODUCAO_TIC-PRESIDENTE-GETULIO/Introdução a TIC-VICTOR-ANATO/Atividades,8282,.docx
GOOGLE-SHEETS-X-MICROSOFT-EXCEL-VERSAO-EDITORIAL.html,sistema/FICHA-PRODUTO-MAIS-TECH/FUNDAMENTOS_DA_TECNOLOGIA_E_PROGRAMACAO/PLANO-3-AULAS/VERSAO-CLAUDE/01-COMPARATIVOS/GOOGLE-SHEETS-X-MICROSOFT-EXCEL-VERSAO-EDITORIAL.html,sistema/FICHA-PRODUTO-MAIS-TECH/FUNDAMENTOS_DA_TECNOLOGIA_E_PROGRAMACAO/PLANO-3-AULAS/VERSAO-CLAUDE/01-COMPARATIVOS,8268,.html
criar-contas-purelymail.js,E-MAIL-SENAI/scripts/criar-contas-purelymail.js,E-MAIL-SENAI/scripts,8256,.js
2a562cc183735e164682f802d1d9e8a3f433451b79961c2c7ac28e37470a0c97.json,graphify-out/cache/ast/v0.9.47-s2/2a562cc183735e164682f802d1d9e8a3f433451b79961c2c7ac28e37470a0c97.json,graphify-out/cache/ast/v0.9.47-s2,8247,.json
GUIA_DA_EQUIPE.docx,sistema/INTRODUCAO_TIC-PRESIDENTE-GETULIO/AVALIACOES_CRIADAS/ENTREGAS-PROVA-PRATICA/EQUIPE_10/GUIA_DA_EQUIPE.docx,sistema/INTRODUCAO_TIC-PRESIDENTE-GETULIO/AVALIACOES_CRIADAS/ENTREGAS-PROVA-PRATICA/EQUIPE_10,8229,.docx
AvaliacaoComportamentoIntroducaoComunicacaoOralEscrita_48832718.md,graphify-out/converted/AvaliacaoComportamentoIntroducaoComunicacaoOralEscrita_48832718.md,graphify-out/converted,8219,.md
RECUPERACAO-COMUNICACAO_ORAL_ESCRITA_31436bd8.md,graphify-out/converted/RECUPERACAO-COMUNICACAO_ORAL_ESCRITA_31436bd8.md,graphify-out/converted,8179,.md
GOOGLE-SLIDES-X-MICROSOFT-POWERPOINT-VERSAO-EDITORIAL.html,sistema/FICHA-PRODUTO-MAIS-TECH/FUNDAMENTOS_DA_TECNOLOGIA_E_PROGRAMACAO/PLANO-3-AULAS/VERSAO-CLAUDE/01-COMPARATIVOS/GOOGLE-SLIDES-X-MICROSOFT-POWERPOINT-VERSAO-EDITORIAL.html,sistema/FICHA-PRODUTO-MAIS-TECH/FUNDAMENTOS_DA_TECNOLOGIA_E_PROGRAMACAO/PLANO-3-AULAS/VERSAO-CLAUDE/01-COMPARATIVOS,8119,.html
INVENTARIO_DA_EQUIPE.xlsx,sistema/INTRODUCAO_TIC-PRESIDENTE-GETULIO/AVALIACOES_CRIADAS/ENTREGAS-PROVA-PRATICA/EQUIPE_04/INVENTARIO_DA_EQUIPE.xlsx,sistema/INTRODUCAO_TIC-PRESIDENTE-GETULIO/AVALIACOES_CRIADAS/ENTREGAS-PROVA-PRATICA/EQUIPE_04,8097,.xlsx
Controle_Abate_Pamplona_2ddd9b53.md,graphify-out/converted/Controle_Abate_Pamplona_2ddd9b53.md,graphify-out/converted,8085,.md
Controle_Abate_Pamplona_85925876.md,graphify-out/converted/Controle_Abate_Pamplona_85925876.md,graphify-out/converted,8085,.md
Controle_Abate_Pamplona_ca6835e8.md,graphify-out/converted/Controle_Abate_Pamplona_ca6835e8.md,graphify-out/converted,8085,.md
Controle_Abate_Pamplona_2ddd9b53.md,sistema/graphify-out/converted/Controle_Abate_Pamplona_2ddd9b53.md,sistema/graphify-out/converted,8085,.md
gerar_texto_reforco_25_08_2026.py,docs/gerar_texto_reforco_25_08_2026.py,docs,8074,.py
Avaliacao_Prática_1_ TESI_a8155d99.md,graphify-out/converted/Avaliacao_Prática_1_ TESI_a8155d99.md,graphify-out/converted,7991,.md
Avaliacao_Prática_1_ TESI_d784ab79.md,graphify-out/converted/Avaliacao_Prática_1_ TESI_d784ab79.md,graphify-out/converted,7991,.md
ccdb0092525571a5133fb93ffdb51d756f6ba9de687955294aca2f66d7ef4865.json,graphify-out/cache/ast/v0.9.47-s2/ccdb0092525571a5133fb93ffdb51d756f6ba9de687955294aca2f66d7ef4865.json,graphify-out/cache/ast/v0.9.47-s2,7981,.json
a0498908966e8e01e0a17a6f02021547f53073eede52952657c54359d3896fd9.json,graphify-out/cache/ast/v0.9.47-s2/a0498908966e8e01e0a17a6f02021547f53073eede52952657c54359d3896fd9.json,graphify-out/cache/ast/v0.9.47-s2,7944,.json
PROMPT-INFOGRAFICO-EXEMPLO.md,sistema/GERADOR-INFOGRAFICOS/PROMPT-INFOGRAFICO-EXEMPLO.md,sistema/GERADOR-INFOGRAFICOS,7828,.md
Atividade 9 - Gráfico.docx,sistema/INTRODUCAO_TIC-PRESIDENTE-GETULIO/Introdução a TIC-VICTOR-ANATO/Atividades/Atividade 9 - Gráfico.docx,sistema/INTRODUCAO_TIC-PRESIDENTE-GETULIO/Introdução a TIC-VICTOR-ANATO/Atividades,7812,.docx
CLAUDE.md,cursos-online/CLAUDE.md,cursos-online,7677,.md
dashboard.html,E-MAIL-SENAI/dashboard.html,E-MAIL-SENAI,7666,.html
AtividadesMatematicaRaciocinioLogicoVersao2.0_2998145b.md,graphify-out/converted/AtividadesMatematicaRaciocinioLogicoVersao2.0_2998145b.md,graphify-out/converted,7625,.md
AtividadesMatematicaRaciocinioLogicoVersao2.0_25b94c22.md,sistema/graphify-out/converted/AtividadesMatematicaRaciocinioLogicoVersao2.0_25b94c22.md,sistema/graphify-out/converted,7625,.md
AtividadesMatematicaRaciocinioLogicoVersao2.0_2998145b.md,sistema/graphify-out/converted/AtividadesMatematicaRaciocinioLogicoVersao2.0_2998145b.md,sistema/graphify-out/converted,7625,.md
AtividadesMatematicaRaciocinioLogicoVersao2.0_99bde860.md,sistema/graphify-out/converted/AtividadesMatematicaRaciocinioLogicoVersao2.0_99bde860.md,sistema/graphify-out/converted,7625,.md
GABARITO-AVALIACAO-OBJETIVA.md,sistema/INTRODUCAO-TIC/AVALIACOES/GABARITO-AVALIACAO-OBJETIVA.md,sistema/INTRODUCAO-TIC/AVALIACOES,7620,.md
Atividade 6 - Gabarito.docx,sistema/INTRODUCAO_TIC-PRESIDENTE-GETULIO/Introdução a TIC-VICTOR-ANATO/Atividades/Atividade 6 - Gabarito.docx,sistema/INTRODUCAO_TIC-PRESIDENTE-GETULIO/Introdução a TIC-VICTOR-ANATO/Atividades,7606,.docx
CLAUDE.md,sistema/FICHA-PRODUTO-MAIS-TECH/REFORCO_LINGUAGENS/SUBSTITUICOES/CLAUDE.md,sistema/FICHA-PRODUTO-MAIS-TECH/REFORCO_LINGUAGENS/SUBSTITUICOES,7527,.md
caf74ed1f1e41eeb3c55641cc55f78dda12cec624c2a673fb67f83a1225bbcfd.json,graphify-out/cache/ast/v0.9.47-s2/caf74ed1f1e41eeb3c55641cc55f78dda12cec624c2a673fb67f83a1225bbcfd.json,graphify-out/cache/ast/v0.9.47-s2,7525,.json
AULAS-ATE-01-09-2026.md,sistema/FICHA-PRODUTO-MAIS-TECH/INTRODUCAO_COMUNICACAO_ORAL_ESCRITA/CEPLAS-VESPERTINO-2026-02/AULAS-ATE-01-09-2026.md,sistema/FICHA-PRODUTO-MAIS-TECH/INTRODUCAO_COMUNICACAO_ORAL_ESCRITA/CEPLAS-VESPERTINO-2026-02,7525,.md
PLANO-DE-AULAS.md,sistema/INTRODUCAO-TIC/PLANO-DE-AULAS.md,sistema/INTRODUCAO-TIC,7491,.md
DISTRIBUICAO_ALUNOS_POR_DESAFIO.md,sistema/INTRODUCAO_TIC-PRESIDENTE-GETULIO/AVALIACOES_CRIADAS/PROVA_PRATICA/DISTRIBUICAO_ALUNOS_POR_DESAFIO.md,sistema/INTRODUCAO_TIC-PRESIDENTE-GETULIO/AVALIACOES_CRIADAS/PROVA_PRATICA,7486,.md
e5f8961d39546fba34b81f61efbd3398131b17dc04d4a2a0503f438af27f3ffa.json,sistema/graphify-out/cache/ast/v0.8.36/e5f8961d39546fba34b81f61efbd3398131b17dc04d4a2a0503f438af27f3ffa.json,sistema/graphify-out/cache/ast/v0.8.36,7483,.json
gestao-logistica-e-materiais.md,GESTAO-E-MATERIAIS/gestao-logistica-e-materiais.md,GESTAO-E-MATERIAIS,7442,.md
PROVA_SIMPLES_UC1_TIC_EQUIPES_2H_0459c6e7.md,graphify-out/converted/PROVA_SIMPLES_UC1_TIC_EQUIPES_2H_0459c6e7.md,graphify-out/converted,7327,.md
PROVA_SIMPLES_UC1_TIC_EQUIPES_2H_49636925.md,graphify-out/converted/PROVA_SIMPLES_UC1_TIC_EQUIPES_2H_49636925.md,graphify-out/converted,7327,.md
PROVA_SIMPLES_UC1_TIC_EQUIPES_2H_df02a1b5.md,graphify-out/converted/PROVA_SIMPLES_UC1_TIC_EQUIPES_2H_df02a1b5.md,graphify-out/converted,7327,.md
83baf322fbe38f6aad3180d9cf81877d8f2de1baaa30846385ec6ebf7bd272cd.json,graphify-out/cache/ast/v0.9.47-s2/83baf322fbe38f6aad3180d9cf81877d8f2de1baaa30846385ec6ebf7bd272cd.json,graphify-out/cache/ast/v0.9.47-s2,7322,.json
Avaliação Prática - Google Workspace_320f0b26.md,graphify-out/converted/Avaliação Prática - Google Workspace_320f0b26.md,graphify-out/converted,7280,.md
Avaliação Prática - Google Workspace_4bd5da5b.md,graphify-out/converted/Avaliação Prática - Google Workspace_4bd5da5b.md,graphify-out/converted,7280,.md
Avaliação Prática - Google Workspace_52410a98.md,graphify-out/converted/Avaliação Prática - Google Workspace_52410a98.md,graphify-out/converted,7280,.md
FICHA PRODUTO MAISTECH ATUALIZADA_59fcd977.md,graphify-out/converted/FICHA PRODUTO MAISTECH ATUALIZADA_59fcd977.md,graphify-out/converted,7275,.md
FICHA PRODUTO MAISTECH ATUALIZADA_5cbc16da.md,graphify-out/converted/FICHA PRODUTO MAISTECH ATUALIZADA_5cbc16da.md,graphify-out/converted,7273,.md
FICHA PRODUTO MAISTECH ATUALIZADA_9710c567.md,graphify-out/converted/FICHA PRODUTO MAISTECH ATUALIZADA_9710c567.md,graphify-out/converted,7273,.md
FICHA PRODUTO MAISTECH ATUALIZADA_5cbc16da.md,sistema/graphify-out/converted/FICHA PRODUTO MAISTECH ATUALIZADA_5cbc16da.md,sistema/graphify-out/converted,7273,.md
FICHA PRODUTO MAISTECH ATUALIZADA_9710c567.md,sistema/graphify-out/converted/FICHA PRODUTO MAISTECH ATUALIZADA_9710c567.md,sistema/graphify-out/converted,7273,.md
CRITERIOS-CORRECAO-PRATICA.md,sistema/INTRODUCAO-TIC/AVALIACOES/CRITERIOS-CORRECAO-PRATICA.md,sistema/INTRODUCAO-TIC/AVALIACOES,7188,.md
pdf_generator.py,sistema/FICHA-PRODUTO-MAIS-TECH/EXPLORACAO_CARREIRAS_INDUSTRIAIS_TECNOLOGICAS/substituicoes/pdf_generator.py,sistema/FICHA-PRODUTO-MAIS-TECH/EXPLORACAO_CARREIRAS_INDUSTRIAIS_TECNOLOGICAS/substituicoes,7174,.py
criar_pdf_reportlab.py,sistema/FICHA-PRODUTO-MAIS-TECH/EXPLORACAO_CARREIRAS_INDUSTRIAIS_TECNOLOGICAS/substituicoes/criar_pdf_reportlab.py,sistema/FICHA-PRODUTO-MAIS-TECH/EXPLORACAO_CARREIRAS_INDUSTRIAIS_TECNOLOGICAS/substituicoes,7112,.py
gerar-emails-tela.js,E-MAIL-SENAI/assets/js/gerar-emails-tela.js,E-MAIL-SENAI/assets/js,7077,.js
PROVA_OBJETIVA_UC1_TIC_10eecaf3.md,graphify-out/converted/PROVA_OBJETIVA_UC1_TIC_10eecaf3.md,graphify-out/converted,7036,.md
BANCO_QUESTOES_INICIANDO_CHROMEBOOK.gift.txt,sistema/INTRODUCAO_TIC-PRESIDENTE-GETULIO/AULAS/AULA-01-03-08-2026/BANCO_QUESTOES_INICIANDO_CHROMEBOOK.gift.txt,sistema/INTRODUCAO_TIC-PRESIDENTE-GETULIO/AULAS/AULA-01-03-08-2026,7015,.txt
BANCO_QUESTOES_HISTORIA_COMPUTACAO.gift.txt,sistema/INTRODUCAO_TIC-PRESIDENTE-GETULIO/AULAS/AULA-01-03-08-2026/BANCO_QUESTOES_HISTORIA_COMPUTACAO.gift.txt,sistema/INTRODUCAO_TIC-PRESIDENTE-GETULIO/AULAS/AULA-01-03-08-2026,7010,.txt
3. Exame final [GABARITO]_UC Testes de Sistemas_58f87bd0.md,graphify-out/converted/3. Exame final [GABARITO]_UC Testes de Sistemas_58f87bd0.md,graphify-out/converted,6979,.md
3. Exame final [GABARITO]_UC Testes de Sistemas_b1480108.md,graphify-out/converted/3. Exame final [GABARITO]_UC Testes de Sistemas_b1480108.md,graphify-out/converted,6979,.md
ATIVIDADE-EPISODIO-01.md,sistema/FICHA-PRODUTO-MAIS-TECH/REFORCO_LINGUAGENS/ATIVIDADE-EPISODIO-01.md,sistema/FICHA-PRODUTO-MAIS-TECH/REFORCO_LINGUAGENS,6975,.md
2. Exame final [ALUNO]_UC Testes de Sistemas_be2e6d3f.md,graphify-out/converted/2. Exame final [ALUNO]_UC Testes de Sistemas_be2e6d3f.md,graphify-out/converted,6922,.md
2. Exame final [ALUNO]_UC Testes de Sistemas_daee98f1.md,graphify-out/converted/2. Exame final [ALUNO]_UC Testes de Sistemas_daee98f1.md,graphify-out/converted,6922,.md
ATIVIDADE-AULA-02.md,sistema/TECNICO-INFORMATICA-INTERNET/TESTES DE FRONTEND/ATIVIDADES/ATIVIDADE-AULA-02.md,sistema/TECNICO-INFORMATICA-INTERNET/TESTES DE FRONTEND/ATIVIDADES,6890,.md
PEI - Caio Matheus Junglos Cabral_8ef56f03.md,graphify-out/converted/PEI - Caio Matheus Junglos Cabral_8ef56f03.md,graphify-out/converted,6864,.md
PEI - Caio Matheus Junglos Cabral_b486ac3e.md,graphify-out/converted/PEI - Caio Matheus Junglos Cabral_b486ac3e.md,graphify-out/converted,6864,.md
PEI - Caio Matheus Junglos Cabral_d175014b.md,graphify-out/converted/PEI - Caio Matheus Junglos Cabral_d175014b.md,graphify-out/converted,6864,.md
ca23b9f92f7638a9c995a80f6ac98ac9cf1347236f5ca1a14acafde2a1303491.json,sistema/PENDENCIAS-PROFESSOR/graphify-out/cache/ast/v0.8.36/ca23b9f92f7638a9c995a80f6ac98ac9cf1347236f5ca1a14acafde2a1303491.json,sistema/PENDENCIAS-PROFESSOR/graphify-out/cache/ast/v0.8.36,6857,.json
ATIVIDADE-AULA-05.md,sistema/TECNICO-INFORMATICA-INTERNET/TESTES DE FRONTEND/ATIVIDADES/ATIVIDADE-AULA-05.md,sistema/TECNICO-INFORMATICA-INTERNET/TESTES DE FRONTEND/ATIVIDADES,6814,.md
005_restricao_acesso_emailsenai.sql,E-MAIL-SENAI/scripts/005_restricao_acesso_emailsenai.sql,E-MAIL-SENAI/scripts,6773,.sql
AULA-02.md,sistema/FICHA-PRODUTO-MAIS-TECH/FUNDAMENTOS_DA_TECNOLOGIA_E_PROGRAMACAO/AULAS/AULA-02.md,sistema/FICHA-PRODUTO-MAIS-TECH/FUNDAMENTOS_DA_TECNOLOGIA_E_PROGRAMACAO/AULAS,6762,.md
ATIVIDADE-EPISODIO-02_6606c522.md,graphify-out/converted/ATIVIDADE-EPISODIO-02_6606c522.md,graphify-out/converted,6746,.md
006_autocadastro_aluno.sql,E-MAIL-SENAI/scripts/006_autocadastro_aluno.sql,E-MAIL-SENAI/scripts,6728,.sql
package-lock.json,sistema/FICHA-PRODUTO-MAIS-TECH/REFORCO_MATEMATICA_E_RACIOCINIO_LOGICO/package-lock.json,sistema/FICHA-PRODUTO-MAIS-TECH/REFORCO_MATEMATICA_E_RACIOCINIO_LOGICO,6721,.json
67216ff74dbc6a2e4e3b09ada1bb8ede0d909cd220785a66c483ac8b87f462bc.json,graphify-out/cache/ast/v0.9.47-s2/67216ff74dbc6a2e4e3b09ada1bb8ede0d909cd220785a66c483ac8b87f462bc.json,graphify-out/cache/ast/v0.9.47-s2,6691,.json
converter_md_para_pdf.py,sistema/FICHA-PRODUTO-MAIS-TECH/EXPLORACAO_CARREIRAS_INDUSTRIAIS_TECNOLOGICAS/substituicoes/converter_md_para_pdf.py,sistema/FICHA-PRODUTO-MAIS-TECH/EXPLORACAO_CARREIRAS_INDUSTRIAIS_TECNOLOGICAS/substituicoes,6644,.py
generator_docx.py,sistema/FICHA-PRODUTO-MAIS-TECH/EXPLORACAO_CARREIRAS_INDUSTRIAIS_TECNOLOGICAS/substituicoes/generator_docx.py,sistema/FICHA-PRODUTO-MAIS-TECH/EXPLORACAO_CARREIRAS_INDUSTRIAIS_TECNOLOGICAS/substituicoes,6603,.py
18f60e12316680d011b94b690046ab16a50e7a4d19b2d06afee08ce069707bbb.json,sistema/graphify-out/cache/ast/v0.8.36/18f60e12316680d011b94b690046ab16a50e7a4d19b2d06afee08ce069707bbb.json,sistema/graphify-out/cache/ast/v0.8.36,6468,.json
3ecffddfe7063993c0b27b328abab4e288bde4ed39a4323376a4c80d2766a86d.json,sistema/graphify-out/cache/ast/v0.8.36/3ecffddfe7063993c0b27b328abab4e288bde4ed39a4323376a4c80d2766a86d.json,sistema/graphify-out/cache/ast/v0.8.36,6468,.json
76a1dd8f9f5c5f27758e4404f3a58635f06681c4db87f395e12c345ca42e8ca3.json,sistema/graphify-out/cache/ast/v0.8.36/76a1dd8f9f5c5f27758e4404f3a58635f06681c4db87f395e12c345ca42e8ca3.json,sistema/graphify-out/cache/ast/v0.8.36,6468,.json
4d64befda0a61deac7033ab51b3cd7d836b5226a726e4f7277de1748cc300352.json,sistema/graphify-out/cache/ast/v0.8.36/4d64befda0a61deac7033ab51b3cd7d836b5226a726e4f7277de1748cc300352.json,sistema/graphify-out/cache/ast/v0.8.36,6462,.json
95f93d5d8806ff9eaf5313c0cd15be1ef0bfc7925b5242a5afd1f69ea3c8f799.json,sistema/graphify-out/cache/ast/v0.8.36/95f93d5d8806ff9eaf5313c0cd15be1ef0bfc7925b5242a5afd1f69ea3c8f799.json,sistema/graphify-out/cache/ast/v0.8.36,6462,.json
c390142e71ede258a84bea16d310baf1e12b6a0123c3cfdfc13fee03ec2d71fe.json,sistema/graphify-out/cache/ast/v0.8.36/c390142e71ede258a84bea16d310baf1e12b6a0123c3cfdfc13fee03ec2d71fe.json,sistema/graphify-out/cache/ast/v0.8.36,6462,.json
PlanejamentoMatematicaRaciocinioLogico_86a40d23.md,graphify-out/converted/PlanejamentoMatematicaRaciocinioLogico_86a40d23.md,graphify-out/converted,6439,.md
PlanejamentoMatematicaRaciocinioLogico_86a40d23.md,sistema/graphify-out/converted/PlanejamentoMatematicaRaciocinioLogico_86a40d23.md,sistema/graphify-out/converted,6439,.md
PlanejamentoMatematicaRaciocinioLogico_a6c5299c.md,sistema/graphify-out/converted/PlanejamentoMatematicaRaciocinioLogico_a6c5299c.md,sistema/graphify-out/converted,6439,.md
PlanejamentoMatematicaRaciocinioLogico_c090b7a7.md,sistema/graphify-out/converted/PlanejamentoMatematicaRaciocinioLogico_c090b7a7.md,sistema/graphify-out/converted,6439,.md
ATIVIDADE-EPISODIO-01_afca10ea.md,graphify-out/converted/ATIVIDADE-EPISODIO-01_afca10ea.md,graphify-out/converted,6358,.md
PROVA_PRATICA_UC1_TIC_93c034fe.md,graphify-out/converted/PROVA_PRATICA_UC1_TIC_93c034fe.md,graphify-out/converted,6344,.md
PROVA_PRATICA_UC1_TIC_93c034fe.md,sistema/graphify-out/converted/PROVA_PRATICA_UC1_TIC_93c034fe.md,sistema/graphify-out/converted,6325,.md
INSTRUÇÕES.md,sistema/PENDENCIAS-PROFESSOR/INSTRUÇÕES.md,sistema/PENDENCIAS-PROFESSOR,6301,.md
AULA-10-AVALIACOES.md,sistema/INTRODUCAO-TIC/AULAS/AULA-10-AVALIACOES.md,sistema/INTRODUCAO-TIC/AULAS,6300,.md
ementa_Exploracao_Carreiras_Industriais_Tecnologicas.md,sistema/FICHA-PRODUTO-MAIS-TECH/EXPLORACAO_CARREIRAS_INDUSTRIAIS_TECNOLOGICAS/ementa_Exploracao_Carreiras_Industriais_Tecnologicas.md,sistema/FICHA-PRODUTO-MAIS-TECH/EXPLORACAO_CARREIRAS_INDUSTRIAIS_TECNOLOGICAS,6266,.md
AVALIACAO_PRATICA_COMUNICACAO_ORAL_ESCRITA_463d7698.md,graphify-out/converted/AVALIACAO_PRATICA_COMUNICACAO_ORAL_ESCRITA_463d7698.md,graphify-out/converted,6223,.md
661c2d5e2929910c0f769d29ac054aa99624e0f9e4b75577e5c6bbadbaf0917a.json,sistema/graphify-out/cache/ast/v0.8.36/661c2d5e2929910c0f769d29ac054aa99624e0f9e4b75577e5c6bbadbaf0917a.json,sistema/graphify-out/cache/ast/v0.8.36,6179,.json
bbbc7b8e1c61a7a2487e98318543cb50d0fdc55fb913e098ecc36587ac774d34.json,sistema/graphify-out/cache/ast/v0.8.36/bbbc7b8e1c61a7a2487e98318543cb50d0fdc55fb913e098ecc36587ac774d34.json,sistema/graphify-out/cache/ast/v0.8.36,6179,.json
c9764315bc266ce06f770603bdd70b731cfd9a745265a29fbb5c5c0053774cfe.json,sistema/graphify-out/cache/ast/v0.8.36/c9764315bc266ce06f770603bdd70b731cfd9a745265a29fbb5c5c0053774cfe.json,sistema/graphify-out/cache/ast/v0.8.36,6179,.json
atividade_tribunal_de_bug_22244bbb.md,graphify-out/converted/atividade_tribunal_de_bug_22244bbb.md,graphify-out/converted,6120,.md
atividade_tribunal_de_bug_cd6b201b.md,graphify-out/converted/atividade_tribunal_de_bug_cd6b201b.md,graphify-out/converted,6120,.md
TEXTO-REFORCO-MODELO-05.md,sistema/FICHA-PRODUTO-MAIS-TECH/REFORCO_LINGUAGENS/TEXTO-REFORCO-MODELO-05.md,sistema/FICHA-PRODUTO-MAIS-TECH/REFORCO_LINGUAGENS,6119,.md
500b3c1594df7bbdfc099816416035b9eecf7a0dbb896e7e2f57b341c1519ea0.json,graphify-out/cache/ast/v0.9.47-s2/500b3c1594df7bbdfc099816416035b9eecf7a0dbb896e7e2f57b341c1519ea0.json,graphify-out/cache/ast/v0.9.47-s2,6072,.json
links-turmas.js,E-MAIL-SENAI/assets/js/links-turmas.js,E-MAIL-SENAI/assets/js,6050,.js
Avaliação_ Objetiva_ 1_ TESI __b6a7e56f.md,graphify-out/converted/Avaliação_ Objetiva_ 1_ TESI __b6a7e56f.md,graphify-out/converted,5996,.md
AULA-03.md,sistema/FICHA-PRODUTO-MAIS-TECH/FUNDAMENTOS_DA_TECNOLOGIA_E_PROGRAMACAO/AULAS/AULA-03.md,sistema/FICHA-PRODUTO-MAIS-TECH/FUNDAMENTOS_DA_TECNOLOGIA_E_PROGRAMACAO/AULAS,5993,.md
AtividadesFerramentasDigitaisFacil_345901cd.md,graphify-out/converted/AtividadesFerramentasDigitaisFacil_345901cd.md,graphify-out/converted,5965,.md
ATIVIDADE-EPISODIO-02_60f90644.md,graphify-out/converted/ATIVIDADE-EPISODIO-02_60f90644.md,graphify-out/converted,5961,.md
AVALIACAO-FINAL.md,sistema/FICHA-PRODUTO-MAIS-TECH/FUNDAMENTOS_DA_TECNOLOGIA_E_PROGRAMACAO/AULAS/AVALIACAO-FINAL.md,sistema/FICHA-PRODUTO-MAIS-TECH/FUNDAMENTOS_DA_TECNOLOGIA_E_PROGRAMACAO/AULAS,5937,.md
543fc9716cb4d47ce80f34da72af2118982d7b379da4d3a4277e6c209e95dbcb.json,graphify-out/cache/ast/v0.9.47-s2/543fc9716cb4d47ce80f34da72af2118982d7b379da4d3a4277e6c209e95dbcb.json,graphify-out/cache/ast/v0.9.47-s2,5918,.json
ATIVIDADE-EPISODIO-02.md,sistema/FICHA-PRODUTO-MAIS-TECH/EXPLORACAO_CARREIRAS_INDUSTRIAIS_TECNOLOGICAS/substituicoes/ATIVIDADE-EPISODIO-02.md,sistema/FICHA-PRODUTO-MAIS-TECH/EXPLORACAO_CARREIRAS_INDUSTRIAIS_TECNOLOGICAS/substituicoes,5882,.md
ATIVIDADE-AULA-10.md,sistema/TECNICO-INFORMATICA-INTERNET/TESTES DE FRONTEND/ATIVIDADES/ATIVIDADE-AULA-10.md,sistema/TECNICO-INFORMATICA-INTERNET/TESTES DE FRONTEND/ATIVIDADES,5874,.md
EMENTA-INTRODUCAO-TENOLOGIA-INFORMACAO.md,sistema/INTRODUCAO_TIC-PRESIDENTE-GETULIO/Introdução a TIC-VICTOR-ANATO/EMENTA-INTRODUCAO-TENOLOGIA-INFORMACAO.md,sistema/INTRODUCAO_TIC-PRESIDENTE-GETULIO/Introdução a TIC-VICTOR-ANATO,5869,.md
modelo_cronograma_testes.xlsx,sistema/TECNICO-INFORMATICA-INTERNET/MATERIAIS-EXISTENTES/Teste de Sistemas/Material Apoio UC Teste de Sistemas-20260721T164545Z-1-001/Material Apoio UC Teste de Sistemas/modelo_cronograma_testes.xlsx,sistema/TECNICO-INFORMATICA-INTERNET/MATERIAIS-EXISTENTES/Teste de Sistemas/Material Apoio UC Teste de Sistemas-20260721T164545Z-1-001/Material Apoio UC Teste de Sistemas,5835,.xlsx
lista-infograficos.txt,sistema/FICHA-PRODUTO-MAIS-TECH/FUNDAMENTOS_DA_TECNOLOGIA_E_PROGRAMACAO/PLANO-3-AULAS/lista-infograficos.txt,sistema/FICHA-PRODUTO-MAIS-TECH/FUNDAMENTOS_DA_TECNOLOGIA_E_PROGRAMACAO/PLANO-3-AULAS,5787,.txt
workshop_Causa_Raiz_70f40ff5.md,graphify-out/converted/workshop_Causa_Raiz_70f40ff5.md,graphify-out/converted,5758,.md
workshop_Causa_Raiz_8f8b8410.md,graphify-out/converted/workshop_Causa_Raiz_8f8b8410.md,graphify-out/converted,5758,.md
INVENTÁRIO_DA_EQUIPE.xlsx,sistema/INTRODUCAO_TIC-PRESIDENTE-GETULIO/AVALIACOES_CRIADAS/ENTREGAS-PROVA-PRATICA/EQUIPE_01/INVENTÁRIO_DA_EQUIPE.xlsx,sistema/INTRODUCAO_TIC-PRESIDENTE-GETULIO/AVALIACOES_CRIADAS/ENTREGAS-PROVA-PRATICA/EQUIPE_01,5742,.xlsx
INVENTARIO_DA_EQUIPE.xlsx,sistema/INTRODUCAO_TIC-PRESIDENTE-GETULIO/AVALIACOES_CRIADAS/ENTREGAS-PROVA-PRATICA/EQUIPE_03/INVENTARIO_DA_EQUIPE.xlsx,sistema/INTRODUCAO_TIC-PRESIDENTE-GETULIO/AVALIACOES_CRIADAS/ENTREGAS-PROVA-PRATICA/EQUIPE_03,5730,.xlsx
76b7e22998c69bea257e2621c754864946c989eb1d378b56cd17587f8e7bd843.json,graphify-out/cache/ast/v0.9.47-s2/76b7e22998c69bea257e2621c754864946c989eb1d378b56cd17587f8e7bd843.json,graphify-out/cache/ast/v0.9.47-s2,5725,.json
ATIVIDADE-AULA-04.md,sistema/TECNICO-INFORMATICA-INTERNET/TESTES DE FRONTEND/ATIVIDADES/ATIVIDADE-AULA-04.md,sistema/TECNICO-INFORMATICA-INTERNET/TESTES DE FRONTEND/ATIVIDADES,5695,.md
AULA-02-15-09-2026.md,sistema/GESTAO_E_CONTROLE_MATERIAIS/ANALISE_DADOS_APLICADA_GESTAO/AULAS/AULA-02-15-09-2026.md,sistema/GESTAO_E_CONTROLE_MATERIAIS/ANALISE_DADOS_APLICADA_GESTAO/AULAS,5674,.md
Template Prova Prática_657ab546.md,graphify-out/converted/Template Prova Prática_657ab546.md,graphify-out/converted,5657,.md
Template Prova Prática_8c8c4447.md,graphify-out/converted/Template Prova Prática_8c8c4447.md,graphify-out/converted,5657,.md
Template Prova Prática_ca9c6594.md,graphify-out/converted/Template Prova Prática_ca9c6594.md,graphify-out/converted,5657,.md
Template Prova Prática_f6307da8.md,graphify-out/converted/Template Prova Prática_f6307da8.md,graphify-out/converted,5657,.md
Template Prova Prática_657ab546.md,sistema/graphify-out/converted/Template Prova Prática_657ab546.md,sistema/graphify-out/converted,5657,.md
Template Prova Prática_8c8c4447.md,sistema/graphify-out/converted/Template Prova Prática_8c8c4447.md,sistema/graphify-out/converted,5657,.md
Inventario_da_equipe.xlsx,sistema/INTRODUCAO_TIC-PRESIDENTE-GETULIO/AVALIACOES_CRIADAS/ENTREGAS-PROVA-PRATICA/EQUIPE_09/Inventario_da_equipe.xlsx,sistema/INTRODUCAO_TIC-PRESIDENTE-GETULIO/AVALIACOES_CRIADAS/ENTREGAS-PROVA-PRATICA/EQUIPE_09,5647,.xlsx
AULA-01-15-09-2026.md,sistema/GESTAO_E_CONTROLE_MATERIAIS/ANALISE_DADOS_APLICADA_GESTAO/AULAS/AULA-01-15-09-2026.md,sistema/GESTAO_E_CONTROLE_MATERIAIS/ANALISE_DADOS_APLICADA_GESTAO/AULAS,5629,.md
INVENTARIO_DA_EQUIPE.xlsx,sistema/INTRODUCAO_TIC-PRESIDENTE-GETULIO/AVALIACOES_CRIADAS/ENTREGAS-PROVA-PRATICA/EQUIPE_08/INVENTARIO_DA_EQUIPE.xlsx,sistema/INTRODUCAO_TIC-PRESIDENTE-GETULIO/AVALIACOES_CRIADAS/ENTREGAS-PROVA-PRATICA/EQUIPE_08,5626,.xlsx
EMENTA-ANALISE-DADOS-APLICADA-GESTAO.md,sistema/GESTAO_E_CONTROLE_MATERIAIS/ANALISE_DADOS_APLICADA_GESTAO/EMENTA-ANALISE-DADOS-APLICADA-GESTAO.md,sistema/GESTAO_E_CONTROLE_MATERIAIS/ANALISE_DADOS_APLICADA_GESTAO,5624,.md
INVENTARIO_DA_EQUIPE.xlsx,sistema/INTRODUCAO_TIC-PRESIDENTE-GETULIO/AVALIACOES_CRIADAS/ENTREGAS-PROVA-PRATICA/EQUIPE_05/INVENTARIO_DA_EQUIPE.xlsx,sistema/INTRODUCAO_TIC-PRESIDENTE-GETULIO/AVALIACOES_CRIADAS/ENTREGAS-PROVA-PRATICA/EQUIPE_05,5603,.xlsx
11a26b4d67da44438225698a9734c858e214968f8720b026f42aad86aefb2241.json,graphify-out/cache/ast/v0.9.47-s2/11a26b4d67da44438225698a9734c858e214968f8720b026f42aad86aefb2241.json,graphify-out/cache/ast/v0.9.47-s2,5596,.json
AULA 10-15-10-2026.md,sistema/TECNICO-INFORMATICA-INTERNET/TESTES DE FRONTEND/AULAS/AULA 10-15-10-2026.md,sistema/TECNICO-INFORMATICA-INTERNET/TESTES DE FRONTEND/AULAS,5583,.md
AULA-16-13-10-2026.md,sistema/GESTAO_E_CONTROLE_MATERIAIS/ANALISE_DADOS_APLICADA_GESTAO/AULAS/AULA-16-13-10-2026.md,sistema/GESTAO_E_CONTROLE_MATERIAIS/ANALISE_DADOS_APLICADA_GESTAO/AULAS,5552,.md
INVENTARIO_DA_EQUIPE_02.xlsx,sistema/INTRODUCAO_TIC-PRESIDENTE-GETULIO/AVALIACOES_CRIADAS/ENTREGAS-PROVA-PRATICA/EQUIPE_02/INVENTARIO_DA_EQUIPE_02.xlsx,sistema/INTRODUCAO_TIC-PRESIDENTE-GETULIO/AVALIACOES_CRIADAS/ENTREGAS-PROVA-PRATICA/EQUIPE_02,5542,.xlsx
oficina_pratica_relatorio_parcial_63442cf7.md,graphify-out/converted/oficina_pratica_relatorio_parcial_63442cf7.md,graphify-out/converted,5534,.md
oficina_pratica_relatorio_parcial_8ff19dd2.md,graphify-out/converted/oficina_pratica_relatorio_parcial_8ff19dd2.md,graphify-out/converted,5534,.md
ATIVIDADE-AULA-03.md,sistema/TECNICO-INFORMATICA-INTERNET/TESTES DE FRONTEND/ATIVIDADES/ATIVIDADE-AULA-03.md,sistema/TECNICO-INFORMATICA-INTERNET/TESTES DE FRONTEND/ATIVIDADES,5521,.md
Ementa_Nocoes_Eletricidade_Circuitos_Basicos.md,sistema/FICHA-PRODUTO-MAIS-TECH/NOCOES_ELETRICIDADE_CIRCUITOS_BASICOS/Ementa_Nocoes_Eletricidade_Circuitos_Basicos.md,sistema/FICHA-PRODUTO-MAIS-TECH/NOCOES_ELETRICIDADE_CIRCUITOS_BASICOS,5493,.md
INVENTARIO_DA_EQUIPE-06.xlsx,sistema/INTRODUCAO_TIC-PRESIDENTE-GETULIO/AVALIACOES_CRIADAS/ENTREGAS-PROVA-PRATICA/EQUIPE_06/INVENTARIO_DA_EQUIPE-06.xlsx,sistema/INTRODUCAO_TIC-PRESIDENTE-GETULIO/AVALIACOES_CRIADAS/ENTREGAS-PROVA-PRATICA/EQUIPE_06,5471,.xlsx
RECUPERACAO_PROVA_OBJETIVA_448b598a.md,graphify-out/converted/RECUPERACAO_PROVA_OBJETIVA_448b598a.md,graphify-out/converted,5423,.md
8871193f286cb59ff37580472856e37c900da708d4ff4bf487e86a59f9a3dc78.json,graphify-out/cache/ast/v0.9.47-s2/8871193f286cb59ff37580472856e37c900da708d4ff4bf487e86a59f9a3dc78.json,graphify-out/cache/ast/v0.9.47-s2,5415,.json
c03182481077916588b140cee1efe8d1411fa3db4854ee0afce667eb4658861a.json,graphify-out/cache/ast/v0.9.47-s2/c03182481077916588b140cee1efe8d1411fa3db4854ee0afce667eb4658861a.json,graphify-out/cache/ast/v0.9.47-s2,5415,.json
Prova Prática (3)_c7fde94d.md,graphify-out/converted/Prova Prática (3)_c7fde94d.md,graphify-out/converted,5409,.md
Atividade 10 - Situação de Aprendizagem_7826bba8.md,graphify-out/converted/Atividade 10 - Situação de Aprendizagem_7826bba8.md,graphify-out/converted,5404,.md
Atividade 10 - Situação de Aprendizagem_79f05599.md,graphify-out/converted/Atividade 10 - Situação de Aprendizagem_79f05599.md,graphify-out/converted,5404,.md
Atividade 10 - Situação de Aprendizagem_899d7223.md,graphify-out/converted/Atividade 10 - Situação de Aprendizagem_899d7223.md,graphify-out/converted,5404,.md
atividade_pratica_atividade_2_2896b024.md,graphify-out/converted/atividade_pratica_atividade_2_2896b024.md,graphify-out/converted,5403,.md
atividade_pratica_atividade_2_39e8abd1.md,graphify-out/converted/atividade_pratica_atividade_2_39e8abd1.md,graphify-out/converted,5403,.md
Ementa_Introducao_Comunicacao_Oral_Escrita.md,sistema/FICHA-PRODUTO-MAIS-TECH/INTRODUCAO_COMUNICACAO_ORAL_ESCRITA/Ementa_Introducao_Comunicacao_Oral_Escrita.md,sistema/FICHA-PRODUTO-MAIS-TECH/INTRODUCAO_COMUNICACAO_ORAL_ESCRITA,5371,.md
Ementa_Introducao_Comunicacao_Oral_Escrita.md,sistema/FICHA-PRODUTO-MAIS-TECH/INTRODUCAO_COMUNICACAO_ORAL_ESCRITA/CEPLAS-VESPERTINO-2026-02/Ementa_Introducao_Comunicacao_Oral_Escrita.md,sistema/FICHA-PRODUTO-MAIS-TECH/INTRODUCAO_COMUNICACAO_ORAL_ESCRITA/CEPLAS-VESPERTINO-2026-02,5371,.md
RECUPERACAO_PROVA_OBJETIVA_470cd97b.md,graphify-out/converted/RECUPERACAO_PROVA_OBJETIVA_470cd97b.md,graphify-out/converted,5369,.md
RECUPERACAO_PROVA_OBJETIVA_5bed0a7b.md,graphify-out/converted/RECUPERACAO_PROVA_OBJETIVA_5bed0a7b.md,graphify-out/converted,5369,.md
RECUPERACAO_PROVA_OBJETIVA_f4857171.md,graphify-out/converted/RECUPERACAO_PROVA_OBJETIVA_f4857171.md,graphify-out/converted,5369,.md
GOOGLE-DOCS-VERSAO-EDITORIAL.html,sistema/FICHA-PRODUTO-MAIS-TECH/FUNDAMENTOS_DA_TECNOLOGIA_E_PROGRAMACAO/PLANO-3-AULAS/VERSAO-CLAUDE/02-GOOGLE-WORKSPACE/GOOGLE-DOCS-VERSAO-EDITORIAL.html,sistema/FICHA-PRODUTO-MAIS-TECH/FUNDAMENTOS_DA_TECNOLOGIA_E_PROGRAMACAO/PLANO-3-AULAS/VERSAO-CLAUDE/02-GOOGLE-WORKSPACE,5348,.html
MICROSOFT-ONEDRIVE-VERSAO-EDITORIAL.html,sistema/FICHA-PRODUTO-MAIS-TECH/FUNDAMENTOS_DA_TECNOLOGIA_E_PROGRAMACAO/PLANO-3-AULAS/VERSAO-CLAUDE/04-MICROSOFT-ECOSYSTEM/MICROSOFT-ONEDRIVE-VERSAO-EDITORIAL.html,sistema/FICHA-PRODUTO-MAIS-TECH/FUNDAMENTOS_DA_TECNOLOGIA_E_PROGRAMACAO/PLANO-3-AULAS/VERSAO-CLAUDE/04-MICROSOFT-ECOSYSTEM,5322,.html
gerar-emails.html,E-MAIL-SENAI/gerar-emails.html,E-MAIL-SENAI,5312,.html
ATIVIDADE-AULA-06.md,sistema/TECNICO-INFORMATICA-INTERNET/TESTES DE FRONTEND/ATIVIDADES/ATIVIDADE-AULA-06.md,sistema/TECNICO-INFORMATICA-INTERNET/TESTES DE FRONTEND/ATIVIDADES,5299,.md
a9d395517d0da1e30ebce3616765c049b8473515b99054db90228b27c1320cbf.json,graphify-out/cache/ast/v0.9.47-s2/a9d395517d0da1e30ebce3616765c049b8473515b99054db90228b27c1320cbf.json,graphify-out/cache/ast/v0.9.47-s2,5294,.json
340b5a76449571b9c92a21ce303e59a6e1e51f49303f92caa848cad13479a988.json,graphify-out/cache/ast/v0.9.47-s2/340b5a76449571b9c92a21ce303e59a6e1e51f49303f92caa848cad13479a988.json,graphify-out/cache/ast/v0.9.47-s2,5285,.json
GOOGLE-DOCS-X-MICROSOFT-WORD-COMPLETO.md,sistema/FICHA-PRODUTO-MAIS-TECH/FUNDAMENTOS_DA_TECNOLOGIA_E_PROGRAMACAO/PLANO-3-AULAS/VERSAO-CODEX/01-COMPARATIVOS/GOOGLE-DOCS-X-MICROSOFT-WORD-COMPLETO.md,sistema/FICHA-PRODUTO-MAIS-TECH/FUNDAMENTOS_DA_TECNOLOGIA_E_PROGRAMACAO/PLANO-3-AULAS/VERSAO-CODEX/01-COMPARATIVOS,5277,.md
f4ada09753bacbddd390fb5f606b840c0dda08d223ad0f7a6300100772573329.json,graphify-out/cache/ast/v0.9.47-s2/f4ada09753bacbddd390fb5f606b840c0dda08d223ad0f7a6300100772573329.json,graphify-out/cache/ast/v0.9.47-s2,5274,.json
CLAUDE.md,sistema/INTRODUCAO_TIC-PRESIDENTE-GETULIO/AULAS/AULA-07-11-08-2026/CLAUDE.md,sistema/INTRODUCAO_TIC-PRESIDENTE-GETULIO/AULAS/AULA-07-11-08-2026,5255,.md
GOOGLE-DRIVE-VERSAO-EDITORIAL.html,sistema/FICHA-PRODUTO-MAIS-TECH/FUNDAMENTOS_DA_TECNOLOGIA_E_PROGRAMACAO/PLANO-3-AULAS/VERSAO-CLAUDE/02-GOOGLE-WORKSPACE/GOOGLE-DRIVE-VERSAO-EDITORIAL.html,sistema/FICHA-PRODUTO-MAIS-TECH/FUNDAMENTOS_DA_TECNOLOGIA_E_PROGRAMACAO/PLANO-3-AULAS/VERSAO-CLAUDE/02-GOOGLE-WORKSPACE,5254,.html
MICROSOFT-WORD-VERSAO-EDITORIAL.html,sistema/FICHA-PRODUTO-MAIS-TECH/FUNDAMENTOS_DA_TECNOLOGIA_E_PROGRAMACAO/PLANO-3-AULAS/VERSAO-CLAUDE/03-MICROSOFT-OFFICE/MICROSOFT-WORD-VERSAO-EDITORIAL.html,sistema/FICHA-PRODUTO-MAIS-TECH/FUNDAMENTOS_DA_TECNOLOGIA_E_PROGRAMACAO/PLANO-3-AULAS/VERSAO-CLAUDE/03-MICROSOFT-OFFICE,5241,.html
GOOGLE-MEET-VERSAO-EDITORIAL.html,sistema/FICHA-PRODUTO-MAIS-TECH/FUNDAMENTOS_DA_TECNOLOGIA_E_PROGRAMACAO/PLANO-3-AULAS/VERSAO-CLAUDE/02-GOOGLE-WORKSPACE/GOOGLE-MEET-VERSAO-EDITORIAL.html,sistema/FICHA-PRODUTO-MAIS-TECH/FUNDAMENTOS_DA_TECNOLOGIA_E_PROGRAMACAO/PLANO-3-AULAS/VERSAO-CLAUDE/02-GOOGLE-WORKSPACE,5212,.html
PESQUISA-PAMPLONA-EXCEL-PG.md,sistema/INTRODUCAO_TIC-PRESIDENTE-GETULIO/AULAS/AULA-07-11-08-2026/PESQUISA-PAMPLONA-EXCEL-PG.md,sistema/INTRODUCAO_TIC-PRESIDENTE-GETULIO/AULAS/AULA-07-11-08-2026,5197,.md
MICROSOFT-TEAMS-VERSAO-EDITORIAL.html,sistema/FICHA-PRODUTO-MAIS-TECH/FUNDAMENTOS_DA_TECNOLOGIA_E_PROGRAMACAO/PLANO-3-AULAS/VERSAO-CLAUDE/04-MICROSOFT-ECOSYSTEM/MICROSOFT-TEAMS-VERSAO-EDITORIAL.html,sistema/FICHA-PRODUTO-MAIS-TECH/FUNDAMENTOS_DA_TECNOLOGIA_E_PROGRAMACAO/PLANO-3-AULAS/VERSAO-CLAUDE/04-MICROSOFT-ECOSYSTEM,5185,.html
d1b04b3b06a94d75fcdf333d219df343c9407e33652d5a86f8891f68b3434fe7.json,sistema/graphify-out/cache/ast/v0.8.36/d1b04b3b06a94d75fcdf333d219df343c9407e33652d5a86f8891f68b3434fe7.json,sistema/graphify-out/cache/ast/v0.8.36,5151,.json
Atividade-Matematica-e-Raciocinio-Logico_36f08315.md,graphify-out/converted/Atividade-Matematica-e-Raciocinio-Logico_36f08315.md,graphify-out/converted,5147,.md
TEXTO-REFORCO-MODELO-04.md,sistema/FICHA-PRODUTO-MAIS-TECH/REFORCO_LINGUAGENS/TEXTO-REFORCO-MODELO-04.md,sistema/FICHA-PRODUTO-MAIS-TECH/REFORCO_LINGUAGENS,5129,.md
MICROSOFT-EXCEL-VERSAO-EDITORIAL.html,sistema/FICHA-PRODUTO-MAIS-TECH/FUNDAMENTOS_DA_TECNOLOGIA_E_PROGRAMACAO/PLANO-3-AULAS/VERSAO-CLAUDE/03-MICROSOFT-OFFICE/MICROSOFT-EXCEL-VERSAO-EDITORIAL.html,sistema/FICHA-PRODUTO-MAIS-TECH/FUNDAMENTOS_DA_TECNOLOGIA_E_PROGRAMACAO/PLANO-3-AULAS/VERSAO-CLAUDE/03-MICROSOFT-OFFICE,5116,.html
b77f0e7099a7bf18fd701f2e526df852ef6b99209e809ae6b1273d4ef38a4d5a.json,graphify-out/cache/ast/v0.9.47-s2/b77f0e7099a7bf18fd701f2e526df852ef6b99209e809ae6b1273d4ef38a4d5a.json,graphify-out/cache/ast/v0.9.47-s2,5091,.json
MICROSOFT-POWERPOINT-VERSAO-EDITORIAL.html,sistema/FICHA-PRODUTO-MAIS-TECH/FUNDAMENTOS_DA_TECNOLOGIA_E_PROGRAMACAO/PLANO-3-AULAS/VERSAO-CLAUDE/03-MICROSOFT-OFFICE/MICROSOFT-POWERPOINT-VERSAO-EDITORIAL.html,sistema/FICHA-PRODUTO-MAIS-TECH/FUNDAMENTOS_DA_TECNOLOGIA_E_PROGRAMACAO/PLANO-3-AULAS/VERSAO-CLAUDE/03-MICROSOFT-OFFICE,5085,.html
MICROSOFT-OUTLOOK-VERSAO-EDITORIAL.html,sistema/FICHA-PRODUTO-MAIS-TECH/FUNDAMENTOS_DA_TECNOLOGIA_E_PROGRAMACAO/PLANO-3-AULAS/VERSAO-CLAUDE/03-MICROSOFT-OFFICE/MICROSOFT-OUTLOOK-VERSAO-EDITORIAL.html,sistema/FICHA-PRODUTO-MAIS-TECH/FUNDAMENTOS_DA_TECNOLOGIA_E_PROGRAMACAO/PLANO-3-AULAS/VERSAO-CLAUDE/03-MICROSOFT-OFFICE,5070,.html
8f460aafa10e2bc0b4c41ccad83f3bc419820bcc89451c46484fc58b1dd238e8.json,graphify-out/cache/ast/v0.9.47-s2/8f460aafa10e2bc0b4c41ccad83f3bc419820bcc89451c46484fc58b1dd238e8.json,graphify-out/cache/ast/v0.9.47-s2,5066,.json
CRIAR_FORMS_REFLEXAO_DIGITACAO.gs,sistema/INTRODUCAO_TIC-PRESIDENTE-GETULIO/AULAS/SCRIPTS_GOOGLE_FORMS/CRIAR_FORMS_REFLEXAO_DIGITACAO.gs,sistema/INTRODUCAO_TIC-PRESIDENTE-GETULIO/AULAS/SCRIPTS_GOOGLE_FORMS,5060,.gs
style.css,sistema/PENDENCIAS-PROFESSOR/src/style.css,sistema/PENDENCIAS-PROFESSOR/src,5060,.css
AULA-15-13-10-2026.md,sistema/GESTAO_E_CONTROLE_MATERIAIS/ANALISE_DADOS_APLICADA_GESTAO/AULAS/AULA-15-13-10-2026.md,sistema/GESTAO_E_CONTROLE_MATERIAIS/ANALISE_DADOS_APLICADA_GESTAO/AULAS,5056,.md
icons.svg,sistema/PENDENCIAS-PROFESSOR/public/icons.svg,sistema/PENDENCIAS-PROFESSOR/public,5031,.svg
GOOGLE-GMAIL-VERSAO-EDITORIAL.html,sistema/FICHA-PRODUTO-MAIS-TECH/FUNDAMENTOS_DA_TECNOLOGIA_E_PROGRAMACAO/PLANO-3-AULAS/VERSAO-CLAUDE/02-GOOGLE-WORKSPACE/GOOGLE-GMAIL-VERSAO-EDITORIAL.html,sistema/FICHA-PRODUTO-MAIS-TECH/FUNDAMENTOS_DA_TECNOLOGIA_E_PROGRAMACAO/PLANO-3-AULAS/VERSAO-CLAUDE/02-GOOGLE-WORKSPACE,5029,.html
TEXTO-REFORCO-25-08-2026_65ce340b.md,graphify-out/converted/TEXTO-REFORCO-25-08-2026_65ce340b.md,graphify-out/converted,5016,.md
ATIVIDADE-AULA-08.md,sistema/TECNICO-INFORMATICA-INTERNET/TESTES DE FRONTEND/ATIVIDADES/ATIVIDADE-AULA-08.md,sistema/TECNICO-INFORMATICA-INTERNET/TESTES DE FRONTEND/ATIVIDADES,4993,.md
GOOGLE-SHEETS-VERSAO-EDITORIAL.html,sistema/FICHA-PRODUTO-MAIS-TECH/FUNDAMENTOS_DA_TECNOLOGIA_E_PROGRAMACAO/PLANO-3-AULAS/VERSAO-CLAUDE/02-GOOGLE-WORKSPACE/GOOGLE-SHEETS-VERSAO-EDITORIAL.html,sistema/FICHA-PRODUTO-MAIS-TECH/FUNDAMENTOS_DA_TECNOLOGIA_E_PROGRAMACAO/PLANO-3-AULAS/VERSAO-CLAUDE/02-GOOGLE-WORKSPACE,4971,.html
ATIVIDADE-AULA-09.md,sistema/TECNICO-INFORMATICA-INTERNET/TESTES DE FRONTEND/ATIVIDADES/ATIVIDADE-AULA-09.md,sistema/TECNICO-INFORMATICA-INTERNET/TESTES DE FRONTEND/ATIVIDADES,4952,.md
GOOGLE-SLIDES-VERSAO-EDITORIAL.html,sistema/FICHA-PRODUTO-MAIS-TECH/FUNDAMENTOS_DA_TECNOLOGIA_E_PROGRAMACAO/PLANO-3-AULAS/VERSAO-CLAUDE/02-GOOGLE-WORKSPACE/GOOGLE-SLIDES-VERSAO-EDITORIAL.html,sistema/FICHA-PRODUTO-MAIS-TECH/FUNDAMENTOS_DA_TECNOLOGIA_E_PROGRAMACAO/PLANO-3-AULAS/VERSAO-CLAUDE/02-GOOGLE-WORKSPACE,4948,.html
RECUPERACAO_PROVA_PRATICA_8ccd162b.md,graphify-out/converted/RECUPERACAO_PROVA_PRATICA_8ccd162b.md,graphify-out/converted,4938,.md
88bd768d9729e5c07a1bc22b8df6fa453eb71614986fb880afc00f2d6c3990fe.json,graphify-out/cache/ast/v0.9.47-s2/88bd768d9729e5c07a1bc22b8df6fa453eb71614986fb880afc00f2d6c3990fe.json,graphify-out/cache/ast/v0.9.47-s2,4918,.json
59ba80ed8f0629424139962b8fbd8dd45f78de7eedbcf8c1a4355c997c069b7a.json,graphify-out/cache/ast/v0.9.47-s2/59ba80ed8f0629424139962b8fbd8dd45f78de7eedbcf8c1a4355c997c069b7a.json,graphify-out/cache/ast/v0.9.47-s2,4910,.json
RECUPERACAO_PROVA_PRATICA_4916d15e.md,graphify-out/converted/RECUPERACAO_PROVA_PRATICA_4916d15e.md,graphify-out/converted,4884,.md
RECUPERACAO_PROVA_PRATICA_64b991f7.md,graphify-out/converted/RECUPERACAO_PROVA_PRATICA_64b991f7.md,graphify-out/converted,4884,.md
RECUPERACAO_PROVA_PRATICA_ee62d51d.md,graphify-out/converted/RECUPERACAO_PROVA_PRATICA_ee62d51d.md,graphify-out/converted,4884,.md
compactar_atividade_ferramentas_digitais_facil.py,scripts/compactar_atividade_ferramentas_digitais_facil.py,scripts,4884,.py
AULA 01-09-10-2026.md,sistema/TECNICO-INFORMATICA-INTERNET/TESTES DE FRONTEND/AULAS/AULA 01-09-10-2026.md,sistema/TECNICO-INFORMATICA-INTERNET/TESTES DE FRONTEND/AULAS,4882,.md
ATIVIDADE-DIGITACAO-12-08-2026_OLD.txt,sistema/INTRODUCAO_TIC-PRESIDENTE-GETULIO/AULAS/AULA-08-12-08-2026/ATIVIDADE-DIGITACAO-12-08-2026_OLD.txt,sistema/INTRODUCAO_TIC-PRESIDENTE-GETULIO/AULAS/AULA-08-12-08-2026,4845,.txt
ATIVIDADE_DIGITACAO_12-08-2026.txt,sistema/INTRODUCAO_TIC-PRESIDENTE-GETULIO/AULAS/ATIVIDADE_DIGITACAO_12-08-2026.txt,sistema/INTRODUCAO_TIC-PRESIDENTE-GETULIO/AULAS,4843,.txt
4f1d6eeea62e2bfb002d2c2309a513252ad304e713ddd867b3575909fb1b15f8.json,graphify-out/cache/ast/v0.9.47-s2/4f1d6eeea62e2bfb002d2c2309a513252ad304e713ddd867b3575909fb1b15f8.json,graphify-out/cache/ast/v0.9.47-s2,4795,.json
AULA-04.md,sistema/FICHA-PRODUTO-MAIS-TECH/FUNDAMENTOS_DA_TECNOLOGIA_E_PROGRAMACAO/AULAS/AULA-04.md,sistema/FICHA-PRODUTO-MAIS-TECH/FUNDAMENTOS_DA_TECNOLOGIA_E_PROGRAMACAO/AULAS,4784,.md
ae549a0152e2c5853efe6d1e32f5f8bdf489e7c0d0b15ee37ecad70ac6f453a1.json,graphify-out/cache/ast/v0.9.47-s2/ae549a0152e2c5853efe6d1e32f5f8bdf489e7c0d0b15ee37ecad70ac6f453a1.json,graphify-out/cache/ast/v0.9.47-s2,4766,.json
TEXTO-REFORCO-MODELO-02.md,sistema/FICHA-PRODUTO-MAIS-TECH/REFORCO_LINGUAGENS/TEXTO-REFORCO-MODELO-02.md,sistema/FICHA-PRODUTO-MAIS-TECH/REFORCO_LINGUAGENS,4747,.md
ATIVIDADE-AULA-07.md,sistema/TECNICO-INFORMATICA-INTERNET/TESTES DE FRONTEND/ATIVIDADES/ATIVIDADE-AULA-07.md,sistema/TECNICO-INFORMATICA-INTERNET/TESTES DE FRONTEND/ATIVIDADES,4742,.md
atividade_caca_aos_bugs_e85dc366.md,graphify-out/converted/atividade_caca_aos_bugs_e85dc366.md,graphify-out/converted,4696,.md
atividade_caca_aos_bugs_ee16b742.md,graphify-out/converted/atividade_caca_aos_bugs_ee16b742.md,graphify-out/converted,4696,.md
692e52cb69bc6500c8ff0cccb7baa416b206a7b2a1fa7962ec1303af1a43261d.json,graphify-out/cache/ast/v0.9.47-s2/692e52cb69bc6500c8ff0cccb7baa416b206a7b2a1fa7962ec1303af1a43261d.json,graphify-out/cache/ast/v0.9.47-s2,4684,.json
003_sincronizar_resend.sql,E-MAIL-SENAI/scripts/003_sincronizar_resend.sql,E-MAIL-SENAI/scripts,4665,.sql
README.md,ANALISES/README.md,ANALISES,4652,.md
TEXTO-REFORCO-MODELO-03.md,sistema/FICHA-PRODUTO-MAIS-TECH/REFORCO_LINGUAGENS/TEXTO-REFORCO-MODELO-03.md,sistema/FICHA-PRODUTO-MAIS-TECH/REFORCO_LINGUAGENS,4647,.md
246dab6a92aeda764d96ddc333f9d35c44a66729fa42cde9bd04d4484dca8fe3.json,graphify-out/cache/ast/v0.9.47-s2/246dab6a92aeda764d96ddc333f9d35c44a66729fa42cde9bd04d4484dca8fe3.json,graphify-out/cache/ast/v0.9.47-s2,4640,.json
TEXTO-REFORCO-MODELO-01.md,sistema/FICHA-PRODUTO-MAIS-TECH/REFORCO_LINGUAGENS/TEXTO-REFORCO-MODELO-01.md,sistema/FICHA-PRODUTO-MAIS-TECH/REFORCO_LINGUAGENS,4638,.md
Prova Objetiva _6995cebb.md,graphify-out/converted/Prova Objetiva _6995cebb.md,graphify-out/converted,4627,.md
Prova Objetiva _8b0cb7cb.md,graphify-out/converted/Prova Objetiva _8b0cb7cb.md,graphify-out/converted,4627,.md
Prova Objetiva _c621c6d0.md,graphify-out/converted/Prova Objetiva _c621c6d0.md,graphify-out/converted,4627,.md
Prova Objetiva _d77cf242.md,graphify-out/converted/Prova Objetiva _d77cf242.md,graphify-out/converted,4627,.md
Prova Objetiva _c621c6d0.md,sistema/graphify-out/converted/Prova Objetiva _c621c6d0.md,sistema/graphify-out/converted,4627,.md
Prova Objetiva _d77cf242.md,sistema/graphify-out/converted/Prova Objetiva _d77cf242.md,sistema/graphify-out/converted,4627,.md
AULA-13.md,sistema/FICHA-PRODUTO-MAIS-TECH/FUNDAMENTOS_DA_TECNOLOGIA_E_PROGRAMACAO/AULAS/AULA-13.md,sistema/FICHA-PRODUTO-MAIS-TECH/FUNDAMENTOS_DA_TECNOLOGIA_E_PROGRAMACAO/AULAS,4625,.md
README.md,sistema/PENDENCIAS-PROFESSOR/README.md,sistema/PENDENCIAS-PROFESSOR,4624,.md
Modelo Prova Objetiva CT ELETROMECÂNICA (1) (2)_cccacb5b.md,graphify-out/converted/Modelo Prova Objetiva CT ELETROMECÂNICA (1) (2)_cccacb5b.md,graphify-out/converted,4556,.md
GUIA_DA_EQUIPE_9d49861b.md,graphify-out/converted/GUIA_DA_EQUIPE_9d49861b.md,graphify-out/converted,4551,.md
GUIA_DA_EQUIPE_b52e51d7.md,graphify-out/converted/GUIA_DA_EQUIPE_b52e51d7.md,graphify-out/converted,4551,.md
GUIA_DA_EQUIPE_c66cca84.md,graphify-out/converted/GUIA_DA_EQUIPE_c66cca84.md,graphify-out/converted,4551,.md
ATIVIDADE-AULA-01.md,sistema/TECNICO-INFORMATICA-INTERNET/TESTES DE FRONTEND/ATIVIDADES/ATIVIDADE-AULA-01.md,sistema/TECNICO-INFORMATICA-INTERNET/TESTES DE FRONTEND/ATIVIDADES,4550,.md
AULA-14-08-10-2026.md,sistema/GESTAO_E_CONTROLE_MATERIAIS/ANALISE_DADOS_APLICADA_GESTAO/AULAS/AULA-14-08-10-2026.md,sistema/GESTAO_E_CONTROLE_MATERIAIS/ANALISE_DADOS_APLICADA_GESTAO/AULAS,4537,.md
03764b4e957489a446fa2e30cd307a13d3db5842a18cac5ea4a8e56f6212c240.json,graphify-out/cache/ast/v0.9.47-s2/03764b4e957489a446fa2e30cd307a13d3db5842a18cac5ea4a8e56f6212c240.json,graphify-out/cache/ast/v0.9.47-s2,4535,.json
7ab47d5f4913d287d386598c863704d13eeac78968e4f1da6eb51fc13cb1ba53.json,sistema/graphify-out/cache/ast/v0.8.36/7ab47d5f4913d287d386598c863704d13eeac78968e4f1da6eb51fc13cb1ba53.json,sistema/graphify-out/cache/ast/v0.8.36,4530,.json
modelo-slide-senai-2026.md,sistema/GERADOR-AULAS/modelo-slide-senai-2026.md,sistema/GERADOR-AULAS,4524,.md
GUIA_DA_EQUIPE_8448bffc.md,graphify-out/converted/GUIA_DA_EQUIPE_8448bffc.md,graphify-out/converted,4485,.md
GUIA_DA_EQUIPE_93117dbb.md,graphify-out/converted/GUIA_DA_EQUIPE_93117dbb.md,graphify-out/converted,4485,.md
GUIA_DA_EQUIPE_ba9df233.md,graphify-out/converted/GUIA_DA_EQUIPE_ba9df233.md,graphify-out/converted,4485,.md
redefinir-senha.js,E-MAIL-SENAI/assets/js/redefinir-senha.js,E-MAIL-SENAI/assets/js,4470,.js
1f801219dd2798b3584bd693502f95d586ae312a5758dd0aee16e0f0a71a7c83.json,graphify-out/cache/ast/v0.9.47-s2/1f801219dd2798b3584bd693502f95d586ae312a5758dd0aee16e0f0a71a7c83.json,graphify-out/cache/ast/v0.9.47-s2,4447,.json
links-turmas.html,E-MAIL-SENAI/links-turmas.html,E-MAIL-SENAI,4401,.html
9b6c41f94ca01cb8815bc25b0393ea157508f5d7265ec733a531b79f13908192.json,sistema/graphify-out/cache/ast/v0.8.36/9b6c41f94ca01cb8815bc25b0393ea157508f5d7265ec733a531b79f13908192.json,sistema/graphify-out/cache/ast/v0.8.36,4395,.json
atividade_tipos_ferramentas_08473014.md,graphify-out/converted/atividade_tipos_ferramentas_08473014.md,graphify-out/converted,4386,.md
atividade_tipos_ferramentas_8b7c425a.md,graphify-out/converted/atividade_tipos_ferramentas_8b7c425a.md,graphify-out/converted,4386,.md
fe3107c36c213c267f8c03f092879bbdda71306617db8d020fe33fdacd0d1e08.json,sistema/graphify-out/cache/ast/v0.8.36/fe3107c36c213c267f8c03f092879bbdda71306617db8d020fe33fdacd0d1e08.json,sistema/graphify-out/cache/ast/v0.8.36,4374,.json
AULA-09-01-10-2026.md,sistema/GESTAO_E_CONTROLE_MATERIAIS/ANALISE_DADOS_APLICADA_GESTAO/AULAS/AULA-09-01-10-2026.md,sistema/GESTAO_E_CONTROLE_MATERIAIS/ANALISE_DADOS_APLICADA_GESTAO/AULAS,4348,.md
88fd83fef291f381c1c2b8c7199a725f7fb22a37f0d9dc596afd23a0b093d9ad.json,graphify-out/cache/ast/v0.9.47-s2/88fd83fef291f381c1c2b8c7199a725f7fb22a37f0d9dc596afd23a0b093d9ad.json,graphify-out/cache/ast/v0.9.47-s2,4302,.json
login.js,E-MAIL-SENAI/assets/js/login.js,E-MAIL-SENAI/assets/js,4296,.js
favicon.ico,sistema/favicon.ico,sistema,4286,.ico
GOOGLE-DOCS-X-MICROSOFT-WORD-PADRÃO-EDITORIAL.md,sistema/FICHA-PRODUTO-MAIS-TECH/FUNDAMENTOS_DA_TECNOLOGIA_E_PROGRAMACAO/PLANO-3-AULAS/VERSAO-CODEX/01-COMPARATIVOS/GOOGLE-DOCS-X-MICROSOFT-WORD-PADRÃO-EDITORIAL.md,sistema/FICHA-PRODUTO-MAIS-TECH/FUNDAMENTOS_DA_TECNOLOGIA_E_PROGRAMACAO/PLANO-3-AULAS/VERSAO-CODEX/01-COMPARATIVOS,4218,.md
AULA 02-09-10-2026.md,sistema/TECNICO-INFORMATICA-INTERNET/TESTES DE FRONTEND/AULAS/AULA 02-09-10-2026.md,sistema/TECNICO-INFORMATICA-INTERNET/TESTES DE FRONTEND/AULAS,4215,.md
d1a5b616909e8a8015452acc010695a74f859b51b8923dc92e389638c98de065.json,graphify-out/cache/ast/v0.9.47-s2/d1a5b616909e8a8015452acc010695a74f859b51b8923dc92e389638c98de065.json,graphify-out/cache/ast/v0.9.47-s2,4176,.json
atividade_evolucao_testes_2a674738.md,graphify-out/converted/atividade_evolucao_testes_2a674738.md,graphify-out/converted,4176,.md
atividade_evolucao_testes_ac4dc70b.md,graphify-out/converted/atividade_evolucao_testes_ac4dc70b.md,graphify-out/converted,4176,.md
cadastro-aluno.js,E-MAIL-SENAI/assets/js/cadastro-aluno.js,E-MAIL-SENAI/assets/js,4170,.js
f8afb3dc1568ce4ed29347a570d4ef14adf5ad147a49ac90bbd7f705c5cdbc56.json,graphify-out/cache/ast/v0.9.47-s2/f8afb3dc1568ce4ed29347a570d4ef14adf5ad147a49ac90bbd7f705c5cdbc56.json,graphify-out/cache/ast/v0.9.47-s2,4169,.json
baab71bba147cd5b00886fd35aba5e5310ec2df59573ab6b10d8052ac3616c8b.json,graphify-out/cache/ast/v0.9.47-s2/baab71bba147cd5b00886fd35aba5e5310ec2df59573ab6b10d8052ac3616c8b.json,graphify-out/cache/ast/v0.9.47-s2,4144,.json
criar_lista_presenca_ceplas_barragem_2026.mjs,scripts/criar_lista_presenca_ceplas_barragem_2026.mjs,scripts,4137,.mjs
7a1fc59d659268d7268a112d4731c0a500ded6bf299a43ad8aea0904087fd491.json,graphify-out/cache/ast/v0.9.47-s2/7a1fc59d659268d7268a112d4731c0a500ded6bf299a43ad8aea0904087fd491.json,graphify-out/cache/ast/v0.9.47-s2,4122,.json
AULA-13-08-10-2026.md,sistema/GESTAO_E_CONTROLE_MATERIAIS/ANALISE_DADOS_APLICADA_GESTAO/AULAS/AULA-13-08-10-2026.md,sistema/GESTAO_E_CONTROLE_MATERIAIS/ANALISE_DADOS_APLICADA_GESTAO/AULAS,4098,.md
f929cef5af54148f23d2dea712291404cec37995a95350991ce168f7da8874ed.json,graphify-out/cache/ast/v0.9.47-s2/f929cef5af54148f23d2dea712291404cec37995a95350991ce168f7da8874ed.json,graphify-out/cache/ast/v0.9.47-s2,4097,.json
AULA-04-22-09-2026.md,sistema/GESTAO_E_CONTROLE_MATERIAIS/ANALISE_DADOS_APLICADA_GESTAO/AULAS/AULA-04-22-09-2026.md,sistema/GESTAO_E_CONTROLE_MATERIAIS/ANALISE_DADOS_APLICADA_GESTAO/AULAS,4095,.md
AULA-12-06-10-2026.md,sistema/GESTAO_E_CONTROLE_MATERIAIS/ANALISE_DADOS_APLICADA_GESTAO/AULAS/AULA-12-06-10-2026.md,sistema/GESTAO_E_CONTROLE_MATERIAIS/ANALISE_DADOS_APLICADA_GESTAO/AULAS,4089,.md
ATIVIDADE-EXCEL-13-08-2026_073ac558.md,graphify-out/converted/ATIVIDADE-EXCEL-13-08-2026_073ac558.md,graphify-out/converted,4079,.md
ATIVIDADE-EXCEL-13-08-2026_3025f8ae.md,graphify-out/converted/ATIVIDADE-EXCEL-13-08-2026_3025f8ae.md,graphify-out/converted,4079,.md
ATIVIDADE-EXCEL-13-08-2026_36a9f7b9.md,graphify-out/converted/ATIVIDADE-EXCEL-13-08-2026_36a9f7b9.md,graphify-out/converted,4079,.md
ATIVIDADE-EXCEL-13-08-2026_3025f8ae.md,sistema/graphify-out/converted/ATIVIDADE-EXCEL-13-08-2026_3025f8ae.md,sistema/graphify-out/converted,4079,.md
7ab03b84c0cd97db0d61c97af35b6878f4c2c161defe10b9c4f555c83680d7f0.json,graphify-out/cache/ast/v0.9.47-s2/7ab03b84c0cd97db0d61c97af35b6878f4c2c161defe10b9c4f555c83680d7f0.json,graphify-out/cache/ast/v0.9.47-s2,4076,.json
PROMPT - Rubricas Capacidades Socioemocionais_03e1f207.md,graphify-out/converted/PROMPT - Rubricas Capacidades Socioemocionais_03e1f207.md,graphify-out/converted,4062,.md
PROMPT - Rubricas Capacidades Socioemocionais_72362cf8.md,graphify-out/converted/PROMPT - Rubricas Capacidades Socioemocionais_72362cf8.md,graphify-out/converted,4062,.md
PROMPT - Rubricas Capacidades Socioemocionais_b8806cbf.md,graphify-out/converted/PROMPT - Rubricas Capacidades Socioemocionais_b8806cbf.md,graphify-out/converted,4062,.md
PROMPT - Rubricas Capacidades Socioemocionais_d7cb4c07.md,graphify-out/converted/PROMPT - Rubricas Capacidades Socioemocionais_d7cb4c07.md,graphify-out/converted,4062,.md
PROMPT - Rubricas Capacidades Socioemocionais_72362cf8.md,sistema/graphify-out/converted/PROMPT - Rubricas Capacidades Socioemocionais_72362cf8.md,sistema/graphify-out/converted,4062,.md
PROMPT - Rubricas Capacidades Socioemocionais_d7cb4c07.md,sistema/graphify-out/converted/PROMPT - Rubricas Capacidades Socioemocionais_d7cb4c07.md,sistema/graphify-out/converted,4062,.md
AULA-08-29-09-2026.md,sistema/GESTAO_E_CONTROLE_MATERIAIS/ANALISE_DADOS_APLICADA_GESTAO/AULAS/AULA-08-29-09-2026.md,sistema/GESTAO_E_CONTROLE_MATERIAIS/ANALISE_DADOS_APLICADA_GESTAO/AULAS,4052,.md
AULA-16.md,sistema/FICHA-PRODUTO-MAIS-TECH/FUNDAMENTOS_DA_TECNOLOGIA_E_PROGRAMACAO/AULAS/AULA-16.md,sistema/FICHA-PRODUTO-MAIS-TECH/FUNDAMENTOS_DA_TECNOLOGIA_E_PROGRAMACAO/AULAS,4046,.md
f7e1faf07bea202def13336f86f7741937692d41e9f8a61b733ad3e6cc262ef5.json,graphify-out/cache/ast/v0.9.47-s2/f7e1faf07bea202def13336f86f7741937692d41e9f8a61b733ad3e6cc262ef5.json,graphify-out/cache/ast/v0.9.47-s2,4044,.json
a6a5351124c6760b19c91ad53448ad30e8690b7072de251a00b7d8efbb2f1adb.json,graphify-out/cache/ast/v0.9.47-s2/a6a5351124c6760b19c91ad53448ad30e8690b7072de251a00b7d8efbb2f1adb.json,graphify-out/cache/ast/v0.9.47-s2,4042,.json
ATIVIDADE-EPISODIO-01_f6023751.md,graphify-out/converted/ATIVIDADE-EPISODIO-01_f6023751.md,graphify-out/converted,4021,.md
30b4b6beaf1f085e8a461d62c6993073548bb1a553ab7bc5dc87b43e73fd592b.json,graphify-out/cache/ast/v0.9.47-s2/30b4b6beaf1f085e8a461d62c6993073548bb1a553ab7bc5dc87b43e73fd592b.json,graphify-out/cache/ast/v0.9.47-s2,4007,.json
AULA-07-29-09-2026.md,sistema/GESTAO_E_CONTROLE_MATERIAIS/ANALISE_DADOS_APLICADA_GESTAO/AULAS/AULA-07-29-09-2026.md,sistema/GESTAO_E_CONTROLE_MATERIAIS/ANALISE_DADOS_APLICADA_GESTAO/AULAS,3993,.md
6a94019aaf20294e99464bd8482b3173c1a88cfc9524decaf2eebf2eb9ab8acc.json,graphify-out/cache/ast/v0.9.47-s2/6a94019aaf20294e99464bd8482b3173c1a88cfc9524decaf2eebf2eb9ab8acc.json,graphify-out/cache/ast/v0.9.47-s2,3991,.json
937eea8236933ac98b944c14ec71f74e97be777aec322f863ed126456b506a37.json,graphify-out/cache/ast/v0.9.47-s2/937eea8236933ac98b944c14ec71f74e97be777aec322f863ed126456b506a37.json,graphify-out/cache/ast/v0.9.47-s2,3990,.json
ATIVIDADE-EPISODIO-01.md,sistema/FICHA-PRODUTO-MAIS-TECH/EXPLORACAO_CARREIRAS_INDUSTRIAIS_TECNOLOGICAS/substituicoes/ATIVIDADE-EPISODIO-01.md,sistema/FICHA-PRODUTO-MAIS-TECH/EXPLORACAO_CARREIRAS_INDUSTRIAIS_TECNOLOGICAS/substituicoes,3966,.md
Modelo Prova Prática CT ELETROTÉCNICA_1473c987.md,graphify-out/converted/Modelo Prova Prática CT ELETROTÉCNICA_1473c987.md,graphify-out/converted,3958,.md
Modelo Prova Prática CT ELETROTÉCNICA_574e11ca.md,graphify-out/converted/Modelo Prova Prática CT ELETROTÉCNICA_574e11ca.md,graphify-out/converted,3958,.md
Modelo Prova Prática CT ELETROTÉCNICA_7ca579bd.md,graphify-out/converted/Modelo Prova Prática CT ELETROTÉCNICA_7ca579bd.md,graphify-out/converted,3958,.md
Modelo Prova Prática CT ELETROTÉCNICA_912eef2d.md,graphify-out/converted/Modelo Prova Prática CT ELETROTÉCNICA_912eef2d.md,graphify-out/converted,3958,.md
Modelo Prova Prática CT ELETROTÉCNICA_1473c987.md,sistema/graphify-out/converted/Modelo Prova Prática CT ELETROTÉCNICA_1473c987.md,sistema/graphify-out/converted,3958,.md
Modelo Prova Prática CT ELETROTÉCNICA_7ca579bd.md,sistema/graphify-out/converted/Modelo Prova Prática CT ELETROTÉCNICA_7ca579bd.md,sistema/graphify-out/converted,3958,.md
3c6af6c61b88fb8217d3c806bfc954074b5b50b2c289a84b1e47f9f205e2dfc3.json,graphify-out/cache/ast/v0.9.47-s2/3c6af6c61b88fb8217d3c806bfc954074b5b50b2c289a84b1e47f9f205e2dfc3.json,graphify-out/cache/ast/v0.9.47-s2,3940,.json
b0ebde9d917bb62b3f24d393d6cf31d0273ea4648b10ecc6e41439e4f24c1a14.json,graphify-out/cache/ast/v0.9.47-s2/b0ebde9d917bb62b3f24d393d6cf31d0273ea4648b10ecc6e41439e4f24c1a14.json,graphify-out/cache/ast/v0.9.47-s2,3938,.json
GUIA_DA_EQUIPE_3f7e517a.md,graphify-out/converted/GUIA_DA_EQUIPE_3f7e517a.md,graphify-out/converted,3921,.md
GUIA_DA_EQUIPE_4120c294.md,graphify-out/converted/GUIA_DA_EQUIPE_4120c294.md,graphify-out/converted,3921,.md
GUIA_DA_EQUIPE_5f353b71.md,graphify-out/converted/GUIA_DA_EQUIPE_5f353b71.md,graphify-out/converted,3921,.md
ad4f0ec9b237b13141dff1de855f932c3b4d2f3bbe3ef30caecf088c4cbaec00.json,graphify-out/cache/ast/v0.9.47-s2/ad4f0ec9b237b13141dff1de855f932c3b4d2f3bbe3ef30caecf088c4cbaec00.json,graphify-out/cache/ast/v0.9.47-s2,3899,.json
pendencias.js,sistema/pendencias.js,sistema,3886,.js
55aa9166ffc60ddae5a9a50142873b4161fbd2095030c9122fe1c3ce2184b9c3.json,graphify-out/cache/ast/v0.9.47-s2/55aa9166ffc60ddae5a9a50142873b4161fbd2095030c9122fe1c3ce2184b9c3.json,graphify-out/cache/ast/v0.9.47-s2,3883,.json
criar_aulas.py,sistema/GESTAO_E_CONTROLE_MATERIAIS/ANALISE_DADOS_APLICADA_GESTAO/AULAS/criar_aulas.py,sistema/GESTAO_E_CONTROLE_MATERIAIS/ANALISE_DADOS_APLICADA_GESTAO/AULAS,3875,.py
004_testar_resend.sql,E-MAIL-SENAI/scripts/004_testar_resend.sql,E-MAIL-SENAI/scripts,3868,.sql
0d4a271377ae48ee6c91bc3d7865416281d777e461d9293b75719a2c9f53ff8f.json,graphify-out/cache/ast/v0.9.47-s2/0d4a271377ae48ee6c91bc3d7865416281d777e461d9293b75719a2c9f53ff8f.json,graphify-out/cache/ast/v0.9.47-s2,3863,.json
AULA-10.md,sistema/FICHA-PRODUTO-MAIS-TECH/FUNDAMENTOS_DA_TECNOLOGIA_E_PROGRAMACAO/AULAS/AULA-10.md,sistema/FICHA-PRODUTO-MAIS-TECH/FUNDAMENTOS_DA_TECNOLOGIA_E_PROGRAMACAO/AULAS,3863,.md
GRAPH_REPORT.md,sistema/PENDENCIAS-PROFESSOR/graphify-out/GRAPH_REPORT.md,sistema/PENDENCIAS-PROFESSOR/graphify-out,3851,.md
4a1c5f39036da5e9beaa8c4fe0075c738d2a8d84effb356f8faedeecd02f528e.json,graphify-out/cache/ast/v0.9.47-s2/4a1c5f39036da5e9beaa8c4fe0075c738d2a8d84effb356f8faedeecd02f528e.json,graphify-out/cache/ast/v0.9.47-s2,3840,.json
0ff727cb7eb0d02c8bbdbbc2ca3df0ab1c7eccbd3c2ede98e6145e7fdd7134da.json,graphify-out/cache/ast/v0.9.47-s2/0ff727cb7eb0d02c8bbdbbc2ca3df0ab1c7eccbd3c2ede98e6145e7fdd7134da.json,graphify-out/cache/ast/v0.9.47-s2,3826,.json
AULA 04-09-10-2026.md,sistema/TECNICO-INFORMATICA-INTERNET/TESTES DE FRONTEND/AULAS/AULA 04-09-10-2026.md,sistema/TECNICO-INFORMATICA-INTERNET/TESTES DE FRONTEND/AULAS,3819,.md
README.md,E-MAIL-SENAI/README.md,E-MAIL-SENAI,3806,.md
AULA-11-06-10-2026.md,sistema/GESTAO_E_CONTROLE_MATERIAIS/ANALISE_DADOS_APLICADA_GESTAO/AULAS/AULA-11-06-10-2026.md,sistema/GESTAO_E_CONTROLE_MATERIAIS/ANALISE_DADOS_APLICADA_GESTAO/AULAS,3790,.md
ementa_Reforco_Matematica_Raciocinio_Logico.md,sistema/FICHA-PRODUTO-MAIS-TECH/REFORCO_MATEMATICA_E_RACIOCINIO_LOGICO/ementa_Reforco_Matematica_Raciocinio_Logico.md,sistema/FICHA-PRODUTO-MAIS-TECH/REFORCO_MATEMATICA_E_RACIOCINIO_LOGICO,3785,.md
fb39c082d4e3753eed6b6635bc1ce3416eb23c33fc92716c08e138fe699dcaa4.json,graphify-out/cache/ast/v0.9.47-s2/fb39c082d4e3753eed6b6635bc1ce3416eb23c33fc92716c08e138fe699dcaa4.json,graphify-out/cache/ast/v0.9.47-s2,3784,.json
fba5b52c17079c1d2ad2459783e6463f15cefd8ec4cadb1626e098c37e1d144a.json,graphify-out/cache/ast/v0.9.47-s2/fba5b52c17079c1d2ad2459783e6463f15cefd8ec4cadb1626e098c37e1d144a.json,graphify-out/cache/ast/v0.9.47-s2,3780,.json
54738e6bad7335904ffcaae08ea1cbfd858e2b62377d9b95ce2791fe4e94ed3b.json,graphify-out/cache/ast/v0.9.47-s2/54738e6bad7335904ffcaae08ea1cbfd858e2b62377d9b95ce2791fe4e94ed3b.json,graphify-out/cache/ast/v0.9.47-s2,3750,.json
AULA-10-01-10-2026.md,sistema/GESTAO_E_CONTROLE_MATERIAIS/ANALISE_DADOS_APLICADA_GESTAO/AULAS/AULA-10-01-10-2026.md,sistema/GESTAO_E_CONTROLE_MATERIAIS/ANALISE_DADOS_APLICADA_GESTAO/AULAS,3716,.md
a7223ebd10521b3db5aa8d81e65101c3fce13571a8bbe04cbf19d4fe8d7bf18a.json,graphify-out/cache/ast/v0.9.47-s2/a7223ebd10521b3db5aa8d81e65101c3fce13571a8bbe04cbf19d4fe8d7bf18a.json,graphify-out/cache/ast/v0.9.47-s2,3712,.json
df9169ef3271c0808d73c88afa9b57435eda9da0bf4d23cb9f137ecafea9b221.json,graphify-out/cache/ast/v0.9.47-s2/df9169ef3271c0808d73c88afa9b57435eda9da0bf4d23cb9f137ecafea9b221.json,graphify-out/cache/ast/v0.9.47-s2,3698,.json
35467137517af6cc890aa61ca0b490b6b4548d3f9b5e259a159724393f43526b.json,graphify-out/cache/ast/v0.9.47-s2/35467137517af6cc890aa61ca0b490b6b4548d3f9b5e259a159724393f43526b.json,graphify-out/cache/ast/v0.9.47-s2,3685,.json
6f1636d71a4800c580ff3ea233bd8b467707a7b4de612b469130dbd6b851aeac.json,graphify-out/cache/ast/v0.9.47-s2/6f1636d71a4800c580ff3ea233bd8b467707a7b4de612b469130dbd6b851aeac.json,graphify-out/cache/ast/v0.9.47-s2,3678,.json
a752935d6d40c91d627abe4c7d7719c1948a3aeb0a1531b86e406f75a30fd667.json,graphify-out/cache/ast/v0.9.47-s2/a752935d6d40c91d627abe4c7d7719c1948a3aeb0a1531b86e406f75a30fd667.json,graphify-out/cache/ast/v0.9.47-s2,3643,.json
GUIA_DA_EQUIPE-06_0ff60131.md,graphify-out/converted/GUIA_DA_EQUIPE-06_0ff60131.md,graphify-out/converted,3643,.md
GUIA_DA_EQUIPE-06_904f0200.md,graphify-out/converted/GUIA_DA_EQUIPE-06_904f0200.md,graphify-out/converted,3643,.md
GUIA_DA_EQUIPE-06_fd72c22a.md,graphify-out/converted/GUIA_DA_EQUIPE-06_fd72c22a.md,graphify-out/converted,3643,.md
AULA-07.md,sistema/FICHA-PRODUTO-MAIS-TECH/FUNDAMENTOS_DA_TECNOLOGIA_E_PROGRAMACAO/AULAS/AULA-07.md,sistema/FICHA-PRODUTO-MAIS-TECH/FUNDAMENTOS_DA_TECNOLOGIA_E_PROGRAMACAO/AULAS,3640,.md
GOOGLE-DOCS-X-MICROSOFT-WORD-VERSAO-EDITORIAL.md,sistema/FICHA-PRODUTO-MAIS-TECH/FUNDAMENTOS_DA_TECNOLOGIA_E_PROGRAMACAO/PLANO-3-AULAS/VERSAO-CODEX/01-COMPARATIVOS/GOOGLE-DOCS-X-MICROSOFT-WORD-VERSAO-EDITORIAL.md,sistema/FICHA-PRODUTO-MAIS-TECH/FUNDAMENTOS_DA_TECNOLOGIA_E_PROGRAMACAO/PLANO-3-AULAS/VERSAO-CODEX/01-COMPARATIVOS,3633,.md
backfill-ids.html,sistema/backfill-ids.html,sistema,3615,.html
11d8b78c143afedfd9816b0b5e6aa19a8412d2c62b0c1e5086b3201ff414d380.json,graphify-out/cache/ast/v0.9.47-s2/11d8b78c143afedfd9816b0b5e6aa19a8412d2c62b0c1e5086b3201ff414d380.json,graphify-out/cache/ast/v0.9.47-s2,3608,.json
leitura-plano-3-aulas-fundamentos.md,docs/leitura-plano-3-aulas-fundamentos.md,docs,3607,.md
AULA-05.md,sistema/FICHA-PRODUTO-MAIS-TECH/FUNDAMENTOS_DA_TECNOLOGIA_E_PROGRAMACAO/AULAS/AULA-05.md,sistema/FICHA-PRODUTO-MAIS-TECH/FUNDAMENTOS_DA_TECNOLOGIA_E_PROGRAMACAO/AULAS,3607,.md
AULA-06-24-09-2026.md,sistema/GESTAO_E_CONTROLE_MATERIAIS/ANALISE_DADOS_APLICADA_GESTAO/AULAS/AULA-06-24-09-2026.md,sistema/GESTAO_E_CONTROLE_MATERIAIS/ANALISE_DADOS_APLICADA_GESTAO/AULAS,3607,.md
ementa_Competencias_Socioemocionais_Empreendedorismo.md,sistema/FICHA-PRODUTO-MAIS-TECH/COMPETENCIAS_SOCIOEMOCIONAIS_E_EMPREENDEDORISMO/ementa_Competencias_Socioemocionais_Empreendedorismo.md,sistema/FICHA-PRODUTO-MAIS-TECH/COMPETENCIAS_SOCIOEMOCIONAIS_E_EMPREENDEDORISMO,3575,.md
autoavaliacao_0f2b849f.md,graphify-out/converted/autoavaliacao_0f2b849f.md,graphify-out/converted,3550,.md
autoavaliacao_3957874e.md,graphify-out/converted/autoavaliacao_3957874e.md,graphify-out/converted,3550,.md
AULA-05-24-09-2026.md,sistema/GESTAO_E_CONTROLE_MATERIAIS/ANALISE_DADOS_APLICADA_GESTAO/AULAS/AULA-05-24-09-2026.md,sistema/GESTAO_E_CONTROLE_MATERIAIS/ANALISE_DADOS_APLICADA_GESTAO/AULAS,3546,.md
AULA-03-22-09-2026.md,sistema/GESTAO_E_CONTROLE_MATERIAIS/ANALISE_DADOS_APLICADA_GESTAO/AULAS/AULA-03-22-09-2026.md,sistema/GESTAO_E_CONTROLE_MATERIAIS/ANALISE_DADOS_APLICADA_GESTAO/AULAS,3519,.md
AULA 03-09-10-2026.md,sistema/TECNICO-INFORMATICA-INTERNET/TESTES DE FRONTEND/AULAS/AULA 03-09-10-2026.md,sistema/TECNICO-INFORMATICA-INTERNET/TESTES DE FRONTEND/AULAS,3505,.md
Checklist Prova Objetiva_2eba911c.md,graphify-out/converted/Checklist Prova Objetiva_2eba911c.md,graphify-out/converted,3500,.md
Checklist Prova Objetiva_3591fc7b.md,graphify-out/converted/Checklist Prova Objetiva_3591fc7b.md,graphify-out/converted,3500,.md
Checklist Prova Objetiva_9406581b.md,graphify-out/converted/Checklist Prova Objetiva_9406581b.md,graphify-out/converted,3500,.md
Checklist Prova Objetiva_bc9be889.md,graphify-out/converted/Checklist Prova Objetiva_bc9be889.md,graphify-out/converted,3500,.md
Checklist Prova Objetiva_9406581b.md,sistema/graphify-out/converted/Checklist Prova Objetiva_9406581b.md,sistema/graphify-out/converted,3500,.md
Checklist Prova Objetiva_bc9be889.md,sistema/graphify-out/converted/Checklist Prova Objetiva_bc9be889.md,sistema/graphify-out/converted,3500,.md
4ba48eb0575038e4a4a83d504d51d1a653ad62e64b631b64c33eb72f75685b20.json,graphify-out/cache/ast/v0.9.47-s2/4ba48eb0575038e4a4a83d504d51d1a653ad62e64b631b64c33eb72f75685b20.json,graphify-out/cache/ast/v0.9.47-s2,3476,.json
Apostila-ANALISE-DADOS-APLICADA-GESTAO_2ce25d4f.md,graphify-out/converted/Apostila-ANALISE-DADOS-APLICADA-GESTAO_2ce25d4f.md,graphify-out/converted,3467,.md
Apostila-ANALISE-DADOS-APLICADA-GESTAO_87a4b633.md,graphify-out/converted/Apostila-ANALISE-DADOS-APLICADA-GESTAO_87a4b633.md,graphify-out/converted,3467,.md
INSTRUCOES_CORRETOR_AUTOMATICO_PROVA_SIMPLES_UC1_TIC.md,sistema/INTRODUCAO_TIC-PRESIDENTE-GETULIO/AVALIACOES_CRIADAS/PROVA_PRATICA/INSTRUCOES_CORRETOR_AUTOMATICO_PROVA_SIMPLES_UC1_TIC.md,sistema/INTRODUCAO_TIC-PRESIDENTE-GETULIO/AVALIACOES_CRIADAS/PROVA_PRATICA,3460,.md
GOOGLE-SHEETS-X-MICROSOFT-EXCEL-VERSAO-EDITORIAL.md,sistema/FICHA-PRODUTO-MAIS-TECH/FUNDAMENTOS_DA_TECNOLOGIA_E_PROGRAMACAO/PLANO-3-AULAS/VERSAO-CODEX/01-COMPARATIVOS/GOOGLE-SHEETS-X-MICROSOFT-EXCEL-VERSAO-EDITORIAL.md,sistema/FICHA-PRODUTO-MAIS-TECH/FUNDAMENTOS_DA_TECNOLOGIA_E_PROGRAMACAO/PLANO-3-AULAS/VERSAO-CODEX/01-COMPARATIVOS,3442,.md
GOOGLE-SLIDES-X-MICROSOFT-POWERPOINT-VERSAO-EDITORIAL.md,sistema/FICHA-PRODUTO-MAIS-TECH/FUNDAMENTOS_DA_TECNOLOGIA_E_PROGRAMACAO/PLANO-3-AULAS/VERSAO-CODEX/01-COMPARATIVOS/GOOGLE-SLIDES-X-MICROSOFT-POWERPOINT-VERSAO-EDITORIAL.md,sistema/FICHA-PRODUTO-MAIS-TECH/FUNDAMENTOS_DA_TECNOLOGIA_E_PROGRAMACAO/PLANO-3-AULAS/VERSAO-CODEX/01-COMPARATIVOS,3441,.md
database.json,sistema/PENDENCIAS-PROFESSOR/database.json,sistema/PENDENCIAS-PROFESSOR,3440,.json
f9bcc224731981df4c80b60c906c3aa50771bce4fcb0a4cd1ef3b2452fa0244c.json,graphify-out/cache/ast/v0.9.47-s2/f9bcc224731981df4c80b60c906c3aa50771bce4fcb0a4cd1ef3b2452fa0244c.json,graphify-out/cache/ast/v0.9.47-s2,3400,.json
GABARITO_PROVA_OBJETIVA_UC1_TIC_0a298cde.md,graphify-out/converted/GABARITO_PROVA_OBJETIVA_UC1_TIC_0a298cde.md,graphify-out/converted,3381,.md
GABARITO_PROVA_OBJETIVA_UC1_TIC_0bf7eb36.md,graphify-out/converted/GABARITO_PROVA_OBJETIVA_UC1_TIC_0bf7eb36.md,graphify-out/converted,3381,.md
GABARITO_PROVA_OBJETIVA_UC1_TIC_2951aa1d.md,graphify-out/converted/GABARITO_PROVA_OBJETIVA_UC1_TIC_2951aa1d.md,graphify-out/converted,3381,.md
GABARITO_PROVA_OBJETIVA_UC1_TIC_fb55b73c.md,graphify-out/converted/GABARITO_PROVA_OBJETIVA_UC1_TIC_fb55b73c.md,graphify-out/converted,3381,.md
7348c298a56e60e4928220ef9527e3170fb2d676833d9a74e04caf9540469c73.json,graphify-out/cache/ast/v0.9.47-s2/7348c298a56e60e4928220ef9527e3170fb2d676833d9a74e04caf9540469c73.json,graphify-out/cache/ast/v0.9.47-s2,3379,.json
3485ba07f015a9a409a2df0574f884a07b02f72550246ccc9eb7a9d6f0ea3140.json,graphify-out/cache/ast/v0.9.47-s2/3485ba07f015a9a409a2df0574f884a07b02f72550246ccc9eb7a9d6f0ea3140.json,graphify-out/cache/ast/v0.9.47-s2,3365,.json
cb37848e572e6731a1f13360f46c800172dac59fe18369b5e7ec0efd2b20b352.json,graphify-out/cache/ast/v0.9.47-s2/cb37848e572e6731a1f13360f46c800172dac59fe18369b5e7ec0efd2b20b352.json,graphify-out/cache/ast/v0.9.47-s2,3351,.json
AULA-08.md,sistema/FICHA-PRODUTO-MAIS-TECH/FUNDAMENTOS_DA_TECNOLOGIA_E_PROGRAMACAO/AULAS/AULA-08.md,sistema/FICHA-PRODUTO-MAIS-TECH/FUNDAMENTOS_DA_TECNOLOGIA_E_PROGRAMACAO/AULAS,3317,.md
AULA-09.md,sistema/FICHA-PRODUTO-MAIS-TECH/FUNDAMENTOS_DA_TECNOLOGIA_E_PROGRAMACAO/AULAS/AULA-09.md,sistema/FICHA-PRODUTO-MAIS-TECH/FUNDAMENTOS_DA_TECNOLOGIA_E_PROGRAMACAO/AULAS,3283,.md
275af5f1a3d24cba3176397adcee7c54508968f23c6710d4c9bc8596d53b358b.json,graphify-out/cache/ast/v0.9.47-s2/275af5f1a3d24cba3176397adcee7c54508968f23c6710d4c9bc8596d53b358b.json,graphify-out/cache/ast/v0.9.47-s2,3279,.json
stat-index.json,sistema/BANCO_DE_DADOS/graphify-out/cache/stat-index.json,sistema/BANCO_DE_DADOS/graphify-out/cache,3274,.json
GUIA_DA_EQUIPE_3459870d.md,graphify-out/converted/GUIA_DA_EQUIPE_3459870d.md,graphify-out/converted,3249,.md
GUIA_DA_EQUIPE_5de6e4c7.md,graphify-out/converted/GUIA_DA_EQUIPE_5de6e4c7.md,graphify-out/converted,3249,.md
GUIA_DA_EQUIPE_7dad9b68.md,graphify-out/converted/GUIA_DA_EQUIPE_7dad9b68.md,graphify-out/converted,3249,.md
CONTAS-A-CRIAR.csv,E-MAIL-SENAI/LISTAS/CONTAS-A-CRIAR.csv,E-MAIL-SENAI/LISTAS,3231,.csv
d318576d478f0fdb131dcd811e4a0901add30f7637e8bf7dab42008956402404.json,graphify-out/cache/ast/v0.9.47-s2/d318576d478f0fdb131dcd811e4a0901add30f7637e8bf7dab42008956402404.json,graphify-out/cache/ast/v0.9.47-s2,3231,.json
e3cd31a37026818d64f5b9ad7229d1a93bc5f8afb745dd36bd30d1affe66abcd.json,graphify-out/cache/ast/v0.9.47-s2/e3cd31a37026818d64f5b9ad7229d1a93bc5f8afb745dd36bd30d1affe66abcd.json,graphify-out/cache/ast/v0.9.47-s2,3217,.json
6595ad50d3fe5c8748ba13084bc23fb74cf3826ea9793b465bfc3e224071fd11.json,graphify-out/cache/ast/v0.9.47-s2/6595ad50d3fe5c8748ba13084bc23fb74cf3826ea9793b465bfc3e224071fd11.json,graphify-out/cache/ast/v0.9.47-s2,3215,.json
Checklist Prova Prática (2)_9b6dc206.md,graphify-out/converted/Checklist Prova Prática (2)_9b6dc206.md,graphify-out/converted,3215,.md
4f857bbc03845e6fbd09e84fa9e59a03acbdf9b64dedb106d6245c8554397207.json,graphify-out/cache/ast/v0.9.47-s2/4f857bbc03845e6fbd09e84fa9e59a03acbdf9b64dedb106d6245c8554397207.json,graphify-out/cache/ast/v0.9.47-s2,3206,.json
001_criar_tabela_email_contato.sql,E-MAIL-SENAI/scripts/001_criar_tabela_email_contato.sql,E-MAIL-SENAI/scripts,3182,.sql
95c974f574496ff54118e106e17d5b840a5a47a380f6cfaf2e8f077a525d2d73.json,graphify-out/cache/ast/v0.9.47-s2/95c974f574496ff54118e106e17d5b840a5a47a380f6cfaf2e8f077a525d2d73.json,graphify-out/cache/ast/v0.9.47-s2,3168,.json
ementa_Fundamentos_Tecnologia_Programacao.md,sistema/FICHA-PRODUTO-MAIS-TECH/FUNDAMENTOS_DA_TECNOLOGIA_E_PROGRAMACAO/ementa_Fundamentos_Tecnologia_Programacao.md,sistema/FICHA-PRODUTO-MAIS-TECH/FUNDAMENTOS_DA_TECNOLOGIA_E_PROGRAMACAO,3163,.md
ATIVIDADE-EXCEL.md,sistema/INTRODUCAO_TIC-PRESIDENTE-GETULIO/AULAS/AULA-07-11-08-2026/ATIVIDADE-EXCEL.md,sistema/INTRODUCAO_TIC-PRESIDENTE-GETULIO/AULAS/AULA-07-11-08-2026,3156,.md
AULA-06.md,sistema/FICHA-PRODUTO-MAIS-TECH/FUNDAMENTOS_DA_TECNOLOGIA_E_PROGRAMACAO/AULAS/AULA-06.md,sistema/FICHA-PRODUTO-MAIS-TECH/FUNDAMENTOS_DA_TECNOLOGIA_E_PROGRAMACAO/AULAS,3154,.md
2eafbaee4781e9e29df24c316dfc7c9961416a7d6ada2b2905baaf58f0e76d0c.json,graphify-out/cache/ast/v0.9.47-s2/2eafbaee4781e9e29df24c316dfc7c9961416a7d6ada2b2905baaf58f0e76d0c.json,graphify-out/cache/ast/v0.9.47-s2,3148,.json
Checklist Prova Objetiva (1)_562d9353.md,graphify-out/converted/Checklist Prova Objetiva (1)_562d9353.md,graphify-out/converted,3140,.md
b202b09ea923412b8199d148c8e35e624390b1f15dfba88a59ac7b3dbc0097de.json,graphify-out/cache/ast/v0.9.47-s2/b202b09ea923412b8199d148c8e35e624390b1f15dfba88a59ac7b3dbc0097de.json,graphify-out/cache/ast/v0.9.47-s2,3104,.json
98e8872755dd615f50b039c96a5ed743aa1a7b37dba88936d89f81f0f3f99c9b.json,graphify-out/cache/ast/v0.9.47-s2/98e8872755dd615f50b039c96a5ed743aa1a7b37dba88936d89f81f0f3f99c9b.json,graphify-out/cache/ast/v0.9.47-s2,3081,.json
README.md,sistema/FICHA-PRODUTO-MAIS-TECH/FUNDAMENTOS_DA_TECNOLOGIA_E_PROGRAMACAO/PLANO-3-AULAS/VERSAO-CLAUDE/README.md,sistema/FICHA-PRODUTO-MAIS-TECH/FUNDAMENTOS_DA_TECNOLOGIA_E_PROGRAMACAO/PLANO-3-AULAS/VERSAO-CLAUDE,3079,.md
README.md,sistema/FICHA-PRODUTO-MAIS-TECH/FUNDAMENTOS_DA_TECNOLOGIA_E_PROGRAMACAO/PLANO-3-AULAS/VERSAO-CODEX/README.md,sistema/FICHA-PRODUTO-MAIS-TECH/FUNDAMENTOS_DA_TECNOLOGIA_E_PROGRAMACAO/PLANO-3-AULAS/VERSAO-CODEX,3079,.md
AULA-14.md,sistema/FICHA-PRODUTO-MAIS-TECH/FUNDAMENTOS_DA_TECNOLOGIA_E_PROGRAMACAO/AULAS/AULA-14.md,sistema/FICHA-PRODUTO-MAIS-TECH/FUNDAMENTOS_DA_TECNOLOGIA_E_PROGRAMACAO/AULAS,3062,.md
README.md,sistema/FICHA-PRODUTO-MAIS-TECH/FUNDAMENTOS_DA_TECNOLOGIA_E_PROGRAMACAO/PLANO-3-AULAS/VERSAO-CLAUDE/03-MICROSOFT-OFFICE/README.md,sistema/FICHA-PRODUTO-MAIS-TECH/FUNDAMENTOS_DA_TECNOLOGIA_E_PROGRAMACAO/PLANO-3-AULAS/VERSAO-CLAUDE/03-MICROSOFT-OFFICE,3062,.md
README.md,sistema/FICHA-PRODUTO-MAIS-TECH/FUNDAMENTOS_DA_TECNOLOGIA_E_PROGRAMACAO/PLANO-3-AULAS/VERSAO-CODEX/03-MICROSOFT-OFFICE/README.md,sistema/FICHA-PRODUTO-MAIS-TECH/FUNDAMENTOS_DA_TECNOLOGIA_E_PROGRAMACAO/PLANO-3-AULAS/VERSAO-CODEX/03-MICROSOFT-OFFICE,3062,.md
minhas-pendencias-dashboard.md,docs/minhas-pendencias-dashboard.md,docs,3051,.md
GABARITO_CORRECAO_PROVA_SIMPLES_UC1_TIC.md,sistema/INTRODUCAO_TIC-PRESIDENTE-GETULIO/AVALIACOES_CRIADAS/PROVA_PRATICA/GABARITO_CORRECAO_PROVA_SIMPLES_UC1_TIC.md,sistema/INTRODUCAO_TIC-PRESIDENTE-GETULIO/AVALIACOES_CRIADAS/PROVA_PRATICA,3045,.md
ANALISE_TEMPO_PROVA_SIMPLES.md,sistema/INTRODUCAO_TIC-PRESIDENTE-GETULIO/AVALIACOES_CRIADAS/PROVA_PRATICA/ANALISE_TEMPO_PROVA_SIMPLES.md,sistema/INTRODUCAO_TIC-PRESIDENTE-GETULIO/AVALIACOES_CRIADAS/PROVA_PRATICA,3029,.md
README.md,sistema/FICHA-PRODUTO-MAIS-TECH/FUNDAMENTOS_DA_TECNOLOGIA_E_PROGRAMACAO/PLANO-3-AULAS/VERSAO-CLAUDE/02-GOOGLE-WORKSPACE/README.md,sistema/FICHA-PRODUTO-MAIS-TECH/FUNDAMENTOS_DA_TECNOLOGIA_E_PROGRAMACAO/PLANO-3-AULAS/VERSAO-CLAUDE/02-GOOGLE-WORKSPACE,3008,.md
README.md,sistema/FICHA-PRODUTO-MAIS-TECH/FUNDAMENTOS_DA_TECNOLOGIA_E_PROGRAMACAO/PLANO-3-AULAS/VERSAO-CODEX/02-GOOGLE-WORKSPACE/README.md,sistema/FICHA-PRODUTO-MAIS-TECH/FUNDAMENTOS_DA_TECNOLOGIA_E_PROGRAMACAO/PLANO-3-AULAS/VERSAO-CODEX/02-GOOGLE-WORKSPACE,3008,.md
cadastro-aluno.html,E-MAIL-SENAI/cadastro-aluno.html,E-MAIL-SENAI,3006,.html
AULA-11.md,sistema/FICHA-PRODUTO-MAIS-TECH/FUNDAMENTOS_DA_TECNOLOGIA_E_PROGRAMACAO/AULAS/AULA-11.md,sistema/FICHA-PRODUTO-MAIS-TECH/FUNDAMENTOS_DA_TECNOLOGIA_E_PROGRAMACAO/AULAS,2994,.md
fccf4f651b2df985f8107797d51875085a3daffc7878f6f3844be4005e011378.json,sistema/graphify-out/cache/ast/v0.8.36/fccf4f651b2df985f8107797d51875085a3daffc7878f6f3844be4005e011378.json,sistema/graphify-out/cache/ast/v0.8.36,2991,.json
atividade_erro_invisivel_758f517c.md,graphify-out/converted/atividade_erro_invisivel_758f517c.md,graphify-out/converted,2990,.md
atividade_erro_invisivel_78c8756a.md,graphify-out/converted/atividade_erro_invisivel_78c8756a.md,graphify-out/converted,2990,.md
2d31ab64bc6cfb122e762e14a44c8d090b8273857c5996f5cd3ad46792e00611.json,graphify-out/cache/ast/v0.9.47-s2/2d31ab64bc6cfb122e762e14a44c8d090b8273857c5996f5cd3ad46792e00611.json,graphify-out/cache/ast/v0.9.47-s2,2984,.json
GUIA_DA_EQUIPE_01e864cb.md,graphify-out/converted/GUIA_DA_EQUIPE_01e864cb.md,graphify-out/converted,2976,.md
GUIA_DA_EQUIPE_2b651500.md,graphify-out/converted/GUIA_DA_EQUIPE_2b651500.md,graphify-out/converted,2976,.md
GUIA_DA_EQUIPE_b9af757d.md,graphify-out/converted/GUIA_DA_EQUIPE_b9af757d.md,graphify-out/converted,2976,.md
index.html,E-MAIL-SENAI/index.html,E-MAIL-SENAI,2961,.html
avaliacao_pratica_atividade_1_1bc15f15.md,graphify-out/converted/avaliacao_pratica_atividade_1_1bc15f15.md,graphify-out/converted,2942,.md
b0f25f63cee796378d18b247c9120962d66a6ece54ee85952181a1fb1c257871.json,graphify-out/cache/ast/v0.9.47-s2/b0f25f63cee796378d18b247c9120962d66a6ece54ee85952181a1fb1c257871.json,graphify-out/cache/ast/v0.9.47-s2,2930,.json
65ede12b8b2d2ed4ca161d741504dd6c386a0b3d51633f108b5ffedf5eb39083.json,graphify-out/cache/ast/v0.9.47-s2/65ede12b8b2d2ed4ca161d741504dd6c386a0b3d51633f108b5ffedf5eb39083.json,graphify-out/cache/ast/v0.9.47-s2,2911,.json
EMENTA_DA_MATERIA.md,sistema/FICHA-PRODUTO-MAIS-TECH/OFICINAS_IMPRESSAO_3D_ROBOTICA/EMENTA_DA_MATERIA.md,sistema/FICHA-PRODUTO-MAIS-TECH/OFICINAS_IMPRESSAO_3D_ROBOTICA,2849,.md
GUIA_DA_EQUIPE 7__361f4d1f.md,graphify-out/converted/GUIA_DA_EQUIPE 7__361f4d1f.md,graphify-out/converted,2843,.md
GUIA_DA_EQUIPE 7__4baa6157.md,graphify-out/converted/GUIA_DA_EQUIPE 7__4baa6157.md,graphify-out/converted,2843,.md
GUIA_DA_EQUIPE 7__587cddc2.md,graphify-out/converted/GUIA_DA_EQUIPE 7__587cddc2.md,graphify-out/converted,2843,.md
ATIVIDADE-CARREIRAS-04-09-2026-SIMPLIFICADO_b6ac9645.md,graphify-out/converted/ATIVIDADE-CARREIRAS-04-09-2026-SIMPLIFICADO_b6ac9645.md,graphify-out/converted,2785,.md
converter-ementa-introducao-tic.md,docs/converter-ementa-introducao-tic.md,docs,2775,.md
ffde7cbe5b290d9305d6e9887d3a37f5336f11950fce47a956a6651efa2687e2.json,graphify-out/cache/ast/v0.9.47-s2/ffde7cbe5b290d9305d6e9887d3a37f5336f11950fce47a956a6651efa2687e2.json,graphify-out/cache/ast/v0.9.47-s2,2773,.json
AULA 05-14-10-2026.md,sistema/TECNICO-INFORMATICA-INTERNET/TESTES DE FRONTEND/AULAS/AULA 05-14-10-2026.md,sistema/TECNICO-INFORMATICA-INTERNET/TESTES DE FRONTEND/AULAS,2769,.md
GUIA_DA_EQUIPE_02_0112c39a.md,graphify-out/converted/GUIA_DA_EQUIPE_02_0112c39a.md,graphify-out/converted,2751,.md
GUIA_DA_EQUIPE_02_7067b024.md,graphify-out/converted/GUIA_DA_EQUIPE_02_7067b024.md,graphify-out/converted,2751,.md
GUIA_DA_EQUIPE_02_ee512148.md,graphify-out/converted/GUIA_DA_EQUIPE_02_ee512148.md,graphify-out/converted,2751,.md
README.md,E-MAIL-SENAI/LISTAS/README.md,E-MAIL-SENAI/LISTAS,2746,.md
manifest.json,sistema/BANCO_DE_DADOS/graphify-out/manifest.json,sistema/BANCO_DE_DADOS/graphify-out,2729,.json
crud-minhas-pendencias.md,docs/crud-minhas-pendencias.md,docs,2701,.md
criar-apostila-comunicacao-oral-escrita-codex.md,docs/criar-apostila-comunicacao-oral-escrita-codex.md,docs,2694,.md
1421c328803ddbf9a9d7c985edfaa4b3afc5df5dd295714ad11ba28849d22063.json,graphify-out/cache/ast/v0.9.47-s2/1421c328803ddbf9a9d7c985edfaa4b3afc5df5dd295714ad11ba28849d22063.json,graphify-out/cache/ast/v0.9.47-s2,2692,.json
Atividade 6 – Tipos de Linguagem_4c9ea31e.md,graphify-out/converted/Atividade 6 – Tipos de Linguagem_4c9ea31e.md,graphify-out/converted,2690,.md
Atividade 6 – Tipos de Linguagem_b9f918d0.md,graphify-out/converted/Atividade 6 – Tipos de Linguagem_b9f918d0.md,graphify-out/converted,2690,.md
Atividade 6 – Tipos de Linguagem_f27a5b97.md,graphify-out/converted/Atividade 6 – Tipos de Linguagem_f27a5b97.md,graphify-out/converted,2690,.md
c898e8f76dc8409011fbf31dea6b46e71b5c26130b670aedc3fa3243de83c6e7.json,graphify-out/cache/ast/v0.9.47-s2/c898e8f76dc8409011fbf31dea6b46e71b5c26130b670aedc3fa3243de83c6e7.json,graphify-out/cache/ast/v0.9.47-s2,2680,.json
2026-08-07-analise-ementas-design.md,docs/superpowers/specs/2026-08-07-analise-ementas-design.md,docs/superpowers/specs,2650,.md
README.md,sistema/FICHA-PRODUTO-MAIS-TECH/FUNDAMENTOS_DA_TECNOLOGIA_E_PROGRAMACAO/PLANO-3-AULAS/VERSAO-CLAUDE/04-MICROSOFT-ECOSYSTEM/README.md,sistema/FICHA-PRODUTO-MAIS-TECH/FUNDAMENTOS_DA_TECNOLOGIA_E_PROGRAMACAO/PLANO-3-AULAS/VERSAO-CLAUDE/04-MICROSOFT-ECOSYSTEM,2624,.md
README.md,sistema/FICHA-PRODUTO-MAIS-TECH/FUNDAMENTOS_DA_TECNOLOGIA_E_PROGRAMACAO/PLANO-3-AULAS/VERSAO-CODEX/04-MICROSOFT-ECOSYSTEM/README.md,sistema/FICHA-PRODUTO-MAIS-TECH/FUNDAMENTOS_DA_TECNOLOGIA_E_PROGRAMACAO/PLANO-3-AULAS/VERSAO-CODEX/04-MICROSOFT-ECOSYSTEM,2624,.md
1c2c65b1050c39812b75d8728977050e896ce68f712acbb23cc4b9553c0106fe.json,graphify-out/cache/ast/v0.9.47-s2/1c2c65b1050c39812b75d8728977050e896ce68f712acbb23cc4b9553c0106fe.json,graphify-out/cache/ast/v0.9.47-s2,2608,.json
a961f1ca1f191582c9dab121aaf48acf55791d77c77e38bad1eea4a04d4afd96.json,graphify-out/cache/ast/v0.9.47-s2/a961f1ca1f191582c9dab121aaf48acf55791d77c77e38bad1eea4a04d4afd96.json,graphify-out/cache/ast/v0.9.47-s2,2593,.json
LISTA-PRESENCA-CEPLAS-BARRAGEM-VESPERTINO-2026-2.md,sistema/FICHA-PRODUTO-MAIS-TECH/INTRODUCAO_COMUNICACAO_ORAL_ESCRITA/CEPLAS-VESPERTINO-2026-02/LISTA-PRESENCA-CEPLAS-BARRAGEM-VESPERTINO-2026-2.md,sistema/FICHA-PRODUTO-MAIS-TECH/INTRODUCAO_COMUNICACAO_ORAL_ESCRITA/CEPLAS-VESPERTINO-2026-02,2589,.md
SLIDE-Matematica-Raciocínio-Logico.md,sistema/FICHA-PRODUTO-MAIS-TECH/REFORCO_MATEMATICA_E_RACIOCINIO_LOGICO/SLIDE-Matematica-Raciocínio-Logico.md,sistema/FICHA-PRODUTO-MAIS-TECH/REFORCO_MATEMATICA_E_RACIOCINIO_LOGICO,2547,.md
atividade_perguntas_individuais_98e62d56.md,graphify-out/converted/atividade_perguntas_individuais_98e62d56.md,graphify-out/converted,2539,.md
atividade_perguntas_individuais_9ea7f0a2.md,graphify-out/converted/atividade_perguntas_individuais_9ea7f0a2.md,graphify-out/converted,2539,.md
avaliacoes-por-materia.md,docs/avaliacoes-por-materia.md,docs,2533,.md
criar-texto-reforco-linguagens-25-08-2026.md,docs/criar-texto-reforco-linguagens-25-08-2026.md,docs,2515,.md
crud-avaliacoes-materia.md,docs/crud-avaliacoes-materia.md,docs,2510,.md
AGENTS.md,AGENTS.md,.,2497,.md
MICROSOFT-ONEDRIVE-VERSAO-EDITORIAL.md,sistema/FICHA-PRODUTO-MAIS-TECH/FUNDAMENTOS_DA_TECNOLOGIA_E_PROGRAMACAO/PLANO-3-AULAS/VERSAO-CODEX/04-MICROSOFT-ECOSYSTEM/MICROSOFT-ONEDRIVE-VERSAO-EDITORIAL.md,sistema/FICHA-PRODUTO-MAIS-TECH/FUNDAMENTOS_DA_TECNOLOGIA_E_PROGRAMACAO/PLANO-3-AULAS/VERSAO-CODEX/04-MICROSOFT-ECOSYSTEM,2486,.md
a8d0aa79aaf98f31486348e7eb07286f1a080a4c0617697b90c057ba84349e41.json,graphify-out/cache/ast/v0.9.47-s2/a8d0aa79aaf98f31486348e7eb07286f1a080a4c0617697b90c057ba84349e41.json,graphify-out/cache/ast/v0.9.47-s2,2485,.json
AULA-15.md,sistema/FICHA-PRODUTO-MAIS-TECH/FUNDAMENTOS_DA_TECNOLOGIA_E_PROGRAMACAO/AULAS/AULA-15.md,sistema/FICHA-PRODUTO-MAIS-TECH/FUNDAMENTOS_DA_TECNOLOGIA_E_PROGRAMACAO/AULAS,2465,.md
doc_modelo_falhas_82042c27.md,graphify-out/converted/doc_modelo_falhas_82042c27.md,graphify-out/converted,2459,.md
doc_modelo_falhas_b2a8b4ed.md,graphify-out/converted/doc_modelo_falhas_b2a8b4ed.md,graphify-out/converted,2459,.md
adicionar-status-planos-avaliacoes.md,docs/adicionar-status-planos-avaliacoes.md,docs,2452,.md
f2d03ec53211b507240f346aa9ec9f55631617dd576efc08ce81eb3ebbbb0e39.json,graphify-out/cache/ast/v0.9.47-s2/f2d03ec53211b507240f346aa9ec9f55631617dd576efc08ce81eb3ebbbb0e39.json,graphify-out/cache/ast/v0.9.47-s2,2445,.json
b583d25051cf2103e184ba25dcb747afb21bef8c3f4734ae36bb357e405339a6.json,graphify-out/cache/ast/v0.9.47-s2/b583d25051cf2103e184ba25dcb747afb21bef8c3f4734ae36bb357e405339a6.json,graphify-out/cache/ast/v0.9.47-s2,2441,.json
status-aplicacao-avaliacao.md,docs/status-aplicacao-avaliacao.md,docs,2432,.md
fd2a216c0c0dd26fc0189e9d7c536c8caaa0f69a2693f7c64be70218fa2df850.json,graphify-out/cache/ast/v0.9.47-s2/fd2a216c0c0dd26fc0189e9d7c536c8caaa0f69a2693f7c64be70218fa2df850.json,graphify-out/cache/ast/v0.9.47-s2,2428,.json
GOOGLE-DRIVE-VERSAO-EDITORIAL.md,sistema/FICHA-PRODUTO-MAIS-TECH/FUNDAMENTOS_DA_TECNOLOGIA_E_PROGRAMACAO/PLANO-3-AULAS/VERSAO-CODEX/02-GOOGLE-WORKSPACE/GOOGLE-DRIVE-VERSAO-EDITORIAL.md,sistema/FICHA-PRODUTO-MAIS-TECH/FUNDAMENTOS_DA_TECNOLOGIA_E_PROGRAMACAO/PLANO-3-AULAS/VERSAO-CODEX/02-GOOGLE-WORKSPACE,2424,.md
e1424df906e38bdc1e0ccdb48010e1f442dc2b6e94e0c129f621089ec3b1f0a6.json,graphify-out/cache/ast/v0.9.47-s2/e1424df906e38bdc1e0ccdb48010e1f442dc2b6e94e0c129f621089ec3b1f0a6.json,graphify-out/cache/ast/v0.9.47-s2,2415,.json
modal-materias-por-curso.md,docs/modal-materias-por-curso.md,docs,2412,.md
MICROSOFT-WORD-VERSAO-EDITORIAL.md,sistema/FICHA-PRODUTO-MAIS-TECH/FUNDAMENTOS_DA_TECNOLOGIA_E_PROGRAMACAO/PLANO-3-AULAS/VERSAO-CODEX/03-MICROSOFT-OFFICE/MICROSOFT-WORD-VERSAO-EDITORIAL.md,sistema/FICHA-PRODUTO-MAIS-TECH/FUNDAMENTOS_DA_TECNOLOGIA_E_PROGRAMACAO/PLANO-3-AULAS/VERSAO-CODEX/03-MICROSOFT-OFFICE,2409,.md
ajuste-ementas.md,docs/ajuste-ementas.md,docs,2404,.md
GOOGLE-MEET-VERSAO-EDITORIAL.md,sistema/FICHA-PRODUTO-MAIS-TECH/FUNDAMENTOS_DA_TECNOLOGIA_E_PROGRAMACAO/PLANO-3-AULAS/VERSAO-CODEX/02-GOOGLE-WORKSPACE/GOOGLE-MEET-VERSAO-EDITORIAL.md,sistema/FICHA-PRODUTO-MAIS-TECH/FUNDAMENTOS_DA_TECNOLOGIA_E_PROGRAMACAO/PLANO-3-AULAS/VERSAO-CODEX/02-GOOGLE-WORKSPACE,2383,.md
AULA 09-15-10-2026.md,sistema/TECNICO-INFORMATICA-INTERNET/TESTES DE FRONTEND/AULAS/AULA 09-15-10-2026.md,sistema/TECNICO-INFORMATICA-INTERNET/TESTES DE FRONTEND/AULAS,2380,.md
adicionar-editar-materias-curso.md,docs/adicionar-editar-materias-curso.md,docs,2363,.md
MICROSOFT-TEAMS-VERSAO-EDITORIAL.md,sistema/FICHA-PRODUTO-MAIS-TECH/FUNDAMENTOS_DA_TECNOLOGIA_E_PROGRAMACAO/PLANO-3-AULAS/VERSAO-CODEX/04-MICROSOFT-ECOSYSTEM/MICROSOFT-TEAMS-VERSAO-EDITORIAL.md,sistema/FICHA-PRODUTO-MAIS-TECH/FUNDAMENTOS_DA_TECNOLOGIA_E_PROGRAMACAO/PLANO-3-AULAS/VERSAO-CODEX/04-MICROSOFT-ECOSYSTEM,2352,.md
README.md,sistema/FICHA-PRODUTO-MAIS-TECH/FUNDAMENTOS_DA_TECNOLOGIA_E_PROGRAMACAO/PLANO-3-AULAS/VERSAO-CLAUDE/01-COMPARATIVOS/README.md,sistema/FICHA-PRODUTO-MAIS-TECH/FUNDAMENTOS_DA_TECNOLOGIA_E_PROGRAMACAO/PLANO-3-AULAS/VERSAO-CLAUDE/01-COMPARATIVOS,2342,.md
README.md,sistema/FICHA-PRODUTO-MAIS-TECH/FUNDAMENTOS_DA_TECNOLOGIA_E_PROGRAMACAO/PLANO-3-AULAS/VERSAO-CODEX/01-COMPARATIVOS/README.md,sistema/FICHA-PRODUTO-MAIS-TECH/FUNDAMENTOS_DA_TECNOLOGIA_E_PROGRAMACAO/PLANO-3-AULAS/VERSAO-CODEX/01-COMPARATIVOS,2342,.md
68acc3386a43b23d6e481ac277c3e88165f846795b194ffdcb66f636f0c1107a.json,graphify-out/cache/ast/v0.9.47-s2/68acc3386a43b23d6e481ac277c3e88165f846795b194ffdcb66f636f0c1107a.json,graphify-out/cache/ast/v0.9.47-s2,2336,.json
AULA 07-14-10-2026.md,sistema/TECNICO-INFORMATICA-INTERNET/TESTES DE FRONTEND/AULAS/AULA 07-14-10-2026.md,sistema/TECNICO-INFORMATICA-INTERNET/TESTES DE FRONTEND/AULAS,2335,.md
ementa-por-materia.md,docs/ementa-por-materia.md,docs,2334,.md
GUIA_DA_EQUIPE__1d16ce2d.md,graphify-out/converted/GUIA_DA_EQUIPE__1d16ce2d.md,graphify-out/converted,2312,.md
GUIA_DA_EQUIPE__89f29d5d.md,graphify-out/converted/GUIA_DA_EQUIPE__89f29d5d.md,graphify-out/converted,2312,.md
GUIA_DA_EQUIPE__d2f79158.md,graphify-out/converted/GUIA_DA_EQUIPE__d2f79158.md,graphify-out/converted,2312,.md
0acabafd6655283e96995c2eb1ff9af0174b6c3056b71c67314665660f04734c.json,graphify-out/cache/ast/v0.9.47-s2/0acabafd6655283e96995c2eb1ff9af0174b6c3056b71c67314665660f04734c.json,graphify-out/cache/ast/v0.9.47-s2,2290,.json
MICROSOFT-EXCEL-VERSAO-EDITORIAL.md,sistema/FICHA-PRODUTO-MAIS-TECH/FUNDAMENTOS_DA_TECNOLOGIA_E_PROGRAMACAO/PLANO-3-AULAS/VERSAO-CODEX/03-MICROSOFT-OFFICE/MICROSOFT-EXCEL-VERSAO-EDITORIAL.md,sistema/FICHA-PRODUTO-MAIS-TECH/FUNDAMENTOS_DA_TECNOLOGIA_E_PROGRAMACAO/PLANO-3-AULAS/VERSAO-CODEX/03-MICROSOFT-OFFICE,2283,.md
GOOGLE-DOCS-VERSAO-EDITORIAL.md,sistema/FICHA-PRODUTO-MAIS-TECH/FUNDAMENTOS_DA_TECNOLOGIA_E_PROGRAMACAO/PLANO-3-AULAS/VERSAO-CODEX/02-GOOGLE-WORKSPACE/GOOGLE-DOCS-VERSAO-EDITORIAL.md,sistema/FICHA-PRODUTO-MAIS-TECH/FUNDAMENTOS_DA_TECNOLOGIA_E_PROGRAMACAO/PLANO-3-AULAS/VERSAO-CODEX/02-GOOGLE-WORKSPACE,2276,.md
adicionar-correcao-automatica-prova-simples-tic.md,docs/adicionar-correcao-automatica-prova-simples-tic.md,docs,2275,.md
corrigir-carregamento-ementa-tic.md,docs/corrigir-carregamento-ementa-tic.md,docs,2265,.md
MICROSOFT-POWERPOINT-VERSAO-EDITORIAL.md,sistema/FICHA-PRODUTO-MAIS-TECH/FUNDAMENTOS_DA_TECNOLOGIA_E_PROGRAMACAO/PLANO-3-AULAS/VERSAO-CODEX/03-MICROSOFT-OFFICE/MICROSOFT-POWERPOINT-VERSAO-EDITORIAL.md,sistema/FICHA-PRODUTO-MAIS-TECH/FUNDAMENTOS_DA_TECNOLOGIA_E_PROGRAMACAO/PLANO-3-AULAS/VERSAO-CODEX/03-MICROSOFT-OFFICE,2247,.md
insert-materias-mais-tech.md,docs/insert-materias-mais-tech.md,docs,2246,.md
MICROSOFT-OUTLOOK-VERSAO-EDITORIAL.md,sistema/FICHA-PRODUTO-MAIS-TECH/FUNDAMENTOS_DA_TECNOLOGIA_E_PROGRAMACAO/PLANO-3-AULAS/VERSAO-CODEX/03-MICROSOFT-OFFICE/MICROSOFT-OUTLOOK-VERSAO-EDITORIAL.md,sistema/FICHA-PRODUTO-MAIS-TECH/FUNDAMENTOS_DA_TECNOLOGIA_E_PROGRAMACAO/PLANO-3-AULAS/VERSAO-CODEX/03-MICROSOFT-OFFICE,2235,.md
redefinir-senha.html,E-MAIL-SENAI/redefinir-senha.html,E-MAIL-SENAI,2223,.html
GOOGLE-GMAIL-VERSAO-EDITORIAL.md,sistema/FICHA-PRODUTO-MAIS-TECH/FUNDAMENTOS_DA_TECNOLOGIA_E_PROGRAMACAO/PLANO-3-AULAS/VERSAO-CODEX/02-GOOGLE-WORKSPACE/GOOGLE-GMAIL-VERSAO-EDITORIAL.md,sistema/FICHA-PRODUTO-MAIS-TECH/FUNDAMENTOS_DA_TECNOLOGIA_E_PROGRAMACAO/PLANO-3-AULAS/VERSAO-CODEX/02-GOOGLE-WORKSPACE,2219,.md
AULA 06-14-10-2026.md,sistema/TECNICO-INFORMATICA-INTERNET/TESTES DE FRONTEND/AULAS/AULA 06-14-10-2026.md,sistema/TECNICO-INFORMATICA-INTERNET/TESTES DE FRONTEND/AULAS,2211,.md
Prova Objetiva - 1_074462a3.md,graphify-out/converted/Prova Objetiva - 1_074462a3.md,graphify-out/converted,2190,.md
Prova Objetiva - 1_64e08a30.md,graphify-out/converted/Prova Objetiva - 1_64e08a30.md,graphify-out/converted,2190,.md
Prova Objetiva - 1_b276e826.md,graphify-out/converted/Prova Objetiva - 1_b276e826.md,graphify-out/converted,2190,.md
AULA-12.md,sistema/FICHA-PRODUTO-MAIS-TECH/FUNDAMENTOS_DA_TECNOLOGIA_E_PROGRAMACAO/AULAS/AULA-12.md,sistema/FICHA-PRODUTO-MAIS-TECH/FUNDAMENTOS_DA_TECNOLOGIA_E_PROGRAMACAO/AULAS,2185,.md
adicionar-apostila-por-materia.md,docs/adicionar-apostila-por-materia.md,docs,2181,.md
corrigir-listas-numeradas-apostila.md,docs/corrigir-listas-numeradas-apostila.md,docs,2141,.md
GOOGLE-SHEETS-VERSAO-EDITORIAL.md,sistema/FICHA-PRODUTO-MAIS-TECH/FUNDAMENTOS_DA_TECNOLOGIA_E_PROGRAMACAO/PLANO-3-AULAS/VERSAO-CODEX/02-GOOGLE-WORKSPACE/GOOGLE-SHEETS-VERSAO-EDITORIAL.md,sistema/FICHA-PRODUTO-MAIS-TECH/FUNDAMENTOS_DA_TECNOLOGIA_E_PROGRAMACAO/PLANO-3-AULAS/VERSAO-CODEX/02-GOOGLE-WORKSPACE,2140,.md
Planilha-Gastos-Casa-AULA-13-08-2026_5a5f37d8.md,graphify-out/converted/Planilha-Gastos-Casa-AULA-13-08-2026_5a5f37d8.md,graphify-out/converted,2139,.md
Planilha-Gastos-Casa-AULA-13-08-2026_7662903d.md,graphify-out/converted/Planilha-Gastos-Casa-AULA-13-08-2026_7662903d.md,graphify-out/converted,2139,.md
Planilha-Gastos-Casa-AULA-13-08-2026_88d64b99.md,graphify-out/converted/Planilha-Gastos-Casa-AULA-13-08-2026_88d64b99.md,graphify-out/converted,2139,.md
Planilha-Gastos-Casa-AULA-13-08-2026_5a5f37d8.md,sistema/graphify-out/converted/Planilha-Gastos-Casa-AULA-13-08-2026_5a5f37d8.md,sistema/graphify-out/converted,2139,.md
atualizar-graphify-e-resumir-estrutura.md,docs/atualizar-graphify-e-resumir-estrutura.md,docs,2137,.md
GOOGLE-SLIDES-VERSAO-EDITORIAL.md,sistema/FICHA-PRODUTO-MAIS-TECH/FUNDAMENTOS_DA_TECNOLOGIA_E_PROGRAMACAO/PLANO-3-AULAS/VERSAO-CODEX/02-GOOGLE-WORKSPACE/GOOGLE-SLIDES-VERSAO-EDITORIAL.md,sistema/FICHA-PRODUTO-MAIS-TECH/FUNDAMENTOS_DA_TECNOLOGIA_E_PROGRAMACAO/PLANO-3-AULAS/VERSAO-CODEX/02-GOOGLE-WORKSPACE,2117,.md
Atividade 7 - Gabarito__2363958f.md,graphify-out/converted/Atividade 7 - Gabarito__2363958f.md,graphify-out/converted,2088,.md
Atividade 7 - Gabarito__be22d550.md,graphify-out/converted/Atividade 7 - Gabarito__be22d550.md,graphify-out/converted,2088,.md
Atividade 7 - Gabarito__db825d06.md,graphify-out/converted/Atividade 7 - Gabarito__db825d06.md,graphify-out/converted,2088,.md
2026-08-24-status-avaliacao-por-materia.md,docs/superpowers/plans/2026-08-24-status-avaliacao-por-materia.md,docs/superpowers/plans,2044,.md
ajustar-botao-atualizar-pendencias.md,docs/ajustar-botao-atualizar-pendencias.md,docs,2024,.md
c9eb6a031ab0134a29238a6253d25ecd88d670abd4a6b9c90639256f22cefe7e.json,graphify-out/cache/ast/v0.9.47-s2/c9eb6a031ab0134a29238a6253d25ecd88d670abd4a6b9c90639256f22cefe7e.json,graphify-out/cache/ast/v0.9.47-s2,2019,.json
QUESTAO-30.txt,sistema/Tecnico em Desenvolvimento de Sistemas/LOGICA-PROGRAMACAO/QUESTAO-30.txt,sistema/Tecnico em Desenvolvimento de Sistemas/LOGICA-PROGRAMACAO,1996,.txt
NOTAS-OBJETIVA.js,sistema/INTRODUCAO_TIC-PRESIDENTE-GETULIO/AVALIACOES_CRIADAS/NOTAS-OBJETIVA.js,sistema/INTRODUCAO_TIC-PRESIDENTE-GETULIO/AVALIACOES_CRIADAS,1991,.js
codigos.html,sistema/codigos.html,sistema,1974,.html
remover_palavra_facil_atividade.py,scripts/remover_palavra_facil_atividade.py,scripts,1955,.py
AULA 08-14-10-2026.md,sistema/TECNICO-INFORMATICA-INTERNET/TESTES DE FRONTEND/AULAS/AULA 08-14-10-2026.md,sistema/TECNICO-INFORMATICA-INTERNET/TESTES DE FRONTEND/AULAS,1952,.md
criar-apostila-reforco-linguagens.md,docs/criar-apostila-reforco-linguagens.md,docs,1934,.md
Ementa_Reforco_Linguagens.md,sistema/FICHA-PRODUTO-MAIS-TECH/REFORCO_LINGUAGENS/Ementa_Reforco_Linguagens.md,sistema/FICHA-PRODUTO-MAIS-TECH/REFORCO_LINGUAGENS,1922,.md
Prova Objetiva - 2_529899ed.md,graphify-out/converted/Prova Objetiva - 2_529899ed.md,graphify-out/converted,1891,.md
Prova Objetiva - 2_fe0f0848.md,graphify-out/converted/Prova Objetiva - 2_fe0f0848.md,graphify-out/converted,1891,.md
Prova Objetiva - 2_ff283f8a.md,graphify-out/converted/Prova Objetiva - 2_ff283f8a.md,graphify-out/converted,1891,.md
Atividade 3 - Redação Técnica_13d574b2.md,graphify-out/converted/Atividade 3 - Redação Técnica_13d574b2.md,graphify-out/converted,1888,.md
Atividade 3 - Redação Técnica_1cba0b33.md,graphify-out/converted/Atividade 3 - Redação Técnica_1cba0b33.md,graphify-out/converted,1888,.md
Atividade 3 - Redação Técnica_66478958.md,graphify-out/converted/Atividade 3 - Redação Técnica_66478958.md,graphify-out/converted,1888,.md
padronizar-status-materias-avaliacoes.md,docs/padronizar-status-materias-avaliacoes.md,docs,1853,.md
modelo_cronograma_testes_bcf77f94.md,graphify-out/converted/modelo_cronograma_testes_bcf77f94.md,graphify-out/converted,1798,.md
modelo_cronograma_testes_f32dc217.md,graphify-out/converted/modelo_cronograma_testes_f32dc217.md,graphify-out/converted,1798,.md
criar-prova-simples-uc1-tic-equipes.md,docs/criar-prova-simples-uc1-tic-equipes.md,docs,1783,.md
DIARIO_CLASSE_REFORCO_LINGUAGEM_abaaea86.md,graphify-out/converted/DIARIO_CLASSE_REFORCO_LINGUAGEM_abaaea86.md,graphify-out/converted,1745,.md
correcao-salvamento-avaliacao-colunas.md,docs/correcao-salvamento-avaliacao-colunas.md,docs,1726,.md
manifest.json,sistema/PENDENCIAS-PROFESSOR/graphify-out/manifest.json,sistema/PENDENCIAS-PROFESSOR/graphify-out,1713,.json
corrigir-hover-editar-materia.md,docs/corrigir-hover-editar-materia.md,docs,1687,.md
combobox-tipo-curso.md,docs/combobox-tipo-curso.md,docs,1680,.md
002_rls_login_supabase.sql,E-MAIL-SENAI/scripts/002_rls_login_supabase.sql,E-MAIL-SENAI/scripts,1673,.sql
Atividade 2 - Investigação Cibernética_2f770073.md,graphify-out/converted/Atividade 2 - Investigação Cibernética_2f770073.md,graphify-out/converted,1661,.md
Atividade 2 - Investigação Cibernética_67aca02b.md,graphify-out/converted/Atividade 2 - Investigação Cibernética_67aca02b.md,graphify-out/converted,1661,.md
Atividade 2 - Investigação Cibernética_7a90bb60.md,graphify-out/converted/Atividade 2 - Investigação Cibernética_7a90bb60.md,graphify-out/converted,1661,.md
Atividade 1- Detetives da Informação_c435f3fd.md,graphify-out/converted/Atividade 1- Detetives da Informação_c435f3fd.md,graphify-out/converted,1645,.md
Atividade 1- Detetives da Informação_de630bfc.md,graphify-out/converted/Atividade 1- Detetives da Informação_de630bfc.md,graphify-out/converted,1645,.md
Atividade 1- Detetives da Informação_f806c07f.md,graphify-out/converted/Atividade 1- Detetives da Informação_f806c07f.md,graphify-out/converted,1645,.md
AVALIAÇÃO PRÁTICA SIMPLES_02f674ee.md,graphify-out/converted/AVALIAÇÃO PRÁTICA SIMPLES_02f674ee.md,graphify-out/converted,1622,.md
AVALIAÇÃO PRÁTICA SIMPLES_7d6da6eb.md,graphify-out/converted/AVALIAÇÃO PRÁTICA SIMPLES_7d6da6eb.md,graphify-out/converted,1622,.md
AVALIAÇÃO PRÁTICA SIMPLES_887ed75c.md,graphify-out/converted/AVALIAÇÃO PRÁTICA SIMPLES_887ed75c.md,graphify-out/converted,1622,.md
QUESTAO-26.txt,sistema/Tecnico em Desenvolvimento de Sistemas/LOGICA-PROGRAMACAO/QUESTAO-26.txt,sistema/Tecnico em Desenvolvimento de Sistemas/LOGICA-PROGRAMACAO,1606,.txt
QUESTAO-28.txt,sistema/Tecnico em Desenvolvimento de Sistemas/LOGICA-PROGRAMACAO/QUESTAO-28.txt,sistema/Tecnico em Desenvolvimento de Sistemas/LOGICA-PROGRAMACAO,1603,.txt
definir-tecnico-desenvolvimento-sistemas-como-curso.md,docs/definir-tecnico-desenvolvimento-sistemas-como-curso.md,docs,1598,.md
remover-pendencias-json.md,docs/remover-pendencias-json.md,docs,1592,.md
excluir-node-modules-pendencias-do-graphify.md,docs/excluir-node-modules-pendencias-do-graphify.md,docs,1581,.md
QUESTAO-27.txt,sistema/Tecnico em Desenvolvimento de Sistemas/LOGICA-PROGRAMACAO/QUESTAO-27.txt,sistema/Tecnico em Desenvolvimento de Sistemas/LOGICA-PROGRAMACAO,1576,.txt
converter-lista-presenca-ceplas-barragem-2026.md,docs/converter-lista-presenca-ceplas-barragem-2026.md,docs,1570,.md
definir-tecnico-informatica-internet-como-curso.md,docs/definir-tecnico-informatica-internet-como-curso.md,docs,1557,.md
criar-tabela-pendencias.md,docs/criar-tabela-pendencias.md,docs,1541,.md
definir-gestao-controle-materiais-como-curso.md,docs/definir-gestao-controle-materiais-como-curso.md,docs,1527,.md
leitura-prova-pratica-uc1-tic.md,docs/leitura-prova-pratica-uc1-tic.md,docs,1516,.md
leitura-ementa-introducao-tic.md,docs/leitura-ementa-introducao-tic.md,docs,1506,.md
NOTAS-GELVAZIO-27-08-2026_495dfb7a.md,graphify-out/converted/NOTAS-GELVAZIO-27-08-2026_495dfb7a.md,graphify-out/converted,1500,.md
NOTAS-GELVAZIO-27-08-2026_9bfdbf50.md,graphify-out/converted/NOTAS-GELVAZIO-27-08-2026_9bfdbf50.md,graphify-out/converted,1500,.md
NOTAS-GELVAZIO-27-08-2026_f755edd7.md,graphify-out/converted/NOTAS-GELVAZIO-27-08-2026_f755edd7.md,graphify-out/converted,1500,.md
renomear-dupla-para-equipe-prova-tic.md,docs/renomear-dupla-para-equipe-prova-tic.md,docs,1492,.md
definir-ficha-produto-mais-tech-como-curso.md,docs/definir-ficha-produto-mais-tech-como-curso.md,docs,1487,.md
corrigir-tabelas-prova-tic-margens.md,docs/corrigir-tabelas-prova-tic-margens.md,docs,1463,.md
definir-foco-alunos-prova-pratica-tic.md,docs/definir-foco-alunos-prova-pratica-tic.md,docs,1406,.md
Atividade 7 - Técnica ou Jargão_12115ac3.md,graphify-out/converted/Atividade 7 - Técnica ou Jargão_12115ac3.md,graphify-out/converted,1380,.md
Atividade 7 - Técnica ou Jargão_5bdc6ae5.md,graphify-out/converted/Atividade 7 - Técnica ou Jargão_5bdc6ae5.md,graphify-out/converted,1380,.md
Atividade 7 - Técnica ou Jargão_a41c876e.md,graphify-out/converted/Atividade 7 - Técnica ou Jargão_a41c876e.md,graphify-out/converted,1380,.md
EMENTA-RACIOCINIO-LOGICO-E-MATEMATICA.txt,sistema/FICHA-PRODUTO-MAIS-TECH/REFORCO_MATEMATICA_E_RACIOCINIO_LOGICO/EMENTA-RACIOCINIO-LOGICO-E-MATEMATICA.txt,sistema/FICHA-PRODUTO-MAIS-TECH/REFORCO_MATEMATICA_E_RACIOCINIO_LOGICO,1346,.txt
efeito-profundidade-cards-pendentes.md,docs/efeito-profundidade-cards-pendentes.md,docs,1329,.md
adicionar-regra-prova-teorica.md,docs/adicionar-regra-prova-teorica.md,docs,1327,.md
LISTA-PRESENCA-CEPLAS-BARRAGEM-2026_068802f9.md,graphify-out/converted/LISTA-PRESENCA-CEPLAS-BARRAGEM-2026_068802f9.md,graphify-out/converted,1312,.md
Atividade 5 - Criando memorandos_47d46d12.md,graphify-out/converted/Atividade 5 - Criando memorandos_47d46d12.md,graphify-out/converted,1271,.md
Atividade 5 - Criando memorandos_bdc577c0.md,graphify-out/converted/Atividade 5 - Criando memorandos_bdc577c0.md,graphify-out/converted,1271,.md
Atividade 5 - Criando memorandos_bf443415.md,graphify-out/converted/Atividade 5 - Criando memorandos_bf443415.md,graphify-out/converted,1271,.md
registrar-pasta-prova-pratica-claude.md,docs/registrar-pasta-prova-pratica-claude.md,docs,1250,.md
ORIENTACAO_UC-01-09-2026.txt,sistema/BANCO_DE_DADOS/ORIENTACAO_UC-01-09-2026.txt,sistema/BANCO_DE_DADOS,1240,.txt
a9061235fb9f6ee051a64347f462606a0898499f13413c398a1148d813c6c91d.json,graphify-out/cache/ast/v0.9.47-s2/a9061235fb9f6ee051a64347f462606a0898499f13413c398a1148d813c6c91d.json,graphify-out/cache/ast/v0.9.47-s2,1232,.json
E-MAIL-PURELY-SENAI.txt,sistema/FICHA-PRODUTO-MAIS-TECH/E-MAIL-PURELY-SENAI.txt,sistema/FICHA-PRODUTO-MAIS-TECH,1219,.txt
GUIA_DA_EQUIPE_16d9593a.md,graphify-out/converted/GUIA_DA_EQUIPE_16d9593a.md,graphify-out/converted,1172,.md
GUIA_DA_EQUIPE_3da27074.md,graphify-out/converted/GUIA_DA_EQUIPE_3da27074.md,graphify-out/converted,1172,.md
GUIA_DA_EQUIPE_f966d4ff.md,graphify-out/converted/GUIA_DA_EQUIPE_f966d4ff.md,graphify-out/converted,1172,.md
teste-midias.html,sistema/FICHA-PRODUTO-MAIS-TECH/FUNDAMENTOS_DA_TECNOLOGIA_E_PROGRAMACAO/AULAS/teste-midias.html,sistema/FICHA-PRODUTO-MAIS-TECH/FUNDAMENTOS_DA_TECNOLOGIA_E_PROGRAMACAO/AULAS,1157,.html
QUESTAO-29.txt,sistema/Tecnico em Desenvolvimento de Sistemas/LOGICA-PROGRAMACAO/QUESTAO-29.txt,sistema/Tecnico em Desenvolvimento de Sistemas/LOGICA-PROGRAMACAO,1153,.txt
Atividade 4 - Criando Atas_3ca65589.md,graphify-out/converted/Atividade 4 - Criando Atas_3ca65589.md,graphify-out/converted,1147,.md
Atividade 4 - Criando Atas_82cedef1.md,graphify-out/converted/Atividade 4 - Criando Atas_82cedef1.md,graphify-out/converted,1147,.md
Atividade 4 - Criando Atas_d755c4a0.md,graphify-out/converted/Atividade 4 - Criando Atas_d755c4a0.md,graphify-out/converted,1147,.md
apostila-ferramentas-digitais-comunicacao.md,docs/apostila-ferramentas-digitais-comunicacao.md,docs,1144,.md
c772090203f744f826ea30b705702db2649e4f919a3c419ca2323c3772b1d3cd.json,graphify-out/cache/ast/v0.9.47-s2/c772090203f744f826ea30b705702db2649e4f919a3c419ca2323c3772b1d3cd.json,graphify-out/cache/ast/v0.9.47-s2,1144,.json
NOTAS-OBJETIVA-FINAL.txt,sistema/INTRODUCAO_TIC-PRESIDENTE-GETULIO/AVALIACOES_CRIADAS/NOTAS-OBJETIVA-FINAL.txt,sistema/INTRODUCAO_TIC-PRESIDENTE-GETULIO/AVALIACOES_CRIADAS,1116,.txt
Checklist Prova Prática_69431b66.md,graphify-out/converted/Checklist Prova Prática_69431b66.md,graphify-out/converted,1100,.md
Checklist Prova Prática_72437174.md,graphify-out/converted/Checklist Prova Prática_72437174.md,graphify-out/converted,1100,.md
Checklist Prova Prática_dd51f180.md,graphify-out/converted/Checklist Prova Prática_dd51f180.md,graphify-out/converted,1100,.md
Checklist Prova Prática_f3fd88bd.md,graphify-out/converted/Checklist Prova Prática_f3fd88bd.md,graphify-out/converted,1100,.md
Checklist Prova Prática_dd51f180.md,sistema/graphify-out/converted/Checklist Prova Prática_dd51f180.md,sistema/graphify-out/converted,1100,.md
Checklist Prova Prática_f3fd88bd.md,sistema/graphify-out/converted/Checklist Prova Prática_f3fd88bd.md,sistema/graphify-out/converted,1100,.md
LICENSE,LICENSE,.,1094,(sem extensao)
configurar-gemini-bat-agente.md,docs/configurar-gemini-bat-agente.md,docs,1032,.md
borda-vermelha-cards-pendentes.md,docs/borda-vermelha-cards-pendentes.md,docs,1023,.md
Atividade 8 - Controle de EPI_s_44f2ef18.md,graphify-out/converted/Atividade 8 - Controle de EPI_s_44f2ef18.md,graphify-out/converted,1022,.md
Atividade 8 - Controle de EPI_s_8a8393d5.md,graphify-out/converted/Atividade 8 - Controle de EPI_s_8a8393d5.md,graphify-out/converted,1022,.md
Atividade 8 - Controle de EPI_s_96e8b231.md,graphify-out/converted/Atividade 8 - Controle de EPI_s_96e8b231.md,graphify-out/converted,1022,.md
5c4202c120c9476bbe6e503ec98d9c6731c3e41df9b924b1da5f880afa896f95.json,sistema/PENDENCIAS-PROFESSOR/graphify-out/cache/ast/v0.8.36/5c4202c120c9476bbe6e503ec98d9c6731c3e41df9b924b1da5f880afa896f95.json,sistema/PENDENCIAS-PROFESSOR/graphify-out/cache/ast/v0.8.36,1018,.json
atividade-facil-ferramentas-digitais.md,docs/atividade-facil-ferramentas-digitais.md,docs,1015,.md
GABARITO-ATIVIDADE-EPISODIO-02_15289f48.md,graphify-out/converted/GABARITO-ATIVIDADE-EPISODIO-02_15289f48.md,graphify-out/converted,1015,.md
GABARITO-ATIVIDADE-EPISODIO-02_1c7d8ab3.md,graphify-out/converted/GABARITO-ATIVIDADE-EPISODIO-02_1c7d8ab3.md,graphify-out/converted,1015,.md
config.js,E-MAIL-SENAI/assets/js/config.js,E-MAIL-SENAI/assets/js,996,.js
prompt_plano_curso.md,sistema/FICHA-PRODUTO-MAIS-TECH/EXPLORACAO_CARREIRAS_INDUSTRIAIS_TECNOLOGICAS/prompt_plano_curso.md,sistema/FICHA-PRODUTO-MAIS-TECH/EXPLORACAO_CARREIRAS_INDUSTRIAIS_TECNOLOGICAS,987,.md
NOTAS-PRATICA-FINAL.txt,sistema/INTRODUCAO_TIC-PRESIDENTE-GETULIO/AVALIACOES_CRIADAS/NOTAS-PRATICA-FINAL.txt,sistema/INTRODUCAO_TIC-PRESIDENTE-GETULIO/AVALIACOES_CRIADAS,979,.txt
compactar-atividade-ferramentas-digitais-facil.md,docs/compactar-atividade-ferramentas-digitais-facil.md,docs,958,.md
NOTAS-GELVAZIO-V2-27-08-2026_4384a069.md,graphify-out/converted/NOTAS-GELVAZIO-V2-27-08-2026_4384a069.md,graphify-out/converted,949,.md
NOTAS-GELVAZIO-V2-27-08-2026_73cfdb17.md,graphify-out/converted/NOTAS-GELVAZIO-V2-27-08-2026_73cfdb17.md,graphify-out/converted,949,.md
NOTAS-GELVAZIO-V2-27-08-2026_cf56bf04.md,graphify-out/converted/NOTAS-GELVAZIO-V2-27-08-2026_cf56bf04.md,graphify-out/converted,949,.md
atividades-ferramentas-digitais.md,docs/atividades-ferramentas-digitais.md,docs,937,.md
QUESTAO-25.txt,sistema/Tecnico em Desenvolvimento de Sistemas/LOGICA-PROGRAMACAO/QUESTAO-25.txt,sistema/Tecnico em Desenvolvimento de Sistemas/LOGICA-PROGRAMACAO,937,.txt
configurar-openclaude-alibaba.md,docs/configurar-openclaude-alibaba.md,docs,933,.md
QUESTAO-10.txt,sistema/Tecnico em Desenvolvimento de Sistemas/LOGICA-PROGRAMACAO/QUESTAO-10.txt,sistema/Tecnico em Desenvolvimento de Sistemas/LOGICA-PROGRAMACAO,909,.txt
toggle-cursos-bloqueados.md,docs/toggle-cursos-bloqueados.md,docs,904,.md
iniciar-openclaude-alibaba.md,docs/iniciar-openclaude-alibaba.md,docs,903,.md
QUESTAO-13.txt,sistema/Tecnico em Desenvolvimento de Sistemas/LOGICA-PROGRAMACAO/QUESTAO-13.txt,sistema/Tecnico em Desenvolvimento de Sistemas/LOGICA-PROGRAMACAO,903,.txt
7dc89534418850ec4a8377041161471b4f15b76c4546a7277b92135c681b4972.json,sistema/graphify-out/cache/ast/v0.8.36/7dc89534418850ec4a8377041161471b4f15b76c4546a7277b92135c681b4972.json,sistema/graphify-out/cache/ast/v0.8.36,895,.json
QUESTAO-08.txt,sistema/Tecnico em Desenvolvimento de Sistemas/LOGICA-PROGRAMACAO/QUESTAO-08.txt,sistema/Tecnico em Desenvolvimento de Sistemas/LOGICA-PROGRAMACAO,893,.txt
QUESTAO-14.txt,sistema/Tecnico em Desenvolvimento de Sistemas/LOGICA-PROGRAMACAO/QUESTAO-14.txt,sistema/Tecnico em Desenvolvimento de Sistemas/LOGICA-PROGRAMACAO,879,.txt
javascript.svg,sistema/PENDENCIAS-PROFESSOR/src/assets/javascript.svg,sistema/PENDENCIAS-PROFESSOR/src/assets,863,.svg
remover-palavra-facil-atividade.md,docs/remover-palavra-facil-atividade.md,docs,860,.md
duplas-aula-12-08-2026_26445d56.md,graphify-out/converted/duplas-aula-12-08-2026_26445d56.md,graphify-out/converted,859,.md
duplas-aula-12-08-2026_26445d56.md,sistema/graphify-out/converted/duplas-aula-12-08-2026_26445d56.md,sistema/graphify-out/converted,859,.md
campo-ensalado-materias.md,docs/campo-ensalado-materias.md,docs,850,.md
QUESTAO-19.txt,sistema/Tecnico em Desenvolvimento de Sistemas/LOGICA-PROGRAMACAO/QUESTAO-19.txt,sistema/Tecnico em Desenvolvimento de Sistemas/LOGICA-PROGRAMACAO,821,.txt
toggle-ensalado-card-materia.md,docs/toggle-ensalado-card-materia.md,docs,789,.md
stat-index.json,sistema/PENDENCIAS-PROFESSOR/graphify-out/cache/stat-index.json,sistema/PENDENCIAS-PROFESSOR/graphify-out/cache,785,.json
modal-edicao-avaliacao.md,docs/modal-edicao-avaliacao.md,docs,768,.md
QUESTAO-03.txt,sistema/Tecnico em Desenvolvimento de Sistemas/LOGICA-PROGRAMACAO/QUESTAO-03.txt,sistema/Tecnico em Desenvolvimento de Sistemas/LOGICA-PROGRAMACAO,765,.txt
NOTAS PROVA OBJETIVA - 21-08-2026.txt,sistema/INTRODUCAO_TIC-PRESIDENTE-GETULIO/AVALIACOES_CRIADAS/PROVA_OBJETIVA/NOTAS PROVA OBJETIVA - 21-08-2026.txt,sistema/INTRODUCAO_TIC-PRESIDENTE-GETULIO/AVALIACOES_CRIADAS/PROVA_OBJETIVA,764,.txt
NOTAS PROVA OBJETIVA - 21-08-2026.txt,sistema/INTRODUCAO_TIC-PRESIDENTE-GETULIO/AVALIACOES_CRIADAS/PROVA_PRATICA/NOTAS PROVA OBJETIVA - 21-08-2026.txt,sistema/INTRODUCAO_TIC-PRESIDENTE-GETULIO/AVALIACOES_CRIADAS/PROVA_PRATICA,764,.txt
FORMULARIO-PROVA-OBJETIVA.txt,sistema/INTRODUCAO_TIC-PRESIDENTE-GETULIO/AVALIACOES_CRIADAS/PROVA_OBJETIVA/FORMULARIO-PROVA-OBJETIVA.txt,sistema/INTRODUCAO_TIC-PRESIDENTE-GETULIO/AVALIACOES_CRIADAS/PROVA_OBJETIVA,760,.txt
RELATORIO-AULAS-SENAI.txt,sistema/FICHA-PRODUTO-MAIS-TECH/RELATORIO-AULAS-SENAI.txt,sistema/FICHA-PRODUTO-MAIS-TECH,757,.txt
tempo-minimo-modal-atualizar-pendencias.md,docs/tempo-minimo-modal-atualizar-pendencias.md,docs,750,.md
Inventario_da_equipe_183f527d.md,graphify-out/converted/Inventario_da_equipe_183f527d.md,graphify-out/converted,748,.md
Inventario_da_equipe_3574bb91.md,graphify-out/converted/Inventario_da_equipe_3574bb91.md,graphify-out/converted,748,.md
Inventario_da_equipe_a9f338f8.md,graphify-out/converted/Inventario_da_equipe_a9f338f8.md,graphify-out/converted,748,.md
Atividade 9 - Gráfico_094e76f7.md,graphify-out/converted/Atividade 9 - Gráfico_094e76f7.md,graphify-out/converted,736,.md
Atividade 9 - Gráfico_362b1a5e.md,graphify-out/converted/Atividade 9 - Gráfico_362b1a5e.md,graphify-out/converted,736,.md
Atividade 9 - Gráfico_a1f039df.md,graphify-out/converted/Atividade 9 - Gráfico_a1f039df.md,graphify-out/converted,736,.md
manter-modal-curso-ao-ver-aulas.md,docs/manter-modal-curso-ao-ver-aulas.md,docs,734,.md
QUESTAO-18.txt,sistema/Tecnico em Desenvolvimento de Sistemas/LOGICA-PROGRAMACAO/QUESTAO-18.txt,sistema/Tecnico em Desenvolvimento de Sistemas/LOGICA-PROGRAMACAO,732,.txt
excluir-materias-curso.md,docs/excluir-materias-curso.md,docs,731,.md
QUESTAO-15.txt,sistema/Tecnico em Desenvolvimento de Sistemas/LOGICA-PROGRAMACAO/QUESTAO-15.txt,sistema/Tecnico em Desenvolvimento de Sistemas/LOGICA-PROGRAMACAO,692,.txt
NOTAS PROVA PRATICA - 26-08-2026.txt,sistema/INTRODUCAO_TIC-PRESIDENTE-GETULIO/AVALIACOES_CRIADAS/PROVA_PRATICA/NOTAS PROVA PRATICA - 26-08-2026.txt,sistema/INTRODUCAO_TIC-PRESIDENTE-GETULIO/AVALIACOES_CRIADAS/PROVA_PRATICA,686,.txt
QUESTAO-17.txt,sistema/Tecnico em Desenvolvimento de Sistemas/LOGICA-PROGRAMACAO/QUESTAO-17.txt,sistema/Tecnico em Desenvolvimento de Sistemas/LOGICA-PROGRAMACAO,675,.txt
migrar-status-avaliacoes-para-materia.md,docs/migrar-status-avaliacoes-para-materia.md,docs,667,.md
ordenar-cursos-por-alertas.md,docs/ordenar-cursos-por-alertas.md,docs,658,.md
QUESTAO-23.txt,sistema/Tecnico em Desenvolvimento de Sistemas/LOGICA-PROGRAMACAO/QUESTAO-23.txt,sistema/Tecnico em Desenvolvimento de Sistemas/LOGICA-PROGRAMACAO,654,.txt
INVENTARIO_DA_EQUIPE_8427831d.md,graphify-out/converted/INVENTARIO_DA_EQUIPE_8427831d.md,graphify-out/converted,652,.md
INVENTARIO_DA_EQUIPE_8ef751ff.md,graphify-out/converted/INVENTARIO_DA_EQUIPE_8ef751ff.md,graphify-out/converted,652,.md
INVENTARIO_DA_EQUIPE_baab3ba0.md,graphify-out/converted/INVENTARIO_DA_EQUIPE_baab3ba0.md,graphify-out/converted,652,.md
QUESTAO-20.txt,sistema/Tecnico em Desenvolvimento de Sistemas/LOGICA-PROGRAMACAO/QUESTAO-20.txt,sistema/Tecnico em Desenvolvimento de Sistemas/LOGICA-PROGRAMACAO,652,.txt
APRESENTACAO-OFICINA-EMPREENDEDORISMO_06ba87ea.md,graphify-out/converted/APRESENTACAO-OFICINA-EMPREENDEDORISMO_06ba87ea.md,graphify-out/converted,648,.md
APRESENTACAO-OFICINA-EMPREENDEDORISMO_3bb5ca27.md,graphify-out/converted/APRESENTACAO-OFICINA-EMPREENDEDORISMO_3bb5ca27.md,graphify-out/converted,648,.md
notificacao-pendencias-cursos.md,docs/notificacao-pendencias-cursos.md,docs,641,.md
QUESTAO-04.txt,sistema/Tecnico em Desenvolvimento de Sistemas/LOGICA-PROGRAMACAO/QUESTAO-04.txt,sistema/Tecnico em Desenvolvimento de Sistemas/LOGICA-PROGRAMACAO,629,.txt
QUESTAO-12.txt,sistema/Tecnico em Desenvolvimento de Sistemas/LOGICA-PROGRAMACAO/QUESTAO-12.txt,sistema/Tecnico em Desenvolvimento de Sistemas/LOGICA-PROGRAMACAO,617,.txt
QUESTAO-02.txt,sistema/Tecnico em Desenvolvimento de Sistemas/LOGICA-PROGRAMACAO/QUESTAO-02.txt,sistema/Tecnico em Desenvolvimento de Sistemas/LOGICA-PROGRAMACAO,615,.txt
e310a0550edcc2166086815e095d76de736f7c2195906e8b6644da7e494484b5.json,graphify-out/cache/ast/v0.9.47-s2/e310a0550edcc2166086815e095d76de736f7c2195906e8b6644da7e494484b5.json,graphify-out/cache/ast/v0.9.47-s2,599,.json
INVENTARIO_DA_EQUIPE_24db05a6.md,graphify-out/converted/INVENTARIO_DA_EQUIPE_24db05a6.md,graphify-out/converted,592,.md
INVENTARIO_DA_EQUIPE_a668f728.md,graphify-out/converted/INVENTARIO_DA_EQUIPE_a668f728.md,graphify-out/converted,592,.md
INVENTARIO_DA_EQUIPE_e4c83493.md,graphify-out/converted/INVENTARIO_DA_EQUIPE_e4c83493.md,graphify-out/converted,592,.md
INVENTARIO_DA_EQUIPE_564f7424.md,graphify-out/converted/INVENTARIO_DA_EQUIPE_564f7424.md,graphify-out/converted,570,.md
INVENTARIO_DA_EQUIPE_96bf9f30.md,graphify-out/converted/INVENTARIO_DA_EQUIPE_96bf9f30.md,graphify-out/converted,570,.md
INVENTARIO_DA_EQUIPE_af72dbac.md,graphify-out/converted/INVENTARIO_DA_EQUIPE_af72dbac.md,graphify-out/converted,570,.md
INVENTÁRIO_DA_EQUIPE_6f717f07.md,graphify-out/converted/INVENTÁRIO_DA_EQUIPE_6f717f07.md,graphify-out/converted,562,.md
INVENTÁRIO_DA_EQUIPE_b5f04d3f.md,graphify-out/converted/INVENTÁRIO_DA_EQUIPE_b5f04d3f.md,graphify-out/converted,562,.md
INVENTÁRIO_DA_EQUIPE_ede8805a.md,graphify-out/converted/INVENTÁRIO_DA_EQUIPE_ede8805a.md,graphify-out/converted,562,.md
INVENTARIO_DA_EQUIPE_1a5478b5.md,graphify-out/converted/INVENTARIO_DA_EQUIPE_1a5478b5.md,graphify-out/converted,555,.md
INVENTARIO_DA_EQUIPE_2224ab25.md,graphify-out/converted/INVENTARIO_DA_EQUIPE_2224ab25.md,graphify-out/converted,555,.md
INVENTARIO_DA_EQUIPE_4e896fba.md,graphify-out/converted/INVENTARIO_DA_EQUIPE_4e896fba.md,graphify-out/converted,555,.md
RESERVA-NOTEBOOKS-GELVAZIO.txt,sistema/FICHA-PRODUTO-MAIS-TECH/RESERVA-NOTEBOOKS-GELVAZIO.txt,sistema/FICHA-PRODUTO-MAIS-TECH,552,.txt
QUESTAO-11.txt,sistema/Tecnico em Desenvolvimento de Sistemas/LOGICA-PROGRAMACAO/QUESTAO-11.txt,sistema/Tecnico em Desenvolvimento de Sistemas/LOGICA-PROGRAMACAO,552,.txt
INVENTARIO_DA_EQUIPE_01788db2.md,graphify-out/converted/INVENTARIO_DA_EQUIPE_01788db2.md,graphify-out/converted,538,.md
INVENTARIO_DA_EQUIPE_9f31cce9.md,graphify-out/converted/INVENTARIO_DA_EQUIPE_9f31cce9.md,graphify-out/converted,538,.md
INVENTARIO_DA_EQUIPE_fdafe06d.md,graphify-out/converted/INVENTARIO_DA_EQUIPE_fdafe06d.md,graphify-out/converted,538,.md
DUVIDAS-CEPLAS-18-08-2026.txt,sistema/FICHA-PRODUTO-MAIS-TECH/REFORCO_MATEMATICA_E_RACIOCINIO_LOGICO/DUVIDAS-CEPLAS-18-08-2026.txt,sistema/FICHA-PRODUTO-MAIS-TECH/REFORCO_MATEMATICA_E_RACIOCINIO_LOGICO,536,.txt
QUESTAO-24.txt,sistema/Tecnico em Desenvolvimento de Sistemas/LOGICA-PROGRAMACAO/QUESTAO-24.txt,sistema/Tecnico em Desenvolvimento de Sistemas/LOGICA-PROGRAMACAO,536,.txt
INVENTARIO_DA_EQUIPE_02_9fd612c6.md,graphify-out/converted/INVENTARIO_DA_EQUIPE_02_9fd612c6.md,graphify-out/converted,518,.md
INVENTARIO_DA_EQUIPE_02_da63eb28.md,graphify-out/converted/INVENTARIO_DA_EQUIPE_02_da63eb28.md,graphify-out/converted,518,.md
INVENTARIO_DA_EQUIPE_02_f252fde0.md,graphify-out/converted/INVENTARIO_DA_EQUIPE_02_f252fde0.md,graphify-out/converted,518,.md
QUESTAO-16.txt,sistema/Tecnico em Desenvolvimento de Sistemas/LOGICA-PROGRAMACAO/QUESTAO-16.txt,sistema/Tecnico em Desenvolvimento de Sistemas/LOGICA-PROGRAMACAO,506,.txt
GASTOS-CASA.ini,sistema/INTRODUCAO_TIC-PRESIDENTE-GETULIO/AULAS/AULA-07-11-08-2026/GASTOS-CASA.ini,sistema/INTRODUCAO_TIC-PRESIDENTE-GETULIO/AULAS/AULA-07-11-08-2026,490,.ini
INVENTARIO_DA_EQUIPE-06_09116537.md,graphify-out/converted/INVENTARIO_DA_EQUIPE-06_09116537.md,graphify-out/converted,484,.md
INVENTARIO_DA_EQUIPE-06_5132f3c0.md,graphify-out/converted/INVENTARIO_DA_EQUIPE-06_5132f3c0.md,graphify-out/converted,484,.md
INVENTARIO_DA_EQUIPE-06_a838f259.md,graphify-out/converted/INVENTARIO_DA_EQUIPE-06_a838f259.md,graphify-out/converted,484,.md
servir.bat,E-MAIL-SENAI/servir.bat,E-MAIL-SENAI,478,.bat
solicitacao de notebooks.txt,sistema/FICHA-PRODUTO-MAIS-TECH/solicitacao de notebooks.txt,sistema/FICHA-PRODUTO-MAIS-TECH,478,.txt
package.json,sistema/PENDENCIAS-PROFESSOR/package.json,sistema/PENDENCIAS-PROFESSOR,462,.json
QUESTAO-07.txt,sistema/Tecnico em Desenvolvimento de Sistemas/LOGICA-PROGRAMACAO/QUESTAO-07.txt,sistema/Tecnico em Desenvolvimento de Sistemas/LOGICA-PROGRAMACAO,453,.txt
MODELO-LISTA.csv,E-MAIL-SENAI/LISTAS/MODELO-LISTA.csv,E-MAIL-SENAI/LISTAS,435,.csv
Novo(a) Documento de Texto.txt,sistema/FICHA-PRODUTO-MAIS-TECH/EXPLORACAO_CARREIRAS_INDUSTRIAIS_TECNOLOGICAS/ATIVIDADES/Novo(a) Documento de Texto.txt,sistema/FICHA-PRODUTO-MAIS-TECH/EXPLORACAO_CARREIRAS_INDUSTRIAIS_TECNOLOGICAS/ATIVIDADES,429,.txt
652f92b997baea196ced53367175d43182da554508d3f7a9b2c28c6555c27462.json,sistema/BANCO_DE_DADOS/graphify-out/cache/ast/v0.8.36/652f92b997baea196ced53367175d43182da554508d3f7a9b2c28c6555c27462.json,sistema/BANCO_DE_DADOS/graphify-out/cache/ast/v0.8.36,428,.json
GABARITO-ATIVIDADE-EPISODIO-01_d42bab3f.md,graphify-out/converted/GABARITO-ATIVIDADE-EPISODIO-01_d42bab3f.md,graphify-out/converted,421,.md
GABARITO-ATIVIDADE-EPISODIO-01_dd640649.md,graphify-out/converted/GABARITO-ATIVIDADE-EPISODIO-01_dd640649.md,graphify-out/converted,421,.md
ORIENTACOES-MAISTECH-COM-JOAO.txt,sistema/FICHA-PRODUTO-MAIS-TECH/ORIENTACOES-MAISTECH-COM-JOAO.txt,sistema/FICHA-PRODUTO-MAIS-TECH,419,.txt
ignorar-arquivo-alibaba-ia.md,docs/ignorar-arquivo-alibaba-ia.md,docs,418,.md
b21c1dd6bdad301aaaa49639b3392f1b4624c711b11c03ff1a8ce9fd4ccc0d99.json,graphify-out/cache/ast/v0.9.47-s2/b21c1dd6bdad301aaaa49639b3392f1b4624c711b11c03ff1a8ce9fd4ccc0d99.json,graphify-out/cache/ast/v0.9.47-s2,413,.json
32c18b534f77162e2f71401417a8dd2320265e4277dbc733c50e8d6a01beedbb.json,sistema/graphify-out/cache/ast/v0.8.36/32c18b534f77162e2f71401417a8dd2320265e4277dbc733c50e8d6a01beedbb.json,sistema/graphify-out/cache/ast/v0.8.36,413,.json
f946448edf7852a4ec630c257603ddae65086264776218af472252ee14c3f01f.json,sistema/graphify-out/cache/ast/v0.8.36/f946448edf7852a4ec630c257603ddae65086264776218af472252ee14c3f01f.json,sistema/graphify-out/cache/ast/v0.8.36,413,.json
QUESTAO-01.txt,sistema/Tecnico em Desenvolvimento de Sistemas/LOGICA-PROGRAMACAO/QUESTAO-01.txt,sistema/Tecnico em Desenvolvimento de Sistemas/LOGICA-PROGRAMACAO,413,.txt
AULA-18-08-2026.txt,sistema/FICHA-PRODUTO-MAIS-TECH/INTRODUCAO_COMUNICACAO_ORAL_ESCRITA/AULAS/AULA-18-08-2026.txt,sistema/FICHA-PRODUTO-MAIS-TECH/INTRODUCAO_COMUNICACAO_ORAL_ESCRITA/AULAS,409,.txt
48dc94c5544d50e963a11b9d6e8a93f5589a3a42e1ceafc9e112e18c7963cfa7.json,sistema/graphify-out/cache/ast/v0.8.36/48dc94c5544d50e963a11b9d6e8a93f5589a3a42e1ceafc9e112e18c7963cfa7.json,sistema/graphify-out/cache/ast/v0.8.36,405,.json
9f10280efdfa6a9a563c74af5106d0fbfeaf82c6f154c7bd25089f97c3828465.json,sistema/graphify-out/cache/ast/v0.8.36/9f10280efdfa6a9a563c74af5106d0fbfeaf82c6f154c7bd25089f97c3828465.json,sistema/graphify-out/cache/ast/v0.8.36,405,.json
Atividade 6 - Gabarito_c1851488.md,graphify-out/converted/Atividade 6 - Gabarito_c1851488.md,graphify-out/converted,400,.md
Atividade 6 - Gabarito_c5d05bdc.md,graphify-out/converted/Atividade 6 - Gabarito_c5d05bdc.md,graphify-out/converted,400,.md
Atividade 6 - Gabarito_d4d39721.md,graphify-out/converted/Atividade 6 - Gabarito_d4d39721.md,graphify-out/converted,400,.md
QUESTAO-21.txt,sistema/Tecnico em Desenvolvimento de Sistemas/LOGICA-PROGRAMACAO/QUESTAO-21.txt,sistema/Tecnico em Desenvolvimento de Sistemas/LOGICA-PROGRAMACAO,399,.txt
5d3b50768981a17eb7ab37582d7e8f45168e36276844990e695bff2f25960281.json,sistema/graphify-out/cache/ast/v0.8.36/5d3b50768981a17eb7ab37582d7e8f45168e36276844990e695bff2f25960281.json,sistema/graphify-out/cache/ast/v0.8.36,392,.json
90451527bb348a4506e53f819ec91945ee31c6758cba2aaaef46c960f65e75a9.json,sistema/graphify-out/cache/ast/v0.8.36/90451527bb348a4506e53f819ec91945ee31c6758cba2aaaef46c960f65e75a9.json,sistema/graphify-out/cache/ast/v0.8.36,392,.json
db9a266b95664ebd3304e10f20305a6163336571377b45529d0782cb1ecdf409.json,sistema/graphify-out/cache/ast/v0.8.36/db9a266b95664ebd3304e10f20305a6163336571377b45529d0782cb1ecdf409.json,sistema/graphify-out/cache/ast/v0.8.36,392,.json
QUESTAO-09.txt,sistema/Tecnico em Desenvolvimento de Sistemas/LOGICA-PROGRAMACAO/QUESTAO-09.txt,sistema/Tecnico em Desenvolvimento de Sistemas/LOGICA-PROGRAMACAO,390,.txt
54829eb5bd3dbc1bef740129f9722d8b0b9c4128390aba5c95166d7b74f69ec6.json,sistema/graphify-out/cache/ast/v0.8.36/54829eb5bd3dbc1bef740129f9722d8b0b9c4128390aba5c95166d7b74f69ec6.json,sistema/graphify-out/cache/ast/v0.8.36,387,.json
42fd321abb7e0b41a8f7ee4bba85c0c20588b2e1cb5a6352dd91f271ac9cd22f.json,sistema/graphify-out/cache/ast/v0.8.36/42fd321abb7e0b41a8f7ee4bba85c0c20588b2e1cb5a6352dd91f271ac9cd22f.json,sistema/graphify-out/cache/ast/v0.8.36,381,.json
efe83847e645683ed7eedee96f9e929f25d6b401bffb54be9062e73795ab3d1e.json,sistema/graphify-out/cache/ast/v0.8.36/efe83847e645683ed7eedee96f9e929f25d6b401bffb54be9062e73795ab3d1e.json,sistema/graphify-out/cache/ast/v0.8.36,377,.json
QUESTAO-06.txt,sistema/Tecnico em Desenvolvimento de Sistemas/LOGICA-PROGRAMACAO/QUESTAO-06.txt,sistema/Tecnico em Desenvolvimento de Sistemas/LOGICA-PROGRAMACAO,374,.txt
4e8658188829a1934e90d32bdf698ef12a451e9b2044574bcf6d11cadb70dc74.json,sistema/graphify-out/cache/ast/v0.8.36/4e8658188829a1934e90d32bdf698ef12a451e9b2044574bcf6d11cadb70dc74.json,sistema/graphify-out/cache/ast/v0.8.36,371,.json
dd8aa4ca72f8199cd5d0cb2d4cd240f9e84768f21318ac51faa39f85e861a036.json,sistema/graphify-out/cache/ast/v0.8.36/dd8aa4ca72f8199cd5d0cb2d4cd240f9e84768f21318ac51faa39f85e861a036.json,sistema/graphify-out/cache/ast/v0.8.36,371,.json
CURSOS-ADICIONAIS-MICROSOFT-OFFICE.txt,sistema/INTRODUCAO_TIC-PRESIDENTE-GETULIO/AULA-13-24-08-2026-FERRAMENTAS_MICROSOFT/CURSOS-ADICIONAIS-MICROSOFT-OFFICE.txt,sistema/INTRODUCAO_TIC-PRESIDENTE-GETULIO/AULA-13-24-08-2026-FERRAMENTAS_MICROSOFT,370,.txt
b998e47be6afb128ca6dfefa5bbc2c3b366f1a516ac9aa1d5428af31daafbee8.json,sistema/graphify-out/cache/ast/v0.8.36/b998e47be6afb128ca6dfefa5bbc2c3b366f1a516ac9aa1d5428af31daafbee8.json,sistema/graphify-out/cache/ast/v0.8.36,356,.json
c77950c342be74fd3dc860a82d3d6ff09323d6e5bb72a0546f3cc7e56a37117b.json,sistema/graphify-out/cache/ast/v0.8.36/c77950c342be74fd3dc860a82d3d6ff09323d6e5bb72a0546f3cc7e56a37117b.json,sistema/graphify-out/cache/ast/v0.8.36,356,.json
4f8d33f1a71d2757dfa9aa2ca3e30ce0eaf93bb93464464379652275286f7f66.json,sistema/graphify-out/cache/ast/v0.8.36/4f8d33f1a71d2757dfa9aa2ca3e30ce0eaf93bb93464464379652275286f7f66.json,sistema/graphify-out/cache/ast/v0.8.36,353,.json
a3fffa05ed632774414c2ea8d25892ab4b5ea1e1e620dbd322052c38b6e89d9a.json,sistema/graphify-out/cache/ast/v0.8.36/a3fffa05ed632774414c2ea8d25892ab4b5ea1e1e620dbd322052c38b6e89d9a.json,sistema/graphify-out/cache/ast/v0.8.36,353,.json
9abfd6db88e6eb867df87984f2a651d5aefa7dda8237ae50d1a0788b74342a1e.json,sistema/graphify-out/cache/ast/v0.8.36/9abfd6db88e6eb867df87984f2a651d5aefa7dda8237ae50d1a0788b74342a1e.json,sistema/graphify-out/cache/ast/v0.8.36,350,.json
FORMULARIO-CORRECAO-PROVA-PRATICA.txt,sistema/INTRODUCAO_TIC-PRESIDENTE-GETULIO/AVALIACOES_CRIADAS/PROVA_PRATICA/FORMULARIO-CORRECAO-PROVA-PRATICA.txt,sistema/INTRODUCAO_TIC-PRESIDENTE-GETULIO/AVALIACOES_CRIADAS/PROVA_PRATICA,349,.txt
b479ae355ec91d492884a1c00afb415d1b43368702e332cde9c9b336af92e6ab.json,sistema/graphify-out/cache/ast/v0.8.36/b479ae355ec91d492884a1c00afb415d1b43368702e332cde9c9b336af92e6ab.json,sistema/graphify-out/cache/ast/v0.8.36,344,.json
c6886bbbb9d6c0b3d0df741ecfe0a1d477df3f95456f437fa19b7bebed02a589.json,sistema/graphify-out/cache/ast/v0.8.36/c6886bbbb9d6c0b3d0df741ecfe0a1d477df3f95456f437fa19b7bebed02a589.json,sistema/graphify-out/cache/ast/v0.8.36,344,.json
QUESTAO-22.txt,sistema/Tecnico em Desenvolvimento de Sistemas/LOGICA-PROGRAMACAO/QUESTAO-22.txt,sistema/Tecnico em Desenvolvimento de Sistemas/LOGICA-PROGRAMACAO,344,.txt
HORARIOS-SENAI.txt,sistema/PROFESSOR/HORARIOS-SENAI.txt,sistema/PROFESSOR,342,.txt
e584417c6a8e7ff9719ca18781b046ee304cb4ade1b6cadd379d71c10897910a.json,graphify-out/cache/ast/v0.9.47-s2/e584417c6a8e7ff9719ca18781b046ee304cb4ade1b6cadd379d71c10897910a.json,graphify-out/cache/ast/v0.9.47-s2,339,.json
4ebaddaa81cc0e9dd2630d550ff04da2b9865fb64d6c51b96e17bef5962e1184.json,sistema/graphify-out/cache/ast/v0.8.36/4ebaddaa81cc0e9dd2630d550ff04da2b9865fb64d6c51b96e17bef5962e1184.json,sistema/graphify-out/cache/ast/v0.8.36,338,.json
a70e5bb2c813ac720bc41f3a650de5ad84174e6ad1688dd1fd0f3b4e450823c0.json,sistema/graphify-out/cache/ast/v0.8.36/a70e5bb2c813ac720bc41f3a650de5ad84174e6ad1688dd1fd0f3b4e450823c0.json,sistema/graphify-out/cache/ast/v0.8.36,335,.json
d8814c23967281cd3c72c7b8b7fc0bba800bbec73451a27a82ee42129cc302b4.json,graphify-out/cache/ast/v0.9.47-s2/d8814c23967281cd3c72c7b8b7fc0bba800bbec73451a27a82ee42129cc302b4.json,graphify-out/cache/ast/v0.9.47-s2,333,.json
9648d522677f8b41be0246e21631cf382c419a17087494bed53066b4c5b5c8aa.json,sistema/graphify-out/cache/ast/v0.8.36/9648d522677f8b41be0246e21631cf382c419a17087494bed53066b4c5b5c8aa.json,sistema/graphify-out/cache/ast/v0.8.36,316,.json
c3e92e8e687a15c41e1b00c822e9116e0a9278b3d3fd08e7a6ecc2b07fd58207.json,sistema/graphify-out/cache/ast/v0.8.36/c3e92e8e687a15c41e1b00c822e9116e0a9278b3d3fd08e7a6ecc2b07fd58207.json,sistema/graphify-out/cache/ast/v0.8.36,316,.json
QUESTAO-05.txt,sistema/Tecnico em Desenvolvimento de Sistemas/LOGICA-PROGRAMACAO/QUESTAO-05.txt,sistema/Tecnico em Desenvolvimento de Sistemas/LOGICA-PROGRAMACAO,304,.txt
DADOS-QUESTIONARIO-MICROSOFT-OFFICE.txt,sistema/INTRODUCAO_TIC-PRESIDENTE-GETULIO/AULA-13-24-08-2026-FERRAMENTAS_MICROSOFT/DADOS-QUESTIONARIO-MICROSOFT-OFFICE.txt,sistema/INTRODUCAO_TIC-PRESIDENTE-GETULIO/AULA-13-24-08-2026-FERRAMENTAS_MICROSOFT,282,.txt
GERADOR-AULAS.txt,sistema/GERADOR-AULAS/GERADOR-AULAS.txt,sistema/GERADOR-AULAS,259,.txt
DADOS-AULA-18-08-2026.txt,sistema/FICHA-PRODUTO-MAIS-TECH/REFORCO_MATEMATICA_E_RACIOCINIO_LOGICO/DADOS-AULA-18-08-2026.txt,sistema/FICHA-PRODUTO-MAIS-TECH/REFORCO_MATEMATICA_E_RACIOCINIO_LOGICO,256,.txt
ASSUNTO-ADICIONAL.txt,sistema/INTRODUCAO_TIC-PRESIDENTE-GETULIO/ASSUNTO-ADICIONAL.txt,sistema/INTRODUCAO_TIC-PRESIDENTE-GETULIO,252,.txt
counter.js,sistema/PENDENCIAS-PROFESSOR/src/counter.js,sistema/PENDENCIAS-PROFESSOR/src,247,.js
e8b4fc4274ead52daea92ed6c25e97099bccd5451f5e130b91a15206dc27c30c.json,sistema/graphify-out/cache/ast/v0.8.36/e8b4fc4274ead52daea92ed6c25e97099bccd5451f5e130b91a15206dc27c30c.json,sistema/graphify-out/cache/ast/v0.8.36,239,.json
PLANO-DE-ENSINO.txt,sistema/TECNICO-INFORMATICA-INTERNET/PLANO-DE-ENSINO.txt,sistema/TECNICO-INFORMATICA-INTERNET,202,.txt
LISTA-AULAS-PLANEJAMENTO.txt,sistema/LISTA-AULAS-PLANEJAMENTO.txt,sistema,200,.txt
aulas-lecionadas.json,sistema/FICHA-PRODUTO-MAIS-TECH/FUNDAMENTOS_DA_TECNOLOGIA_E_PROGRAMACAO/aulas-lecionadas.json,sistema/FICHA-PRODUTO-MAIS-TECH/FUNDAMENTOS_DA_TECNOLOGIA_E_PROGRAMACAO,193,.json
MODELOS-DE-ATIVIDADES-REFORÇO-LINGUAGENS.txt,sistema/FICHA-PRODUTO-MAIS-TECH/MODELOS-DE-ATIVIDADES-REFORÇO-LINGUAGENS.txt,sistema/FICHA-PRODUTO-MAIS-TECH,122,.txt
HORARIO.txt,sistema/TECNICO-INFORMATICA-INTERNET/TESTES DE FRONTEND/HORARIO.txt,sistema/TECNICO-INFORMATICA-INTERNET/TESTES DE FRONTEND,99,.txt
1a26d3ca191c5e9813480dac00da44d5eed81be65fb915549daa77eb4e665eea.json,sistema/BANCO_DE_DADOS/graphify-out/cache/ast/v0.8.36/1a26d3ca191c5e9813480dac00da44d5eed81be65fb915549daa77eb4e665eea.json,sistema/BANCO_DE_DADOS/graphify-out/cache/ast/v0.8.36,74,.json
2041a03eb5b57a949744dbbb14b789c49dc83f0b6a72d036676d119b8aca91a9.json,sistema/BANCO_DE_DADOS/graphify-out/cache/ast/v0.8.36/2041a03eb5b57a949744dbbb14b789c49dc83f0b6a72d036676d119b8aca91a9.json,sistema/BANCO_DE_DADOS/graphify-out/cache/ast/v0.8.36,74,.json
35b4c38e0b660bd6ad1f60a8b86c54d83206967638965c3ba7e7643458b7d339.json,sistema/BANCO_DE_DADOS/graphify-out/cache/ast/v0.8.36/35b4c38e0b660bd6ad1f60a8b86c54d83206967638965c3ba7e7643458b7d339.json,sistema/BANCO_DE_DADOS/graphify-out/cache/ast/v0.8.36,74,.json
cbba1a8d6fb84228ba86ea0285977cbf5f4d4bb300a3ccf60e6ff5bcf200d4ee.json,sistema/BANCO_DE_DADOS/graphify-out/cache/ast/v0.8.36/cbba1a8d6fb84228ba86ea0285977cbf5f4d4bb300a3ccf60e6ff5bcf200d4ee.json,sistema/BANCO_DE_DADOS/graphify-out/cache/ast/v0.8.36,74,.json
06a5e97ac383c2e7566c80d31cbfa7cb218abd3f1b447facac35f0b2cbdbf5a8.json,sistema/graphify-out/cache/ast/v0.8.36/06a5e97ac383c2e7566c80d31cbfa7cb218abd3f1b447facac35f0b2cbdbf5a8.json,sistema/graphify-out/cache/ast/v0.8.36,74,.json
0bb5d9d40ca89bfbe51668eb03806dfef9069b5800724404e75dc9a54b949d25.json,sistema/graphify-out/cache/ast/v0.8.36/0bb5d9d40ca89bfbe51668eb03806dfef9069b5800724404e75dc9a54b949d25.json,sistema/graphify-out/cache/ast/v0.8.36,74,.json
291d6aa1db4e3e83092faacb94b942380b35c3382e95624c774f545e27ae0fff.json,sistema/graphify-out/cache/ast/v0.8.36/291d6aa1db4e3e83092faacb94b942380b35c3382e95624c774f545e27ae0fff.json,sistema/graphify-out/cache/ast/v0.8.36,74,.json
c00d26636a2aaa72760ffaab206427155d80907b5459e88c25889968b68add82.json,sistema/graphify-out/cache/ast/v0.8.36/c00d26636a2aaa72760ffaab206427155d80907b5459e88c25889968b68add82.json,sistema/graphify-out/cache/ast/v0.8.36,74,.json
d60b857101775b8f5a04cdeb9535f2e1b2429872c83e9aa96955381c8589eef4.json,sistema/graphify-out/cache/ast/v0.8.36/d60b857101775b8f5a04cdeb9535f2e1b2429872c83e9aa96955381c8589eef4.json,sistema/graphify-out/cache/ast/v0.8.36,74,.json
package.json,sistema/FICHA-PRODUTO-MAIS-TECH/REFORCO_MATEMATICA_E_RACIOCINIO_LOGICO/package.json,sistema/FICHA-PRODUTO-MAIS-TECH/REFORCO_MATEMATICA_E_RACIOCINIO_LOGICO,54,.json
criar as aulas - AnaliseDadosAplicadaGestao.txt,sistema/GESTAO_E_CONTROLE_MATERIAIS/ANALISE_DADOS_APLICADA_GESTAO/criar as aulas - AnaliseDadosAplicadaGestao.txt,sistema/GESTAO_E_CONTROLE_MATERIAIS/ANALISE_DADOS_APLICADA_GESTAO,45,.txt
README.md,README.md,.,28,.md
